timestamp,pond,temp,ph,do,temp_score,ph_score,do_score,do_ops_thr,do_opt_thr,pond_score,do_excursion_flag,do_warning_flag,do_gap_ops,do_gap_opt,do_excursion_duration_steps,do_excursion_duration_minutes
2026-01-01 00:00:00,Catfish,28.7,7.16,4.65,3.0,3.0,3.0,2.0,3.0,3.0,0,0,2.6500000000000004,1.6500000000000004,0,0
2026-01-01 00:15:00,Catfish,28.67,7.12,4.57,3.0,3.0,3.0,2.0,3.0,3.0,0,0,2.5700000000000003,1.5700000000000003,0,0
2026-01-01 00:30:00,Catfish,28.58,6.98,4.53,3.0,2.0,3.0,2.0,3.0,2.6666666666666665,0,0,2.5300000000000002,1.5300000000000002,0,0
2026-01-01 00:45:00,Catfish,28.62,7.07,4.56,3.0,3.0,3.0,2.0,3.0,3.0,0,0,2.5599999999999996,1.5599999999999996,0,0
2026-01-01 01:00:00,Catfish,28.6,6.99,4.45,3.0,2.0,3.0,2.0,3.0,2.6666666666666665,0,0,2.45,1.4500000000000002,0,0
2026-01-01 01:15:00,Catfish,28.63,7.08,4.15,3.0,3.0,3.0,2.0,3.0,3.0,0,0,2.1500000000000004,1.1500000000000004,0,0
2026-01-01 01:30:00,Catfish,28.82,6.99,4.41,3.0,2.0,3.0,2.0,3.0,2.6666666666666665,0,0,2.41,1.4100000000000001,0,0
2026-01-01 01:45:00,Catfish,28.66,7.13,4.39,3.0,3.0,3.0,2.0,3.0,3.0,0,0,2.3899999999999997,1.3899999999999997,0,0
2026-01-01 02:00:00,Catfish,28.76,7.09,4.73,3.0,3.0,3.0,2.0,3.0,3.0,0,0,2.7300000000000004,1.7300000000000004,0,0
2026-01-01 02:15:00,Catfish,28.68,7.14,4.23,3.0,3.0,3.0,2.0,3.0,3.0,0,0,2.2300000000000004,1.2300000000000004,0,0
2026-01-01 02:30:00,Catfish,28.9,7.02,4.62,3.0,3.0,3.0,2.0,3.0,3.0,0,0,2.62,1.62,0,0
2026-01-01 02:45:00,Catfish,28.87,7.06,4.6,3.0,3.0,3.0,2.0,3.0,3.0,0,0,2.5999999999999996,1.5999999999999996,0,0
2026-01-01 03:00:00,Catfish,28.97,7.16,4.6,3.0,3.0,3.0,2.0,3.0,3.0,0,0,2.5999999999999996,1.5999999999999996,0,0
2026-01-01 03:15:00,Catfish,28.81,7.02,4.39,3.0,3.0,3.0,2.0,3.0,3.0,0,0,2.3899999999999997,1.3899999999999997,0,0
2026-01-01 03:30:00,Catfish,28.92,7.14,4.38,3.0,3.0,3.0,2.0,3.0,3.0,0,0,2.38,1.38,0,0
2026-01-01 03:45:00,Catfish,29.14,7.16,4.68,3.0,3.0,3.0,2.0,3.0,3.0,0,0,2.6799999999999997,1.6799999999999997,0,0
2026-01-01 04:00:00,Catfish,29.13,7.02,4.78,3.0,3.0,3.0,2.0,3.0,3.0,0,0,2.7800000000000002,1.7800000000000002,0,0
2026-01-01 04:15:00,Catfish,29.1,7.08,4.39,3.0,3.0,3.0,2.0,3.0,3.0,0,0,2.3899999999999997,1.3899999999999997,0,0
2026-01-01 04:30:00,Catfish,29.23,7.1,4.82,3.0,3.0,3.0,2.0,3.0,3.0,0,0,2.8200000000000003,1.8200000000000003,0,0
2026-01-01 04:45:00,Catfish,29.07,7.08,4.87,3.0,3.0,3.0,2.0,3.0,3.0,0,0,2.87,1.87,0,0
2026-01-01 05:00:00,Catfish,29.32,6.97,4.69,3.0,2.0,3.0,2.0,3.0,2.6666666666666665,0,0,2.6900000000000004,1.6900000000000004,0,0
2026-01-01 05:15:00,Catfish,29.22,7.04,4.8,3.0,3.0,3.0,2.0,3.0,3.0,0,0,2.8,1.7999999999999998,0,0
2026-01-01 05:30:00,Catfish,29.15,6.95,4.91,3.0,2.0,3.0,2.0,3.0,2.6666666666666665,0,0,2.91,1.9100000000000001,0,0
2026-01-01 05:45:00,Catfish,29.16,6.98,4.51,3.0,2.0,3.0,2.0,3.0,2.6666666666666665,0,0,2.51,1.5099999999999998,0,0
2026-01-01 06:00:00,Catfish,29.18,7.08,4.64,3.0,3.0,3.0,2.0,3.0,3.0,0,0,2.6399999999999997,1.6399999999999997,0,0
2026-01-01 06:15:00,Catfish,29.44,7.04,4.62,3.0,3.0,3.0,2.0,3.0,3.0,0,0,2.62,1.62,0,0
2026-01-01 06:30:00,Catfish,29.31,7.06,5.1,3.0,3.0,3.0,2.0,3.0,3.0,0,0,3.0999999999999996,2.0999999999999996,0,0
2026-01-01 06:45:00,Catfish,29.67,6.94,5.26,3.0,2.0,3.0,2.0,3.0,2.6666666666666665,0,0,3.26,2.26,0,0
2026-01-01 07:00:00,Catfish,29.43,6.99,4.77,3.0,2.0,3.0,2.0,3.0,2.6666666666666665,0,0,2.7699999999999996,1.7699999999999996,0,0
2026-01-01 07:15:00,Catfish,29.37,7.04,4.12,3.0,3.0,3.0,2.0,3.0,3.0,0,0,2.12,1.12,0,0
2026-01-01 07:30:00,Catfish,29.56,6.94,4.85,3.0,2.0,3.0,2.0,3.0,2.6666666666666665,0,0,2.8499999999999996,1.8499999999999996,0,0
2026-01-01 07:45:00,Catfish,29.54,7.16,4.61,3.0,3.0,3.0,2.0,3.0,3.0,0,0,2.6100000000000003,1.6100000000000003,0,0
2026-01-01 08:00:00,Catfish,29.45,7.04,5.05,3.0,3.0,3.0,2.0,3.0,3.0,0,0,3.05,2.05,0,0
2026-01-01 08:15:00,Catfish,29.54,7.05,5.1,3.0,3.0,3.0,2.0,3.0,3.0,0,0,3.0999999999999996,2.0999999999999996,0,0
2026-01-01 08:30:00,Catfish,29.43,7.1,4.51,3.0,3.0,3.0,2.0,3.0,3.0,0,0,2.51,1.5099999999999998,0,0
2026-01-01 08:45:00,Catfish,29.66,7.13,5.16,3.0,3.0,3.0,2.0,3.0,3.0,0,0,3.16,2.16,0,0
2026-01-01 09:00:00,Catfish,29.61,7.08,4.81,3.0,3.0,3.0,2.0,3.0,3.0,0,0,2.8099999999999996,1.8099999999999996,0,0
2026-01-01 09:15:00,Catfish,29.59,7.09,5.17,3.0,3.0,3.0,2.0,3.0,3.0,0,0,3.17,2.17,0,0
2026-01-01 09:30:00,Catfish,29.75,7.04,4.98,3.0,3.0,3.0,2.0,3.0,3.0,0,0,2.9800000000000004,1.9800000000000004,0,0
2026-01-01 09:45:00,Catfish,29.89,7.21,5.08,3.0,3.0,3.0,2.0,3.0,3.0,0,0,3.08,2.08,0,0
2026-01-01 10:00:00,Catfish,29.83,7.33,5.26,3.0,3.0,3.0,2.0,3.0,3.0,0,0,3.26,2.26,0,0
2026-01-01 10:15:00,Catfish,29.67,7.18,5.57,3.0,3.0,3.0,2.0,3.0,3.0,0,0,3.5700000000000003,2.5700000000000003,0,0
2026-01-01 10:30:00,Catfish,29.75,7.06,5.26,3.0,3.0,3.0,2.0,3.0,3.0,0,0,3.26,2.26,0,0
2026-01-01 10:45:00,Catfish,29.79,7.13,5.17,3.0,3.0,3.0,2.0,3.0,3.0,0,0,3.17,2.17,0,0
2026-01-01 11:00:00,Catfish,29.81,7.12,5.48,3.0,3.0,3.0,2.0,3.0,3.0,0,0,3.4800000000000004,2.4800000000000004,0,0
2026-01-01 11:15:00,Catfish,29.78,7.12,5.45,3.0,3.0,3.0,2.0,3.0,3.0,0,0,3.45,2.45,0,0
2026-01-01 11:30:00,Catfish,29.75,6.98,5.43,3.0,2.0,3.0,2.0,3.0,2.6666666666666665,0,0,3.4299999999999997,2.4299999999999997,0,0
2026-01-01 11:45:00,Catfish,29.93,7.07,5.21,3.0,3.0,3.0,2.0,3.0,3.0,0,0,3.21,2.21,0,0
2026-01-01 12:00:00,Catfish,29.78,7.22,5.46,3.0,3.0,3.0,2.0,3.0,3.0,0,0,3.46,2.46,0,0
2026-01-01 12:15:00,Catfish,29.75,7.15,5.49,3.0,3.0,3.0,2.0,3.0,3.0,0,0,3.49,2.49,0,0
2026-01-01 12:30:00,Catfish,29.58,7.21,5.36,3.0,3.0,3.0,2.0,3.0,3.0,0,0,3.3600000000000003,2.3600000000000003,0,0
2026-01-01 12:45:00,Catfish,29.65,7.16,5.15,3.0,3.0,3.0,2.0,3.0,3.0,0,0,3.1500000000000004,2.1500000000000004,0,0
2026-01-01 13:00:00,Catfish,29.58,6.96,5.25,3.0,2.0,3.0,2.0,3.0,2.6666666666666665,0,0,3.25,2.25,0,0
2026-01-01 13:15:00,Catfish,29.67,7.32,5.3,3.0,3.0,3.0,2.0,3.0,3.0,0,0,3.3,2.3,0,0
2026-01-01 13:30:00,Catfish,29.5,7.29,5.27,3.0,3.0,3.0,2.0,3.0,3.0,0,0,3.2699999999999996,2.2699999999999996,0,0
2026-01-01 13:45:00,Catfish,29.53,7.19,5.39,3.0,3.0,3.0,2.0,3.0,3.0,0,0,3.3899999999999997,2.3899999999999997,0,0
2026-01-01 14:00:00,Catfish,29.36,7.21,5.41,3.0,3.0,3.0,2.0,3.0,3.0,0,0,3.41,2.41,0,0
2026-01-01 14:15:00,Catfish,29.5,7.24,5.56,3.0,3.0,3.0,2.0,3.0,3.0,0,0,3.5599999999999996,2.5599999999999996,0,0
2026-01-01 14:30:00,Catfish,29.37,7.08,5.22,3.0,3.0,3.0,2.0,3.0,3.0,0,0,3.2199999999999998,2.2199999999999998,0,0
2026-01-01 14:45:00,Catfish,29.59,7.14,5.22,3.0,3.0,3.0,2.0,3.0,3.0,0,0,3.2199999999999998,2.2199999999999998,0,0
2026-01-01 15:00:00,Catfish,29.59,7.24,5.41,3.0,3.0,3.0,2.0,3.0,3.0,0,0,3.41,2.41,0,0
2026-01-01 15:15:00,Catfish,29.5,7.18,5.31,3.0,3.0,3.0,2.0,3.0,3.0,0,0,3.3099999999999996,2.3099999999999996,0,0
2026-01-01 15:30:00,Catfish,29.25,7.18,5.22,3.0,3.0,3.0,2.0,3.0,3.0,0,0,3.2199999999999998,2.2199999999999998,0,0
2026-01-01 15:45:00,Catfish,29.34,6.99,5.19,3.0,2.0,3.0,2.0,3.0,2.6666666666666665,0,0,3.1900000000000004,2.1900000000000004,0,0
2026-01-01 16:00:00,Catfish,29.31,7.15,4.84,3.0,3.0,3.0,2.0,3.0,3.0,0,0,2.84,1.8399999999999999,0,0
2026-01-01 16:15:00,Catfish,29.37,7.17,5.15,3.0,3.0,3.0,2.0,3.0,3.0,0,0,3.1500000000000004,2.1500000000000004,0,0
2026-01-01 16:30:00,Catfish,29.28,7.1,5.34,3.0,3.0,3.0,2.0,3.0,3.0,0,0,3.34,2.34,0,0
2026-01-01 16:45:00,Catfish,29.25,7.1,5.35,3.0,3.0,3.0,2.0,3.0,3.0,0,0,3.3499999999999996,2.3499999999999996,0,0
2026-01-01 17:00:00,Catfish,29.09,7.09,5.13,3.0,3.0,3.0,2.0,3.0,3.0,0,0,3.13,2.13,0,0
2026-01-01 17:15:00,Catfish,29.02,7.01,4.84,3.0,3.0,3.0,2.0,3.0,3.0,0,0,2.84,1.8399999999999999,0,0
2026-01-01 17:30:00,Catfish,29.16,7.08,5.16,3.0,3.0,3.0,2.0,3.0,3.0,0,0,3.16,2.16,0,0
2026-01-01 17:45:00,Catfish,28.94,7.1,5.29,3.0,3.0,3.0,2.0,3.0,3.0,0,0,3.29,2.29,0,0
2026-01-01 18:00:00,Catfish,28.87,7.13,4.83,3.0,3.0,3.0,2.0,3.0,3.0,0,0,2.83,1.83,0,0
2026-01-01 18:15:00,Catfish,28.92,7.34,5.02,3.0,3.0,3.0,2.0,3.0,3.0,0,0,3.0199999999999996,2.0199999999999996,0,0
2026-01-01 18:30:00,Catfish,28.91,7.26,5.01,3.0,3.0,3.0,2.0,3.0,3.0,0,0,3.01,2.01,0,0
2026-01-01 18:45:00,Catfish,28.79,7.2,5.01,3.0,3.0,3.0,2.0,3.0,3.0,0,0,3.01,2.01,0,0
2026-01-01 19:00:00,Catfish,28.87,7.1,4.78,3.0,3.0,3.0,2.0,3.0,3.0,0,0,2.7800000000000002,1.7800000000000002,0,0
2026-01-01 19:15:00,Catfish,29.16,7.14,4.82,3.0,3.0,3.0,2.0,3.0,3.0,0,0,2.8200000000000003,1.8200000000000003,0,0
2026-01-01 19:30:00,Catfish,28.91,7.25,5.14,3.0,3.0,3.0,2.0,3.0,3.0,0,0,3.1399999999999997,2.1399999999999997,0,0
2026-01-01 19:45:00,Catfish,28.68,7.17,4.68,3.0,3.0,3.0,2.0,3.0,3.0,0,0,2.6799999999999997,1.6799999999999997,0,0
2026-01-01 20:00:00,Catfish,28.96,7.18,4.44,3.0,3.0,3.0,2.0,3.0,3.0,0,0,2.4400000000000004,1.4400000000000004,0,0
2026-01-01 20:15:00,Catfish,28.75,7.12,5.04,3.0,3.0,3.0,2.0,3.0,3.0,0,0,3.04,2.04,0,0
2026-01-01 20:30:00,Catfish,28.71,7.03,4.57,3.0,3.0,3.0,2.0,3.0,3.0,0,0,2.5700000000000003,1.5700000000000003,0,0
2026-01-01 20:45:00,Catfish,28.69,7.18,4.78,3.0,3.0,3.0,2.0,3.0,3.0,0,0,2.7800000000000002,1.7800000000000002,0,0
2026-01-01 21:00:00,Catfish,28.66,7.07,5.02,3.0,3.0,3.0,2.0,3.0,3.0,0,0,3.0199999999999996,2.0199999999999996,0,0
2026-01-01 21:15:00,Catfish,28.63,7.15,4.62,3.0,3.0,3.0,2.0,3.0,3.0,0,0,2.62,1.62,0,0
2026-01-01 21:30:00,Catfish,28.58,7.08,4.54,3.0,3.0,3.0,2.0,3.0,3.0,0,0,2.54,1.54,0,0
2026-01-01 21:45:00,Catfish,28.49,7.23,4.77,3.0,3.0,3.0,2.0,3.0,3.0,0,0,2.7699999999999996,1.7699999999999996,0,0
2026-01-01 22:00:00,Catfish,28.49,7.2,4.74,3.0,3.0,3.0,2.0,3.0,3.0,0,0,2.74,1.7400000000000002,0,0
2026-01-01 22:15:00,Catfish,28.48,7.02,4.89,3.0,3.0,3.0,2.0,3.0,3.0,0,0,2.8899999999999997,1.8899999999999997,0,0
2026-01-01 22:30:00,Catfish,28.73,7.14,4.62,3.0,3.0,3.0,2.0,3.0,3.0,0,0,2.62,1.62,0,0
2026-01-01 22:45:00,Catfish,28.53,7.04,4.53,3.0,3.0,3.0,2.0,3.0,3.0,0,0,2.5300000000000002,1.5300000000000002,0,0
2026-01-01 23:00:00,Catfish,28.55,7.07,4.48,3.0,3.0,3.0,2.0,3.0,3.0,0,0,2.4800000000000004,1.4800000000000004,0,0
2026-01-01 23:15:00,Catfish,28.59,7.09,4.28,3.0,3.0,3.0,2.0,3.0,3.0,0,0,2.2800000000000002,1.2800000000000002,0,0
2026-01-01 23:30:00,Catfish,28.49,6.92,4.34,3.0,2.0,3.0,2.0,3.0,2.6666666666666665,0,0,2.34,1.3399999999999999,0,0
2026-01-01 23:45:00,Catfish,28.52,7.07,4.51,3.0,3.0,3.0,2.0,3.0,3.0,0,0,2.51,1.5099999999999998,0,0
2026-01-02 00:00:00,Catfish,28.49,7.04,4.3,3.0,3.0,3.0,2.0,3.0,3.0,0,0,2.3,1.2999999999999998,0,0
2026-01-02 00:15:00,Catfish,28.51,7.1,4.77,3.0,3.0,3.0,2.0,3.0,3.0,0,0,2.7699999999999996,1.7699999999999996,0,0
2026-01-02 00:30:00,Catfish,28.55,7.02,4.28,3.0,3.0,3.0,2.0,3.0,3.0,0,0,2.2800000000000002,1.2800000000000002,0,0
2026-01-02 00:45:00,Catfish,28.65,7.05,3.93,3.0,3.0,3.0,2.0,3.0,3.0,0,0,1.9300000000000002,0.9300000000000002,0,0
2026-01-02 01:00:00,Catfish,28.79,7.05,4.53,3.0,3.0,3.0,2.0,3.0,3.0,0,0,2.5300000000000002,1.5300000000000002,0,0
2026-01-02 01:15:00,Catfish,28.76,7.11,4.4,3.0,3.0,3.0,2.0,3.0,3.0,0,0,2.4000000000000004,1.4000000000000004,0,0
2026-01-02 01:30:00,Catfish,28.61,6.99,4.29,3.0,2.0,3.0,2.0,3.0,2.6666666666666665,0,0,2.29,1.29,0,0
2026-01-02 01:45:00,Catfish,28.76,7.12,4.71,3.0,3.0,3.0,2.0,3.0,3.0,0,0,2.71,1.71,0,0
2026-01-02 02:00:00,Catfish,28.63,6.96,4.28,3.0,2.0,3.0,2.0,3.0,2.6666666666666665,0,0,2.2800000000000002,1.2800000000000002,0,0
2026-01-02 02:15:00,Catfish,28.73,6.94,4.62,3.0,2.0,3.0,2.0,3.0,2.6666666666666665,0,0,2.62,1.62,0,0
2026-01-02 02:30:00,Catfish,29.0,7.03,4.76,3.0,3.0,3.0,2.0,3.0,3.0,0,0,2.76,1.7599999999999998,0,0
2026-01-02 02:45:00,Catfish,28.81,7.01,4.23,3.0,3.0,3.0,2.0,3.0,3.0,0,0,2.2300000000000004,1.2300000000000004,0,0
2026-01-02 03:00:00,Catfish,28.91,7.14,4.42,3.0,3.0,3.0,2.0,3.0,3.0,0,0,2.42,1.42,0,0
2026-01-02 03:15:00,Catfish,28.92,7.08,4.5,3.0,3.0,3.0,2.0,3.0,3.0,0,0,2.5,1.5,0,0
2026-01-02 03:30:00,Catfish,28.94,7.1,4.43,3.0,3.0,3.0,2.0,3.0,3.0,0,0,2.4299999999999997,1.4299999999999997,0,0
2026-01-02 03:45:00,Catfish,28.92,7.07,4.57,3.0,3.0,3.0,2.0,3.0,3.0,0,0,2.5700000000000003,1.5700000000000003,0,0
2026-01-02 04:00:00,Catfish,29.0,7.13,4.82,3.0,3.0,3.0,2.0,3.0,3.0,0,0,2.8200000000000003,1.8200000000000003,0,0
2026-01-02 04:15:00,Catfish,29.21,7.04,4.39,3.0,3.0,3.0,2.0,3.0,3.0,0,0,2.3899999999999997,1.3899999999999997,0,0
2026-01-02 04:30:00,Catfish,29.04,7.13,4.87,3.0,3.0,3.0,2.0,3.0,3.0,0,0,2.87,1.87,0,0
2026-01-02 04:45:00,Catfish,29.06,7.12,4.91,3.0,3.0,3.0,2.0,3.0,3.0,0,0,2.91,1.9100000000000001,0,0
2026-01-02 05:00:00,Catfish,29.39,7.2,4.69,3.0,3.0,3.0,2.0,3.0,3.0,0,0,2.6900000000000004,1.6900000000000004,0,0
2026-01-02 05:15:00,Catfish,29.0,7.19,4.86,3.0,3.0,3.0,2.0,3.0,3.0,0,0,2.8600000000000003,1.8600000000000003,0,0
2026-01-02 05:30:00,Catfish,29.05,7.16,4.37,3.0,3.0,3.0,2.0,3.0,3.0,0,0,2.37,1.37,0,0
2026-01-02 05:45:00,Catfish,29.27,7.12,4.83,3.0,3.0,3.0,2.0,3.0,3.0,0,0,2.83,1.83,0,0
2026-01-02 06:00:00,Catfish,29.21,6.98,4.73,3.0,2.0,3.0,2.0,3.0,2.6666666666666665,0,0,2.7300000000000004,1.7300000000000004,0,0
2026-01-02 06:15:00,Catfish,29.4,7.0,4.94,3.0,3.0,3.0,2.0,3.0,3.0,0,0,2.9400000000000004,1.9400000000000004,0,0
2026-01-02 06:30:00,Catfish,29.48,7.15,4.82,3.0,3.0,3.0,2.0,3.0,3.0,0,0,2.8200000000000003,1.8200000000000003,0,0
2026-01-02 06:45:00,Catfish,29.21,7.04,5.09,3.0,3.0,3.0,2.0,3.0,3.0,0,0,3.09,2.09,0,0
2026-01-02 07:00:00,Catfish,29.36,7.09,4.6,3.0,3.0,3.0,2.0,3.0,3.0,0,0,2.5999999999999996,1.5999999999999996,0,0
2026-01-02 07:15:00,Catfish,29.54,7.04,4.85,3.0,3.0,3.0,2.0,3.0,3.0,0,0,2.8499999999999996,1.8499999999999996,0,0
2026-01-02 07:30:00,Catfish,29.76,7.09,4.91,3.0,3.0,3.0,2.0,3.0,3.0,0,0,2.91,1.9100000000000001,0,0
2026-01-02 07:45:00,Catfish,29.55,7.15,5.11,3.0,3.0,3.0,2.0,3.0,3.0,0,0,3.1100000000000003,2.1100000000000003,0,0
2026-01-02 08:00:00,Catfish,29.6,7.14,5.09,3.0,3.0,3.0,2.0,3.0,3.0,0,0,3.09,2.09,0,0
2026-01-02 08:15:00,Catfish,29.5,7.07,5.13,3.0,3.0,3.0,2.0,3.0,3.0,0,0,3.13,2.13,0,0
2026-01-02 08:30:00,Catfish,29.61,7.18,5.26,3.0,3.0,3.0,2.0,3.0,3.0,0,0,3.26,2.26,0,0
2026-01-02 08:45:00,Catfish,29.7,7.23,4.91,3.0,3.0,3.0,2.0,3.0,3.0,0,0,2.91,1.9100000000000001,0,0
2026-01-02 09:00:00,Catfish,29.74,7.15,5.15,3.0,3.0,3.0,2.0,3.0,3.0,0,0,3.1500000000000004,2.1500000000000004,0,0
2026-01-02 09:15:00,Catfish,29.73,7.1,5.16,3.0,3.0,3.0,2.0,3.0,3.0,0,0,3.16,2.16,0,0
2026-01-02 09:30:00,Catfish,29.69,7.14,4.81,3.0,3.0,3.0,2.0,3.0,3.0,0,0,2.8099999999999996,1.8099999999999996,0,0
2026-01-02 09:45:00,Catfish,29.62,6.94,5.32,3.0,2.0,3.0,2.0,3.0,2.6666666666666665,0,0,3.3200000000000003,2.3200000000000003,0,0
2026-01-02 10:00:00,Catfish,29.82,7.12,5.36,3.0,3.0,3.0,2.0,3.0,3.0,0,0,3.3600000000000003,2.3600000000000003,0,0
2026-01-02 10:15:00,Catfish,29.72,7.21,5.37,3.0,3.0,3.0,2.0,3.0,3.0,0,0,3.37,2.37,0,0
2026-01-02 10:30:00,Catfish,29.69,7.16,5.14,3.0,3.0,3.0,2.0,3.0,3.0,0,0,3.1399999999999997,2.1399999999999997,0,0
2026-01-02 10:45:00,Catfish,29.75,7.19,5.3,3.0,3.0,3.0,2.0,3.0,3.0,0,0,3.3,2.3,0,0
2026-01-02 11:00:00,Catfish,29.82,7.2,5.46,3.0,3.0,3.0,2.0,3.0,3.0,0,0,3.46,2.46,0,0
2026-01-02 11:15:00,Catfish,29.63,7.2,4.99,3.0,3.0,3.0,2.0,3.0,3.0,0,0,2.99,1.9900000000000002,0,0
2026-01-02 11:30:00,Catfish,29.73,6.99,5.38,3.0,2.0,3.0,2.0,3.0,2.6666666666666665,0,0,3.38,2.38,0,0
2026-01-02 11:45:00,Catfish,29.81,7.22,5.2,3.0,3.0,3.0,2.0,3.0,3.0,0,0,3.2,2.2,0,0
2026-01-02 12:00:00,Catfish,29.69,7.23,5.4,3.0,3.0,3.0,2.0,3.0,3.0,0,0,3.4000000000000004,2.4000000000000004,0,0
2026-01-02 12:15:00,Catfish,29.51,7.3,5.62,3.0,3.0,3.0,2.0,3.0,3.0,0,0,3.62,2.62,0,0
2026-01-02 12:30:00,Catfish,29.65,7.27,5.56,3.0,3.0,3.0,2.0,3.0,3.0,0,0,3.5599999999999996,2.5599999999999996,0,0
2026-01-02 12:45:00,Catfish,29.76,7.22,5.36,3.0,3.0,3.0,2.0,3.0,3.0,0,0,3.3600000000000003,2.3600000000000003,0,0
2026-01-02 13:00:00,Catfish,29.73,7.18,5.38,3.0,3.0,3.0,2.0,3.0,3.0,0,0,3.38,2.38,0,0
2026-01-02 13:15:00,Catfish,29.7,7.21,5.45,3.0,3.0,3.0,2.0,3.0,3.0,0,0,3.45,2.45,0,0
2026-01-02 13:30:00,Catfish,29.7,6.93,5.3,3.0,2.0,3.0,2.0,3.0,2.6666666666666665,0,0,3.3,2.3,0,0
2026-01-02 13:45:00,Catfish,29.52,7.14,5.4,3.0,3.0,3.0,2.0,3.0,3.0,0,0,3.4000000000000004,2.4000000000000004,0,0
2026-01-02 14:00:00,Catfish,29.53,7.0,5.72,3.0,3.0,3.0,2.0,3.0,3.0,0,0,3.7199999999999998,2.7199999999999998,0,0
2026-01-02 14:15:00,Catfish,29.56,7.22,5.36,3.0,3.0,3.0,2.0,3.0,3.0,0,0,3.3600000000000003,2.3600000000000003,0,0
2026-01-02 14:30:00,Catfish,29.57,7.18,5.02,3.0,3.0,3.0,2.0,3.0,3.0,0,0,3.0199999999999996,2.0199999999999996,0,0
2026-01-02 14:45:00,Catfish,29.36,7.32,5.01,3.0,3.0,3.0,2.0,3.0,3.0,0,0,3.01,2.01,0,0
2026-01-02 15:00:00,Catfish,29.5,7.29,5.26,3.0,3.0,3.0,2.0,3.0,3.0,0,0,3.26,2.26,0,0
2026-01-02 15:15:00,Catfish,29.46,7.26,4.95,3.0,3.0,3.0,2.0,3.0,3.0,0,0,2.95,1.9500000000000002,0,0
2026-01-02 15:30:00,Catfish,29.41,7.29,4.85,3.0,3.0,3.0,2.0,3.0,3.0,0,0,2.8499999999999996,1.8499999999999996,0,0
2026-01-02 15:45:00,Catfish,29.37,7.1,5.53,3.0,3.0,3.0,2.0,3.0,3.0,0,0,3.5300000000000002,2.5300000000000002,0,0
2026-01-02 16:00:00,Catfish,29.41,7.2,5.33,3.0,3.0,3.0,2.0,3.0,3.0,0,0,3.33,2.33,0,0
2026-01-02 16:15:00,Catfish,29.1,7.16,5.17,3.0,3.0,3.0,2.0,3.0,3.0,0,0,3.17,2.17,0,0
2026-01-02 16:30:00,Catfish,29.29,7.17,5.3,3.0,3.0,3.0,2.0,3.0,3.0,0,0,3.3,2.3,0,0
2026-01-02 16:45:00,Catfish,29.06,6.97,5.09,3.0,2.0,3.0,2.0,3.0,2.6666666666666665,0,0,3.09,2.09,0,0
2026-01-02 17:00:00,Catfish,29.23,7.11,5.14,3.0,3.0,3.0,2.0,3.0,3.0,0,0,3.1399999999999997,2.1399999999999997,0,0
2026-01-02 17:15:00,Catfish,29.2,7.12,4.88,3.0,3.0,3.0,2.0,3.0,3.0,0,0,2.88,1.88,0,0
2026-01-02 17:30:00,Catfish,28.88,7.13,4.99,3.0,3.0,3.0,2.0,3.0,3.0,0,0,2.99,1.9900000000000002,0,0
2026-01-02 17:45:00,Catfish,28.91,7.01,5.07,3.0,3.0,3.0,2.0,3.0,3.0,0,0,3.0700000000000003,2.0700000000000003,0,0
2026-01-02 18:00:00,Catfish,28.9,7.12,4.79,3.0,3.0,3.0,2.0,3.0,3.0,0,0,2.79,1.79,0,0
2026-01-02 18:15:00,Catfish,29.01,7.1,5.29,3.0,3.0,3.0,2.0,3.0,3.0,0,0,3.29,2.29,0,0
2026-01-02 18:30:00,Catfish,29.04,7.13,4.92,3.0,3.0,3.0,2.0,3.0,3.0,0,0,2.92,1.92,0,0
2026-01-02 18:45:00,Catfish,28.85,7.04,5.26,3.0,3.0,3.0,2.0,3.0,3.0,0,0,3.26,2.26,0,0
2026-01-02 19:00:00,Catfish,28.8,7.05,4.76,3.0,3.0,3.0,2.0,3.0,3.0,0,0,2.76,1.7599999999999998,0,0
2026-01-02 19:15:00,Catfish,28.75,7.17,4.53,3.0,3.0,3.0,2.0,3.0,3.0,0,0,2.5300000000000002,1.5300000000000002,0,0
2026-01-02 19:30:00,Catfish,28.69,7.1,4.54,3.0,3.0,3.0,2.0,3.0,3.0,0,0,2.54,1.54,0,0
2026-01-02 19:45:00,Catfish,28.68,7.06,4.58,3.0,3.0,3.0,2.0,3.0,3.0,0,0,2.58,1.58,0,0
2026-01-02 20:00:00,Catfish,28.57,7.11,4.35,3.0,3.0,3.0,2.0,3.0,3.0,0,0,2.3499999999999996,1.3499999999999996,0,0
2026-01-02 20:15:00,Catfish,28.57,7.06,4.4,3.0,3.0,3.0,2.0,3.0,3.0,0,0,2.4000000000000004,1.4000000000000004,0,0
2026-01-02 20:30:00,Catfish,28.63,7.25,4.64,3.0,3.0,3.0,2.0,3.0,3.0,0,0,2.6399999999999997,1.6399999999999997,0,0
2026-01-02 20:45:00,Catfish,28.7,7.04,4.97,3.0,3.0,3.0,2.0,3.0,3.0,0,0,2.9699999999999998,1.9699999999999998,0,0
2026-01-02 21:00:00,Catfish,28.64,7.03,4.36,3.0,3.0,3.0,2.0,3.0,3.0,0,0,2.3600000000000003,1.3600000000000003,0,0
2026-01-02 21:15:00,Catfish,28.67,7.12,5.06,3.0,3.0,3.0,2.0,3.0,3.0,0,0,3.0599999999999996,2.0599999999999996,0,0
2026-01-02 21:30:00,Catfish,28.61,7.1,4.62,3.0,3.0,3.0,2.0,3.0,3.0,0,0,2.62,1.62,0,0
2026-01-02 21:45:00,Catfish,28.55,7.04,4.28,3.0,3.0,3.0,2.0,3.0,3.0,0,0,2.2800000000000002,1.2800000000000002,0,0
2026-01-02 22:00:00,Catfish,28.45,7.03,4.2,3.0,3.0,3.0,2.0,3.0,3.0,0,0,2.2,1.2000000000000002,0,0
2026-01-02 22:15:00,Catfish,28.65,7.08,4.21,3.0,3.0,3.0,2.0,3.0,3.0,0,0,2.21,1.21,0,0
2026-01-02 22:30:00,Catfish,28.68,7.06,4.62,3.0,3.0,3.0,2.0,3.0,3.0,0,0,2.62,1.62,0,0
2026-01-02 22:45:00,Catfish,28.52,7.05,4.85,3.0,3.0,3.0,2.0,3.0,3.0,0,0,2.8499999999999996,1.8499999999999996,0,0
2026-01-02 23:00:00,Catfish,28.42,6.89,4.45,3.0,2.0,3.0,2.0,3.0,2.6666666666666665,0,0,2.45,1.4500000000000002,0,0
2026-01-02 23:15:00,Catfish,28.56,7.19,4.27,3.0,3.0,3.0,2.0,3.0,3.0,0,0,2.2699999999999996,1.2699999999999996,0,0
2026-01-02 23:30:00,Catfish,28.56,7.02,4.87,3.0,3.0,3.0,2.0,3.0,3.0,0,0,2.87,1.87,0,0
2026-01-02 23:45:00,Catfish,28.63,7.15,4.2,3.0,3.0,3.0,2.0,3.0,3.0,0,0,2.2,1.2000000000000002,0,0
2026-01-03 00:00:00,Catfish,28.5,7.1,4.49,3.0,3.0,3.0,2.0,3.0,3.0,0,0,2.49,1.4900000000000002,0,0
2026-01-03 00:15:00,Catfish,28.69,6.94,4.46,3.0,2.0,3.0,2.0,3.0,2.6666666666666665,0,0,2.46,1.46,0,0
2026-01-03 00:30:00,Catfish,28.65,7.17,4.16,3.0,3.0,3.0,2.0,3.0,3.0,0,0,2.16,1.1600000000000001,0,0
2026-01-03 00:45:00,Catfish,28.85,7.07,4.65,3.0,3.0,3.0,2.0,3.0,3.0,0,0,2.6500000000000004,1.6500000000000004,0,0
2026-01-03 01:00:00,Catfish,28.59,7.05,4.72,3.0,3.0,3.0,2.0,3.0,3.0,0,0,2.7199999999999998,1.7199999999999998,0,0
2026-01-03 01:15:00,Catfish,28.67,6.91,4.48,3.0,2.0,3.0,2.0,3.0,2.6666666666666665,0,0,2.4800000000000004,1.4800000000000004,0,0
2026-01-03 01:30:00,Catfish,28.79,6.81,4.35,3.0,2.0,3.0,2.0,3.0,2.6666666666666665,0,0,2.3499999999999996,1.3499999999999996,0,0
2026-01-03 01:45:00,Catfish,28.61,7.08,4.57,3.0,3.0,3.0,2.0,3.0,3.0,0,0,2.5700000000000003,1.5700000000000003,0,0
2026-01-03 02:00:00,Catfish,28.82,7.11,4.06,3.0,3.0,3.0,2.0,3.0,3.0,0,0,2.0599999999999996,1.0599999999999996,0,0
2026-01-03 02:15:00,Catfish,28.9,7.01,4.51,3.0,3.0,3.0,2.0,3.0,3.0,0,0,2.51,1.5099999999999998,0,0
2026-01-03 02:30:00,Catfish,28.85,7.11,4.32,3.0,3.0,3.0,2.0,3.0,3.0,0,0,2.3200000000000003,1.3200000000000003,0,0
2026-01-03 02:45:00,Catfish,28.82,7.13,4.5,3.0,3.0,3.0,2.0,3.0,3.0,0,0,2.5,1.5,0,0
2026-01-03 03:00:00,Catfish,28.99,7.01,4.39,3.0,3.0,3.0,2.0,3.0,3.0,0,0,2.3899999999999997,1.3899999999999997,0,0
2026-01-03 03:15:00,Catfish,28.74,7.08,4.47,3.0,3.0,3.0,2.0,3.0,3.0,0,0,2.4699999999999998,1.4699999999999998,0,0
2026-01-03 03:30:00,Catfish,28.72,7.07,4.7,3.0,3.0,3.0,2.0,3.0,3.0,0,0,2.7,1.7000000000000002,0,0
2026-01-03 03:45:00,Catfish,28.87,7.0,4.51,3.0,3.0,3.0,2.0,3.0,3.0,0,0,2.51,1.5099999999999998,0,0
2026-01-03 04:00:00,Catfish,28.96,7.06,4.61,3.0,3.0,3.0,2.0,3.0,3.0,0,0,2.6100000000000003,1.6100000000000003,0,0
2026-01-03 04:15:00,Catfish,29.03,6.86,4.81,3.0,2.0,3.0,2.0,3.0,2.6666666666666665,0,0,2.8099999999999996,1.8099999999999996,0,0
2026-01-03 04:30:00,Catfish,29.03,7.2,4.42,3.0,3.0,3.0,2.0,3.0,3.0,0,0,2.42,1.42,0,0
2026-01-03 04:45:00,Catfish,29.29,7.04,4.27,3.0,3.0,3.0,2.0,3.0,3.0,0,0,2.2699999999999996,1.2699999999999996,0,0
2026-01-03 05:00:00,Catfish,29.25,6.94,4.47,3.0,2.0,3.0,2.0,3.0,2.6666666666666665,0,0,2.4699999999999998,1.4699999999999998,0,0
2026-01-03 05:15:00,Catfish,29.1,6.93,4.46,3.0,2.0,3.0,2.0,3.0,2.6666666666666665,0,0,2.46,1.46,0,0
2026-01-03 05:30:00,Catfish,29.15,7.31,4.9,3.0,3.0,3.0,2.0,3.0,3.0,0,0,2.9000000000000004,1.9000000000000004,0,0
2026-01-03 05:45:00,Catfish,29.3,7.12,5.19,3.0,3.0,3.0,2.0,3.0,3.0,0,0,3.1900000000000004,2.1900000000000004,0,0
2026-01-03 06:00:00,Catfish,29.4,7.05,4.58,3.0,3.0,3.0,2.0,3.0,3.0,0,0,2.58,1.58,0,0
2026-01-03 06:15:00,Catfish,29.43,7.07,4.31,3.0,3.0,3.0,2.0,3.0,3.0,0,0,2.3099999999999996,1.3099999999999996,0,0
2026-01-03 06:30:00,Catfish,29.46,6.98,4.58,3.0,2.0,3.0,2.0,3.0,2.6666666666666665,0,0,2.58,1.58,0,0
2026-01-03 06:45:00,Catfish,29.35,7.23,5.29,3.0,3.0,3.0,2.0,3.0,3.0,0,0,3.29,2.29,0,0
2026-01-03 07:00:00,Catfish,29.4,7.18,4.62,3.0,3.0,3.0,2.0,3.0,3.0,0,0,2.62,1.62,0,0
2026-01-03 07:15:00,Catfish,29.55,7.17,4.7,3.0,3.0,3.0,2.0,3.0,3.0,0,0,2.7,1.7000000000000002,0,0
2026-01-03 07:30:00,Catfish,29.4,6.94,4.49,3.0,2.0,3.0,2.0,3.0,2.6666666666666665,0,0,2.49,1.4900000000000002,0,0
2026-01-03 07:45:00,Catfish,29.47,7.04,4.63,3.0,3.0,3.0,2.0,3.0,3.0,0,0,2.63,1.63,0,0
2026-01-03 08:00:00,Catfish,29.25,7.08,4.41,3.0,3.0,3.0,2.0,3.0,3.0,0,0,2.41,1.4100000000000001,0,0
2026-01-03 08:15:00,Catfish,29.5,7.07,4.67,3.0,3.0,3.0,2.0,3.0,3.0,0,0,2.67,1.67,0,0
2026-01-03 08:30:00,Catfish,29.52,7.0,4.79,3.0,3.0,3.0,2.0,3.0,3.0,0,0,2.79,1.79,0,0
2026-01-03 08:45:00,Catfish,29.42,6.94,4.38,3.0,2.0,3.0,2.0,3.0,2.6666666666666665,0,0,2.38,1.38,0,0
2026-01-03 09:00:00,Catfish,29.55,7.07,4.88,3.0,3.0,3.0,2.0,3.0,3.0,0,0,2.88,1.88,0,0
2026-01-03 09:15:00,Catfish,29.55,7.02,5.05,3.0,3.0,3.0,2.0,3.0,3.0,0,0,3.05,2.05,0,0
2026-01-03 09:30:00,Catfish,29.46,7.02,4.85,3.0,3.0,3.0,2.0,3.0,3.0,0,0,2.8499999999999996,1.8499999999999996,0,0
2026-01-03 09:45:00,Catfish,29.59,7.09,4.73,3.0,3.0,3.0,2.0,3.0,3.0,0,0,2.7300000000000004,1.7300000000000004,0,0
2026-01-03 10:00:00,Catfish,29.62,7.22,4.39,3.0,3.0,3.0,2.0,3.0,3.0,0,0,2.3899999999999997,1.3899999999999997,0,0
2026-01-03 10:15:00,Catfish,29.53,7.18,4.52,3.0,3.0,3.0,2.0,3.0,3.0,0,0,2.5199999999999996,1.5199999999999996,0,0
2026-01-03 10:30:00,Catfish,29.55,7.06,4.88,3.0,3.0,3.0,2.0,3.0,3.0,0,0,2.88,1.88,0,0
2026-01-03 10:45:00,Catfish,29.72,7.2,4.82,3.0,3.0,3.0,2.0,3.0,3.0,0,0,2.8200000000000003,1.8200000000000003,0,0
2026-01-03 11:00:00,Catfish,29.62,7.06,5.05,3.0,3.0,3.0,2.0,3.0,3.0,0,0,3.05,2.05,0,0
2026-01-03 11:15:00,Catfish,29.56,7.2,4.7,3.0,3.0,3.0,2.0,3.0,3.0,0,0,2.7,1.7000000000000002,0,0
2026-01-03 11:30:00,Catfish,29.59,7.22,5.04,3.0,3.0,3.0,2.0,3.0,3.0,0,0,3.04,2.04,0,0
2026-01-03 11:45:00,Catfish,29.55,6.98,4.47,3.0,2.0,3.0,2.0,3.0,2.6666666666666665,0,0,2.4699999999999998,1.4699999999999998,0,0
2026-01-03 12:00:00,Catfish,29.65,7.25,5.01,3.0,3.0,3.0,2.0,3.0,3.0,0,0,3.01,2.01,0,0
2026-01-03 12:15:00,Catfish,29.59,6.93,5.09,3.0,2.0,3.0,2.0,3.0,2.6666666666666665,0,0,3.09,2.09,0,0
2026-01-03 12:30:00,Catfish,29.42,7.25,4.61,3.0,3.0,3.0,2.0,3.0,3.0,0,0,2.6100000000000003,1.6100000000000003,0,0
2026-01-03 12:45:00,Catfish,29.65,7.17,4.63,3.0,3.0,3.0,2.0,3.0,3.0,0,0,2.63,1.63,0,0
2026-01-03 13:00:00,Catfish,29.42,7.11,4.81,3.0,3.0,3.0,2.0,3.0,3.0,0,0,2.8099999999999996,1.8099999999999996,0,0
2026-01-03 13:15:00,Catfish,29.66,7.11,5.0,3.0,3.0,3.0,2.0,3.0,3.0,0,0,3.0,2.0,0,0
2026-01-03 13:30:00,Catfish,29.39,7.02,4.78,3.0,3.0,3.0,2.0,3.0,3.0,0,0,2.7800000000000002,1.7800000000000002,0,0
2026-01-03 13:45:00,Catfish,29.3,7.17,5.09,3.0,3.0,3.0,2.0,3.0,3.0,0,0,3.09,2.09,0,0
2026-01-03 14:00:00,Catfish,29.5,7.24,5.07,3.0,3.0,3.0,2.0,3.0,3.0,0,0,3.0700000000000003,2.0700000000000003,0,0
2026-01-03 14:15:00,Catfish,29.34,7.18,5.22,3.0,3.0,3.0,2.0,3.0,3.0,0,0,3.2199999999999998,2.2199999999999998,0,0
2026-01-03 14:30:00,Catfish,29.24,7.15,5.11,3.0,3.0,3.0,2.0,3.0,3.0,0,0,3.1100000000000003,2.1100000000000003,0,0
2026-01-03 14:45:00,Catfish,29.42,7.0,4.69,3.0,3.0,3.0,2.0,3.0,3.0,0,0,2.6900000000000004,1.6900000000000004,0,0
2026-01-03 15:00:00,Catfish,29.41,7.14,5.04,3.0,3.0,3.0,2.0,3.0,3.0,0,0,3.04,2.04,0,0
2026-01-03 15:15:00,Catfish,29.25,7.13,4.93,3.0,3.0,3.0,2.0,3.0,3.0,0,0,2.9299999999999997,1.9299999999999997,0,0
2026-01-03 15:30:00,Catfish,29.4,7.28,5.2,3.0,3.0,3.0,2.0,3.0,3.0,0,0,3.2,2.2,0,0
2026-01-03 15:45:00,Catfish,29.22,7.1,4.68,3.0,3.0,3.0,2.0,3.0,3.0,0,0,2.6799999999999997,1.6799999999999997,0,0
2026-01-03 16:00:00,Catfish,29.06,7.05,4.64,3.0,3.0,3.0,2.0,3.0,3.0,0,0,2.6399999999999997,1.6399999999999997,0,0
2026-01-03 16:15:00,Catfish,29.03,7.17,3.38,3.0,3.0,3.0,2.0,3.0,3.0,0,0,1.38,0.3799999999999999,0,0
2026-01-03 16:30:00,Catfish,29.1,7.13,3.66,3.0,3.0,3.0,2.0,3.0,3.0,0,0,1.6600000000000001,0.6600000000000001,0,0
2026-01-03 16:45:00,Catfish,28.89,7.03,3.41,3.0,3.0,3.0,2.0,3.0,3.0,0,0,1.4100000000000001,0.41000000000000014,0,0
2026-01-03 17:00:00,Catfish,28.79,7.12,3.97,3.0,3.0,3.0,2.0,3.0,3.0,0,0,1.9700000000000002,0.9700000000000002,0,0
2026-01-03 17:15:00,Catfish,29.09,7.12,3.73,3.0,3.0,3.0,2.0,3.0,3.0,0,0,1.73,0.73,0,0
2026-01-03 17:30:00,Catfish,28.95,7.11,3.74,3.0,3.0,3.0,2.0,3.0,3.0,0,0,1.7400000000000002,0.7400000000000002,0,0
2026-01-03 17:45:00,Catfish,28.89,7.13,3.65,3.0,3.0,3.0,2.0,3.0,3.0,0,0,1.65,0.6499999999999999,0,0
2026-01-03 18:00:00,Catfish,28.75,7.05,3.48,3.0,3.0,3.0,2.0,3.0,3.0,0,0,1.48,0.48,0,0
2026-01-03 18:15:00,Catfish,28.97,7.14,3.61,3.0,3.0,3.0,2.0,3.0,3.0,0,0,1.6099999999999999,0.6099999999999999,0,0
2026-01-03 18:30:00,Catfish,28.68,7.06,3.41,3.0,3.0,3.0,2.0,3.0,3.0,0,0,1.4100000000000001,0.41000000000000014,0,0
2026-01-03 18:45:00,Catfish,28.61,7.07,3.65,3.0,3.0,3.0,2.0,3.0,3.0,0,0,1.65,0.6499999999999999,0,0
2026-01-03 19:00:00,Catfish,28.9,7.07,3.55,3.0,3.0,3.0,2.0,3.0,3.0,0,0,1.5499999999999998,0.5499999999999998,0,0
2026-01-03 19:15:00,Catfish,28.98,7.21,3.81,3.0,3.0,3.0,2.0,3.0,3.0,0,0,1.81,0.81,0,0
2026-01-03 19:30:00,Catfish,28.66,7.12,3.04,3.0,3.0,3.0,2.0,3.0,3.0,0,0,1.04,0.040000000000000036,0,0
2026-01-03 19:45:00,Catfish,28.47,7.13,3.24,3.0,3.0,3.0,2.0,3.0,3.0,0,0,1.2400000000000002,0.2400000000000002,0,0
2026-01-03 20:00:00,Catfish,28.5,7.02,3.3,3.0,3.0,3.0,2.0,3.0,3.0,0,0,1.2999999999999998,0.2999999999999998,0,0
2026-01-03 20:15:00,Catfish,28.64,7.05,3.17,3.0,3.0,3.0,2.0,3.0,3.0,0,0,1.17,0.16999999999999993,0,0
2026-01-03 20:30:00,Catfish,28.56,7.1,3.1,3.0,3.0,3.0,2.0,3.0,3.0,0,0,1.1,0.10000000000000009,0,0
2026-01-03 20:45:00,Catfish,28.67,7.04,3.46,3.0,3.0,3.0,2.0,3.0,3.0,0,0,1.46,0.45999999999999996,0,0
2026-01-03 21:00:00,Catfish,28.36,7.15,3.39,3.0,3.0,3.0,2.0,3.0,3.0,0,0,1.3900000000000001,0.3900000000000001,0,0
2026-01-03 21:15:00,Catfish,28.53,7.06,3.29,3.0,3.0,3.0,2.0,3.0,3.0,0,0,1.29,0.29000000000000004,0,0
2026-01-03 21:30:00,Catfish,28.39,7.01,3.02,3.0,3.0,3.0,2.0,3.0,3.0,0,0,1.02,0.020000000000000018,0,0
2026-01-03 21:45:00,Catfish,28.32,6.98,2.96,3.0,2.0,2.0,2.0,3.0,2.3333333333333335,0,1,0.96,-0.040000000000000036,0,0
2026-01-03 22:00:00,Catfish,28.26,6.91,3.05,3.0,2.0,3.0,2.0,3.0,2.6666666666666665,0,0,1.0499999999999998,0.04999999999999982,0,0
2026-01-03 22:15:00,Catfish,28.49,7.09,3.19,3.0,3.0,3.0,2.0,3.0,3.0,0,0,1.19,0.18999999999999995,0,0
2026-01-03 22:30:00,Catfish,28.29,6.99,3.24,3.0,2.0,3.0,2.0,3.0,2.6666666666666665,0,0,1.2400000000000002,0.2400000000000002,0,0
2026-01-03 22:45:00,Catfish,28.43,6.97,3.24,3.0,2.0,3.0,2.0,3.0,2.6666666666666665,0,0,1.2400000000000002,0.2400000000000002,0,0
2026-01-03 23:00:00,Catfish,28.46,6.94,2.95,3.0,2.0,2.0,2.0,3.0,2.3333333333333335,0,1,0.9500000000000002,-0.04999999999999982,0,0
2026-01-03 23:15:00,Catfish,28.26,7.01,3.09,3.0,3.0,3.0,2.0,3.0,3.0,0,0,1.0899999999999999,0.08999999999999986,0,0
2026-01-03 23:30:00,Catfish,28.5,6.94,2.84,3.0,2.0,2.0,2.0,3.0,2.3333333333333335,0,1,0.8399999999999999,-0.16000000000000014,0,0
2026-01-03 23:45:00,Catfish,28.44,6.96,2.94,3.0,2.0,2.0,2.0,3.0,2.3333333333333335,0,1,0.94,-0.06000000000000005,0,0
2026-01-04 00:00:00,Catfish,28.58,7.07,2.94,3.0,3.0,2.0,2.0,3.0,2.6666666666666665,0,1,0.94,-0.06000000000000005,0,0
2026-01-04 00:15:00,Catfish,28.27,7.02,3.08,3.0,3.0,3.0,2.0,3.0,3.0,0,0,1.08,0.08000000000000007,0,0
2026-01-04 00:30:00,Catfish,28.4,7.17,2.8,3.0,3.0,2.0,2.0,3.0,2.6666666666666665,0,1,0.7999999999999998,-0.20000000000000018,0,0
2026-01-04 00:45:00,Catfish,28.48,6.87,3.03,3.0,2.0,3.0,2.0,3.0,2.6666666666666665,0,0,1.0299999999999998,0.029999999999999805,0,0
2026-01-04 01:00:00,Catfish,28.54,7.05,3.28,3.0,3.0,3.0,2.0,3.0,3.0,0,0,1.2799999999999998,0.2799999999999998,0,0
2026-01-04 01:15:00,Catfish,28.35,7.08,2.89,3.0,3.0,2.0,2.0,3.0,2.6666666666666665,0,1,0.8900000000000001,-0.10999999999999988,0,0
2026-01-04 01:30:00,Catfish,28.56,7.1,3.24,3.0,3.0,3.0,2.0,3.0,3.0,0,0,1.2400000000000002,0.2400000000000002,0,0
2026-01-04 01:45:00,Catfish,28.49,7.11,2.92,3.0,3.0,2.0,2.0,3.0,2.6666666666666665,0,1,0.9199999999999999,-0.08000000000000007,0,0
2026-01-04 02:00:00,Catfish,28.69,7.04,3.1,3.0,3.0,3.0,2.0,3.0,3.0,0,0,1.1,0.10000000000000009,0,0
2026-01-04 02:15:00,Catfish,28.6,7.02,2.67,3.0,3.0,2.0,2.0,3.0,2.6666666666666665,0,1,0.6699999999999999,-0.33000000000000007,0,0
2026-01-04 02:30:00,Catfish,28.72,7.09,2.87,3.0,3.0,2.0,2.0,3.0,2.6666666666666665,0,1,0.8700000000000001,-0.1299999999999999,0,0
2026-01-04 02:45:00,Catfish,28.55,7.01,3.2,3.0,3.0,3.0,2.0,3.0,3.0,0,0,1.2000000000000002,0.20000000000000018,0,0
2026-01-04 03:00:00,Catfish,28.84,7.03,2.84,3.0,3.0,2.0,2.0,3.0,2.6666666666666665,0,1,0.8399999999999999,-0.16000000000000014,0,0
2026-01-04 03:15:00,Catfish,28.76,7.01,3.14,3.0,3.0,3.0,2.0,3.0,3.0,0,0,1.1400000000000001,0.14000000000000012,0,0
2026-01-04 03:30:00,Catfish,28.89,6.91,2.97,3.0,2.0,2.0,2.0,3.0,2.3333333333333335,0,1,0.9700000000000002,-0.029999999999999805,0,0
2026-01-04 03:45:00,Catfish,28.83,7.16,3.07,3.0,3.0,3.0,2.0,3.0,3.0,0,0,1.0699999999999998,0.06999999999999984,0,0
2026-01-04 04:00:00,Catfish,28.72,7.09,3.33,3.0,3.0,3.0,2.0,3.0,3.0,0,0,1.33,0.33000000000000007,0,0
2026-01-04 04:15:00,Catfish,28.95,6.97,2.91,3.0,2.0,2.0,2.0,3.0,2.3333333333333335,0,1,0.9100000000000001,-0.08999999999999986,0,0
2026-01-04 04:30:00,Catfish,28.95,7.06,3.05,3.0,3.0,3.0,2.0,3.0,3.0,0,0,1.0499999999999998,0.04999999999999982,0,0
2026-01-04 04:45:00,Catfish,28.87,6.97,2.78,3.0,2.0,2.0,2.0,3.0,2.3333333333333335,0,1,0.7799999999999998,-0.2200000000000002,0,0
2026-01-04 05:00:00,Catfish,29.07,6.81,3.28,3.0,2.0,3.0,2.0,3.0,2.6666666666666665,0,0,1.2799999999999998,0.2799999999999998,0,0
2026-01-04 05:15:00,Catfish,29.02,6.97,3.19,3.0,2.0,3.0,2.0,3.0,2.6666666666666665,0,0,1.19,0.18999999999999995,0,0
2026-01-04 05:30:00,Catfish,29.01,7.03,2.98,3.0,3.0,2.0,2.0,3.0,2.6666666666666665,0,1,0.98,-0.020000000000000018,0,0
2026-01-04 05:45:00,Catfish,29.13,7.14,3.0,3.0,3.0,3.0,2.0,3.0,3.0,0,0,1.0,0.0,0,0
2026-01-04 06:00:00,Catfish,29.19,7.08,3.61,3.0,3.0,3.0,2.0,3.0,3.0,0,0,1.6099999999999999,0.6099999999999999,0,0
2026-01-04 06:15:00,Catfish,29.22,7.1,3.56,3.0,3.0,3.0,2.0,3.0,3.0,0,0,1.56,0.56,0,0
2026-01-04 06:30:00,Catfish,29.42,7.13,3.63,3.0,3.0,3.0,2.0,3.0,3.0,0,0,1.63,0.6299999999999999,0,0
2026-01-04 06:45:00,Catfish,29.33,7.2,3.67,3.0,3.0,3.0,2.0,3.0,3.0,0,0,1.67,0.6699999999999999,0,0
2026-01-04 07:00:00,Catfish,29.68,7.11,3.49,3.0,3.0,3.0,2.0,3.0,3.0,0,0,1.4900000000000002,0.4900000000000002,0,0
2026-01-04 07:15:00,Catfish,29.45,7.1,4.01,3.0,3.0,3.0,2.0,3.0,3.0,0,0,2.01,1.0099999999999998,0,0
2026-01-04 07:30:00,Catfish,29.56,6.99,3.8,3.0,2.0,3.0,2.0,3.0,2.6666666666666665,0,0,1.7999999999999998,0.7999999999999998,0,0
2026-01-04 07:45:00,Catfish,29.51,7.09,3.92,3.0,3.0,3.0,2.0,3.0,3.0,0,0,1.92,0.9199999999999999,0,0
2026-01-04 08:00:00,Catfish,29.29,7.1,3.53,3.0,3.0,3.0,2.0,3.0,3.0,0,0,1.5299999999999998,0.5299999999999998,0,0
2026-01-04 08:15:00,Catfish,29.63,7.15,4.0,3.0,3.0,3.0,2.0,3.0,3.0,0,0,2.0,1.0,0,0
2026-01-04 08:30:00,Catfish,29.72,7.18,4.05,3.0,3.0,3.0,2.0,3.0,3.0,0,0,2.05,1.0499999999999998,0,0
2026-01-04 08:45:00,Catfish,29.59,7.18,3.87,3.0,3.0,3.0,2.0,3.0,3.0,0,0,1.87,0.8700000000000001,0,0
2026-01-04 09:00:00,Catfish,29.63,7.0,3.89,3.0,3.0,3.0,2.0,3.0,3.0,0,0,1.8900000000000001,0.8900000000000001,0,0
2026-01-04 09:15:00,Catfish,29.7,7.14,4.25,3.0,3.0,3.0,2.0,3.0,3.0,0,0,2.25,1.25,0,0
2026-01-04 09:30:00,Catfish,29.71,7.0,4.96,3.0,3.0,3.0,2.0,3.0,3.0,0,0,2.96,1.96,0,0
2026-01-04 09:45:00,Catfish,29.77,7.25,5.25,3.0,3.0,3.0,2.0,3.0,3.0,0,0,3.25,2.25,0,0
2026-01-04 10:00:00,Catfish,29.65,7.29,5.28,3.0,3.0,3.0,2.0,3.0,3.0,0,0,3.2800000000000002,2.2800000000000002,0,0
2026-01-04 10:15:00,Catfish,29.81,7.05,4.97,3.0,3.0,3.0,2.0,3.0,3.0,0,0,2.9699999999999998,1.9699999999999998,0,0
2026-01-04 10:30:00,Catfish,29.71,7.2,5.23,3.0,3.0,3.0,2.0,3.0,3.0,0,0,3.2300000000000004,2.2300000000000004,0,0
2026-01-04 10:45:00,Catfish,29.83,7.2,5.45,3.0,3.0,3.0,2.0,3.0,3.0,0,0,3.45,2.45,0,0
2026-01-04 11:00:00,Catfish,29.93,7.25,5.14,3.0,3.0,3.0,2.0,3.0,3.0,0,0,3.1399999999999997,2.1399999999999997,0,0
2026-01-04 11:15:00,Catfish,29.96,7.33,5.25,3.0,3.0,3.0,2.0,3.0,3.0,0,0,3.25,2.25,0,0
2026-01-04 11:30:00,Catfish,29.68,7.19,5.25,3.0,3.0,3.0,2.0,3.0,3.0,0,0,3.25,2.25,0,0
2026-01-04 11:45:00,Catfish,29.85,7.06,5.16,3.0,3.0,3.0,2.0,3.0,3.0,0,0,3.16,2.16,0,0
2026-01-04 12:00:00,Catfish,29.67,7.12,5.29,3.0,3.0,3.0,2.0,3.0,3.0,0,0,3.29,2.29,0,0
2026-01-04 12:15:00,Catfish,29.73,7.25,5.66,3.0,3.0,3.0,2.0,3.0,3.0,0,0,3.66,2.66,0,0
2026-01-04 12:30:00,Catfish,29.7,7.06,5.56,3.0,3.0,3.0,2.0,3.0,3.0,0,0,3.5599999999999996,2.5599999999999996,0,0
2026-01-04 12:45:00,Catfish,29.74,7.2,5.35,3.0,3.0,3.0,2.0,3.0,3.0,0,0,3.3499999999999996,2.3499999999999996,0,0
2026-01-04 13:00:00,Catfish,29.62,7.21,5.47,3.0,3.0,3.0,2.0,3.0,3.0,0,0,3.4699999999999998,2.4699999999999998,0,0
2026-01-04 13:15:00,Catfish,29.57,7.19,5.35,3.0,3.0,3.0,2.0,3.0,3.0,0,0,3.3499999999999996,2.3499999999999996,0,0
2026-01-04 13:30:00,Catfish,29.53,7.26,5.24,3.0,3.0,3.0,2.0,3.0,3.0,0,0,3.24,2.24,0,0
2026-01-04 13:45:00,Catfish,29.59,7.27,5.69,3.0,3.0,3.0,2.0,3.0,3.0,0,0,3.6900000000000004,2.6900000000000004,0,0
2026-01-04 14:00:00,Catfish,29.58,7.29,5.27,3.0,3.0,3.0,2.0,3.0,3.0,0,0,3.2699999999999996,2.2699999999999996,0,0
2026-01-04 14:15:00,Catfish,29.68,7.15,5.93,3.0,3.0,3.0,2.0,3.0,3.0,0,0,3.9299999999999997,2.9299999999999997,0,0
2026-01-04 14:30:00,Catfish,29.7,7.18,5.1,3.0,3.0,3.0,2.0,3.0,3.0,0,0,3.0999999999999996,2.0999999999999996,0,0
2026-01-04 14:45:00,Catfish,29.61,7.14,4.93,3.0,3.0,3.0,2.0,3.0,3.0,0,0,2.9299999999999997,1.9299999999999997,0,0
2026-01-04 15:00:00,Catfish,29.5,7.09,5.14,3.0,3.0,3.0,2.0,3.0,3.0,0,0,3.1399999999999997,2.1399999999999997,0,0
2026-01-04 15:15:00,Catfish,29.63,7.06,5.2,3.0,3.0,3.0,2.0,3.0,3.0,0,0,3.2,2.2,0,0
2026-01-04 15:30:00,Catfish,29.34,7.08,5.14,3.0,3.0,3.0,2.0,3.0,3.0,0,0,3.1399999999999997,2.1399999999999997,0,0
2026-01-04 15:45:00,Catfish,29.23,7.22,5.17,3.0,3.0,3.0,2.0,3.0,3.0,0,0,3.17,2.17,0,0
2026-01-04 16:00:00,Catfish,29.26,7.29,5.31,3.0,3.0,3.0,2.0,3.0,3.0,0,0,3.3099999999999996,2.3099999999999996,0,0
2026-01-04 16:15:00,Catfish,29.15,7.22,4.45,3.0,3.0,3.0,2.0,3.0,3.0,0,0,2.45,1.4500000000000002,0,0
2026-01-04 16:30:00,Catfish,29.15,7.22,5.26,3.0,3.0,3.0,2.0,3.0,3.0,0,0,3.26,2.26,0,0
2026-01-04 16:45:00,Catfish,29.09,7.16,5.22,3.0,3.0,3.0,2.0,3.0,3.0,0,0,3.2199999999999998,2.2199999999999998,0,0
2026-01-04 17:00:00,Catfish,29.12,7.28,5.08,3.0,3.0,3.0,2.0,3.0,3.0,0,0,3.08,2.08,0,0
2026-01-04 17:15:00,Catfish,29.14,7.25,5.02,3.0,3.0,3.0,2.0,3.0,3.0,0,0,3.0199999999999996,2.0199999999999996,0,0
2026-01-04 17:30:00,Catfish,29.23,7.12,4.73,3.0,3.0,3.0,2.0,3.0,3.0,0,0,2.7300000000000004,1.7300000000000004,0,0
2026-01-04 17:45:00,Catfish,28.95,7.06,4.96,3.0,3.0,3.0,2.0,3.0,3.0,0,0,2.96,1.96,0,0
2026-01-04 18:00:00,Catfish,28.96,7.16,5.02,3.0,3.0,3.0,2.0,3.0,3.0,0,0,3.0199999999999996,2.0199999999999996,0,0
2026-01-04 18:15:00,Catfish,29.07,7.22,5.17,3.0,3.0,3.0,2.0,3.0,3.0,0,0,3.17,2.17,0,0
2026-01-04 18:30:00,Catfish,28.81,7.18,5.18,3.0,3.0,3.0,2.0,3.0,3.0,0,0,3.1799999999999997,2.1799999999999997,0,0
2026-01-04 18:45:00,Catfish,28.96,7.26,4.89,3.0,3.0,3.0,2.0,3.0,3.0,0,0,2.8899999999999997,1.8899999999999997,0,0
2026-01-04 19:00:00,Catfish,28.68,7.06,4.72,3.0,3.0,3.0,2.0,3.0,3.0,0,0,2.7199999999999998,1.7199999999999998,0,0
2026-01-04 19:15:00,Catfish,28.72,7.08,4.94,3.0,3.0,3.0,2.0,3.0,3.0,0,0,2.9400000000000004,1.9400000000000004,0,0
2026-01-04 19:30:00,Catfish,28.63,7.08,4.37,3.0,3.0,3.0,2.0,3.0,3.0,0,0,2.37,1.37,0,0
2026-01-04 19:45:00,Catfish,28.76,7.23,4.99,3.0,3.0,3.0,2.0,3.0,3.0,0,0,2.99,1.9900000000000002,0,0
2026-01-04 20:00:00,Catfish,28.97,7.05,4.88,3.0,3.0,3.0,2.0,3.0,3.0,0,0,2.88,1.88,0,0
2026-01-04 20:15:00,Catfish,28.66,7.19,4.8,3.0,3.0,3.0,2.0,3.0,3.0,0,0,2.8,1.7999999999999998,0,0
2026-01-04 20:30:00,Catfish,28.65,7.14,4.51,3.0,3.0,3.0,2.0,3.0,3.0,0,0,2.51,1.5099999999999998,0,0
2026-01-04 20:45:00,Catfish,28.65,7.16,4.73,3.0,3.0,3.0,2.0,3.0,3.0,0,0,2.7300000000000004,1.7300000000000004,0,0
2026-01-04 21:00:00,Catfish,28.58,7.12,4.41,3.0,3.0,3.0,2.0,3.0,3.0,0,0,2.41,1.4100000000000001,0,0
2026-01-04 21:15:00,Catfish,28.7,7.03,4.94,3.0,3.0,3.0,2.0,3.0,3.0,0,0,2.9400000000000004,1.9400000000000004,0,0
2026-01-04 21:30:00,Catfish,28.55,6.88,4.66,3.0,2.0,3.0,2.0,3.0,2.6666666666666665,0,0,2.66,1.6600000000000001,0,0
2026-01-04 21:45:00,Catfish,28.66,7.1,4.52,3.0,3.0,3.0,2.0,3.0,3.0,0,0,2.5199999999999996,1.5199999999999996,0,0
2026-01-04 22:00:00,Catfish,28.64,7.08,4.3,3.0,3.0,3.0,2.0,3.0,3.0,0,0,2.3,1.2999999999999998,0,0
2026-01-04 22:15:00,Catfish,28.65,7.23,4.32,3.0,3.0,3.0,2.0,3.0,3.0,0,0,2.3200000000000003,1.3200000000000003,0,0
2026-01-04 22:30:00,Catfish,28.69,6.95,4.86,3.0,2.0,3.0,2.0,3.0,2.6666666666666665,0,0,2.8600000000000003,1.8600000000000003,0,0
2026-01-04 22:45:00,Catfish,28.7,7.1,4.56,3.0,3.0,3.0,2.0,3.0,3.0,0,0,2.5599999999999996,1.5599999999999996,0,0
2026-01-04 23:00:00,Catfish,28.51,7.19,4.82,3.0,3.0,3.0,2.0,3.0,3.0,0,0,2.8200000000000003,1.8200000000000003,0,0
2026-01-04 23:15:00,Catfish,28.7,7.02,4.44,3.0,3.0,3.0,2.0,3.0,3.0,0,0,2.4400000000000004,1.4400000000000004,0,0
2026-01-04 23:30:00,Catfish,28.57,7.06,4.52,3.0,3.0,3.0,2.0,3.0,3.0,0,0,2.5199999999999996,1.5199999999999996,0,0
2026-01-04 23:45:00,Catfish,28.68,6.96,4.2,3.0,2.0,3.0,2.0,3.0,2.6666666666666665,0,0,2.2,1.2000000000000002,0,0
2026-01-05 00:00:00,Catfish,28.62,7.01,4.25,3.0,3.0,3.0,2.0,3.0,3.0,0,0,2.25,1.25,0,0
2026-01-05 00:15:00,Catfish,28.7,7.0,4.36,3.0,3.0,3.0,2.0,3.0,3.0,0,0,2.3600000000000003,1.3600000000000003,0,0
2026-01-05 00:30:00,Catfish,28.68,7.08,4.46,3.0,3.0,3.0,2.0,3.0,3.0,0,0,2.46,1.46,0,0
2026-01-05 00:45:00,Catfish,28.52,7.01,4.5,3.0,3.0,3.0,2.0,3.0,3.0,0,0,2.5,1.5,0,0
2026-01-05 01:00:00,Catfish,28.8,7.0,4.19,3.0,3.0,3.0,2.0,3.0,3.0,0,0,2.1900000000000004,1.1900000000000004,0,0
2026-01-05 01:15:00,Catfish,28.53,7.0,4.52,3.0,3.0,3.0,2.0,3.0,3.0,0,0,2.5199999999999996,1.5199999999999996,0,0
2026-01-05 01:30:00,Catfish,28.6,6.88,4.35,3.0,2.0,3.0,2.0,3.0,2.6666666666666665,0,0,2.3499999999999996,1.3499999999999996,0,0
2026-01-05 01:45:00,Catfish,28.84,7.01,4.25,3.0,3.0,3.0,2.0,3.0,3.0,0,0,2.25,1.25,0,0
2026-01-05 02:00:00,Catfish,28.61,7.08,4.87,3.0,3.0,3.0,2.0,3.0,3.0,0,0,2.87,1.87,0,0
2026-01-05 02:15:00,Catfish,28.87,7.1,4.22,3.0,3.0,3.0,2.0,3.0,3.0,0,0,2.2199999999999998,1.2199999999999998,0,0
2026-01-05 02:30:00,Catfish,28.76,6.98,4.6,3.0,2.0,3.0,2.0,3.0,2.6666666666666665,0,0,2.5999999999999996,1.5999999999999996,0,0
2026-01-05 02:45:00,Catfish,29.0,7.11,4.46,3.0,3.0,3.0,2.0,3.0,3.0,0,0,2.46,1.46,0,0
2026-01-05 03:00:00,Catfish,28.77,7.07,4.44,3.0,3.0,3.0,2.0,3.0,3.0,0,0,2.4400000000000004,1.4400000000000004,0,0
2026-01-05 03:15:00,Catfish,28.87,6.89,4.37,3.0,2.0,3.0,2.0,3.0,2.6666666666666665,0,0,2.37,1.37,0,0
2026-01-05 03:30:00,Catfish,28.84,7.01,4.77,3.0,3.0,3.0,2.0,3.0,3.0,0,0,2.7699999999999996,1.7699999999999996,0,0
2026-01-05 03:45:00,Catfish,28.67,7.04,4.34,3.0,3.0,3.0,2.0,3.0,3.0,0,0,2.34,1.3399999999999999,0,0
2026-01-05 04:00:00,Catfish,29.12,7.06,4.3,3.0,3.0,3.0,2.0,3.0,3.0,0,0,2.3,1.2999999999999998,0,0
2026-01-05 04:15:00,Catfish,29.21,7.11,4.93,3.0,3.0,3.0,2.0,3.0,3.0,0,0,2.9299999999999997,1.9299999999999997,0,0
2026-01-05 04:30:00,Catfish,29.1,7.03,4.44,3.0,3.0,3.0,2.0,3.0,3.0,0,0,2.4400000000000004,1.4400000000000004,0,0
2026-01-05 04:45:00,Catfish,29.23,7.05,4.86,3.0,3.0,3.0,2.0,3.0,3.0,0,0,2.8600000000000003,1.8600000000000003,0,0
2026-01-05 05:00:00,Catfish,29.27,7.12,4.31,3.0,3.0,3.0,2.0,3.0,3.0,0,0,2.3099999999999996,1.3099999999999996,0,0
2026-01-05 05:15:00,Catfish,29.27,7.18,4.42,3.0,3.0,3.0,2.0,3.0,3.0,0,0,2.42,1.42,0,0
2026-01-05 05:30:00,Catfish,29.18,7.02,4.86,3.0,3.0,3.0,2.0,3.0,3.0,0,0,2.8600000000000003,1.8600000000000003,0,0
2026-01-05 05:45:00,Catfish,29.3,6.97,4.89,3.0,2.0,3.0,2.0,3.0,2.6666666666666665,0,0,2.8899999999999997,1.8899999999999997,0,0
2026-01-05 06:00:00,Catfish,29.3,7.08,4.57,3.0,3.0,3.0,2.0,3.0,3.0,0,0,2.5700000000000003,1.5700000000000003,0,0
2026-01-05 06:15:00,Catfish,29.28,7.09,5.01,3.0,3.0,3.0,2.0,3.0,3.0,0,0,3.01,2.01,0,0
2026-01-05 06:30:00,Catfish,29.29,7.04,5.21,3.0,3.0,3.0,2.0,3.0,3.0,0,0,3.21,2.21,0,0
2026-01-05 06:45:00,Catfish,29.46,7.15,4.82,3.0,3.0,3.0,2.0,3.0,3.0,0,0,2.8200000000000003,1.8200000000000003,0,0
2026-01-05 07:00:00,Catfish,29.51,7.16,4.81,3.0,3.0,3.0,2.0,3.0,3.0,0,0,2.8099999999999996,1.8099999999999996,0,0
2026-01-05 07:15:00,Catfish,29.57,7.1,5.0,3.0,3.0,3.0,2.0,3.0,3.0,0,0,3.0,2.0,0,0
2026-01-05 07:30:00,Catfish,29.72,7.07,4.71,3.0,3.0,3.0,2.0,3.0,3.0,0,0,2.71,1.71,0,0
2026-01-05 07:45:00,Catfish,29.63,7.23,4.44,3.0,3.0,3.0,2.0,3.0,3.0,0,0,2.4400000000000004,1.4400000000000004,0,0
2026-01-05 08:00:00,Catfish,29.52,7.12,4.76,3.0,3.0,3.0,2.0,3.0,3.0,0,0,2.76,1.7599999999999998,0,0
2026-01-05 08:15:00,Catfish,29.59,7.23,4.99,3.0,3.0,3.0,2.0,3.0,3.0,0,0,2.99,1.9900000000000002,0,0
2026-01-05 08:30:00,Catfish,29.37,7.05,4.98,3.0,3.0,3.0,2.0,3.0,3.0,0,0,2.9800000000000004,1.9800000000000004,0,0
2026-01-05 08:45:00,Catfish,29.6,7.02,4.94,3.0,3.0,3.0,2.0,3.0,3.0,0,0,2.9400000000000004,1.9400000000000004,0,0
2026-01-05 09:00:00,Catfish,29.64,7.25,5.2,3.0,3.0,3.0,2.0,3.0,3.0,0,0,3.2,2.2,0,0
2026-01-05 09:15:00,Catfish,29.76,7.17,5.19,3.0,3.0,3.0,2.0,3.0,3.0,0,0,3.1900000000000004,2.1900000000000004,0,0
2026-01-05 09:30:00,Catfish,29.82,7.37,5.05,3.0,3.0,3.0,2.0,3.0,3.0,0,0,3.05,2.05,0,0
2026-01-05 09:45:00,Catfish,29.83,6.9,4.89,3.0,2.0,3.0,2.0,3.0,2.6666666666666665,0,0,2.8899999999999997,1.8899999999999997,0,0
2026-01-05 10:00:00,Catfish,29.64,7.32,5.47,3.0,3.0,3.0,2.0,3.0,3.0,0,0,3.4699999999999998,2.4699999999999998,0,0
2026-01-05 10:15:00,Catfish,29.75,7.17,5.32,3.0,3.0,3.0,2.0,3.0,3.0,0,0,3.3200000000000003,2.3200000000000003,0,0
2026-01-05 10:30:00,Catfish,29.74,7.09,5.07,3.0,3.0,3.0,2.0,3.0,3.0,0,0,3.0700000000000003,2.0700000000000003,0,0
2026-01-05 10:45:00,Catfish,29.91,7.16,5.17,3.0,3.0,3.0,2.0,3.0,3.0,0,0,3.17,2.17,0,0
2026-01-05 11:00:00,Catfish,29.64,7.34,5.03,3.0,3.0,3.0,2.0,3.0,3.0,0,0,3.0300000000000002,2.0300000000000002,0,0
2026-01-05 11:15:00,Catfish,29.78,6.99,5.07,3.0,2.0,3.0,2.0,3.0,2.6666666666666665,0,0,3.0700000000000003,2.0700000000000003,0,0
2026-01-05 11:30:00,Catfish,29.54,7.12,5.45,3.0,3.0,3.0,2.0,3.0,3.0,0,0,3.45,2.45,0,0
2026-01-05 11:45:00,Catfish,29.83,7.15,5.54,3.0,3.0,3.0,2.0,3.0,3.0,0,0,3.54,2.54,0,0
2026-01-05 12:00:00,Catfish,29.87,7.04,5.67,3.0,3.0,3.0,2.0,3.0,3.0,0,0,3.67,2.67,0,0
2026-01-05 12:15:00,Catfish,29.8,7.19,5.11,3.0,3.0,3.0,2.0,3.0,3.0,0,0,3.1100000000000003,2.1100000000000003,0,0
2026-01-05 12:30:00,Catfish,29.77,7.18,5.17,3.0,3.0,3.0,2.0,3.0,3.0,0,0,3.17,2.17,0,0
2026-01-05 12:45:00,Catfish,29.62,7.15,5.04,3.0,3.0,3.0,2.0,3.0,3.0,0,0,3.04,2.04,0,0
2026-01-05 13:00:00,Catfish,29.74,7.18,5.28,3.0,3.0,3.0,2.0,3.0,3.0,0,0,3.2800000000000002,2.2800000000000002,0,0
2026-01-05 13:15:00,Catfish,29.54,6.98,5.43,3.0,2.0,3.0,2.0,3.0,2.6666666666666665,0,0,3.4299999999999997,2.4299999999999997,0,0
2026-01-05 13:30:00,Catfish,29.68,7.11,5.28,3.0,3.0,3.0,2.0,3.0,3.0,0,0,3.2800000000000002,2.2800000000000002,0,0
2026-01-05 13:45:00,Catfish,29.64,7.21,5.37,3.0,3.0,3.0,2.0,3.0,3.0,0,0,3.37,2.37,0,0
2026-01-05 14:00:00,Catfish,29.64,7.07,5.33,3.0,3.0,3.0,2.0,3.0,3.0,0,0,3.33,2.33,0,0
2026-01-05 14:15:00,Catfish,29.68,7.28,5.12,3.0,3.0,3.0,2.0,3.0,3.0,0,0,3.12,2.12,0,0
2026-01-05 14:30:00,Catfish,29.56,7.11,5.18,3.0,3.0,3.0,2.0,3.0,3.0,0,0,3.1799999999999997,2.1799999999999997,0,0
2026-01-05 14:45:00,Catfish,29.45,7.23,5.42,3.0,3.0,3.0,2.0,3.0,3.0,0,0,3.42,2.42,0,0
2026-01-05 15:00:00,Catfish,29.69,7.38,5.29,3.0,3.0,3.0,2.0,3.0,3.0,0,0,3.29,2.29,0,0
2026-01-05 15:15:00,Catfish,29.29,7.16,5.09,3.0,3.0,3.0,2.0,3.0,3.0,0,0,3.09,2.09,0,0
2026-01-05 15:30:00,Catfish,29.4,7.21,5.29,3.0,3.0,3.0,2.0,3.0,3.0,0,0,3.29,2.29,0,0
2026-01-05 15:45:00,Catfish,29.5,7.13,5.41,3.0,3.0,3.0,2.0,3.0,3.0,0,0,3.41,2.41,0,0
2026-01-05 16:00:00,Catfish,29.31,7.26,5.01,3.0,3.0,3.0,2.0,3.0,3.0,0,0,3.01,2.01,0,0
2026-01-05 16:15:00,Catfish,29.32,7.09,4.93,3.0,3.0,3.0,2.0,3.0,3.0,0,0,2.9299999999999997,1.9299999999999997,0,0
2026-01-05 16:30:00,Catfish,28.97,7.21,5.13,3.0,3.0,3.0,2.0,3.0,3.0,0,0,3.13,2.13,0,0
2026-01-05 16:45:00,Catfish,29.33,7.09,5.39,3.0,3.0,3.0,2.0,3.0,3.0,0,0,3.3899999999999997,2.3899999999999997,0,0
2026-01-05 17:00:00,Catfish,29.15,7.12,5.09,3.0,3.0,3.0,2.0,3.0,3.0,0,0,3.09,2.09,0,0
2026-01-05 17:15:00,Catfish,29.15,7.26,5.24,3.0,3.0,3.0,2.0,3.0,3.0,0,0,3.24,2.24,0,0
2026-01-05 17:30:00,Catfish,29.16,7.06,5.14,3.0,3.0,3.0,2.0,3.0,3.0,0,0,3.1399999999999997,2.1399999999999997,0,0
2026-01-05 17:45:00,Catfish,29.12,7.07,5.08,3.0,3.0,3.0,2.0,3.0,3.0,0,0,3.08,2.08,0,0
2026-01-05 18:00:00,Catfish,29.1,7.13,5.22,3.0,3.0,3.0,2.0,3.0,3.0,0,0,3.2199999999999998,2.2199999999999998,0,0
2026-01-05 18:15:00,Catfish,28.99,7.11,4.87,3.0,3.0,3.0,2.0,3.0,3.0,0,0,2.87,1.87,0,0
2026-01-05 18:30:00,Catfish,29.0,7.1,4.71,3.0,3.0,3.0,2.0,3.0,3.0,0,0,2.71,1.71,0,0
2026-01-05 18:45:00,Catfish,29.05,7.15,5.09,3.0,3.0,3.0,2.0,3.0,3.0,0,0,3.09,2.09,0,0
2026-01-05 19:00:00,Catfish,28.85,7.14,4.82,3.0,3.0,3.0,2.0,3.0,3.0,0,0,2.8200000000000003,1.8200000000000003,0,0
2026-01-05 19:15:00,Catfish,28.81,7.14,4.83,3.0,3.0,3.0,2.0,3.0,3.0,0,0,2.83,1.83,0,0
2026-01-05 19:30:00,Catfish,28.88,7.1,4.84,3.0,3.0,3.0,2.0,3.0,3.0,0,0,2.84,1.8399999999999999,0,0
2026-01-05 19:45:00,Catfish,28.62,7.14,4.89,3.0,3.0,3.0,2.0,3.0,3.0,0,0,2.8899999999999997,1.8899999999999997,0,0
2026-01-05 20:00:00,Catfish,28.8,7.1,4.88,3.0,3.0,3.0,2.0,3.0,3.0,0,0,2.88,1.88,0,0
2026-01-05 20:15:00,Catfish,28.68,7.16,4.86,3.0,3.0,3.0,2.0,3.0,3.0,0,0,2.8600000000000003,1.8600000000000003,0,0
2026-01-05 20:30:00,Catfish,28.5,7.14,4.75,3.0,3.0,3.0,2.0,3.0,3.0,0,0,2.75,1.75,0,0
2026-01-05 20:45:00,Catfish,28.82,7.04,4.42,3.0,3.0,3.0,2.0,3.0,3.0,0,0,2.42,1.42,0,0
2026-01-05 21:00:00,Catfish,28.52,7.16,5.01,3.0,3.0,3.0,2.0,3.0,3.0,0,0,3.01,2.01,0,0
2026-01-05 21:15:00,Catfish,28.44,7.03,4.5,3.0,3.0,3.0,2.0,3.0,3.0,0,0,2.5,1.5,0,0
2026-01-05 21:30:00,Catfish,28.65,7.04,4.59,3.0,3.0,3.0,2.0,3.0,3.0,0,0,2.59,1.5899999999999999,0,0
2026-01-05 21:45:00,Catfish,28.46,7.01,4.38,3.0,3.0,3.0,2.0,3.0,3.0,0,0,2.38,1.38,0,0
2026-01-05 22:00:00,Catfish,28.87,7.07,4.59,3.0,3.0,3.0,2.0,3.0,3.0,0,0,2.59,1.5899999999999999,0,0
2026-01-05 22:15:00,Catfish,28.38,6.93,4.48,3.0,2.0,3.0,2.0,3.0,2.6666666666666665,0,0,2.4800000000000004,1.4800000000000004,0,0
2026-01-05 22:30:00,Catfish,28.56,7.0,4.46,3.0,3.0,3.0,2.0,3.0,3.0,0,0,2.46,1.46,0,0
2026-01-05 22:45:00,Catfish,28.73,6.97,4.17,3.0,2.0,3.0,2.0,3.0,2.6666666666666665,0,0,2.17,1.17,0,0
2026-01-05 23:00:00,Catfish,28.53,7.09,4.37,3.0,3.0,3.0,2.0,3.0,3.0,0,0,2.37,1.37,0,0
2026-01-05 23:15:00,Catfish,28.58,7.05,4.55,3.0,3.0,3.0,2.0,3.0,3.0,0,0,2.55,1.5499999999999998,0,0
2026-01-05 23:30:00,Catfish,28.71,7.21,4.19,3.0,3.0,3.0,2.0,3.0,3.0,0,0,2.1900000000000004,1.1900000000000004,0,0
2026-01-05 23:45:00,Catfish,28.53,7.16,4.35,3.0,3.0,3.0,2.0,3.0,3.0,0,0,2.3499999999999996,1.3499999999999996,0,0
2026-01-06 00:00:00,Catfish,28.43,7.15,4.65,3.0,3.0,3.0,2.0,3.0,3.0,0,0,2.6500000000000004,1.6500000000000004,0,0
2026-01-06 00:15:00,Catfish,28.51,6.97,4.54,3.0,2.0,3.0,2.0,3.0,2.6666666666666665,0,0,2.54,1.54,0,0
2026-01-06 00:30:00,Catfish,28.83,7.17,4.18,3.0,3.0,3.0,2.0,3.0,3.0,0,0,2.1799999999999997,1.1799999999999997,0,0
2026-01-06 00:45:00,Catfish,28.53,7.1,4.26,3.0,3.0,3.0,2.0,3.0,3.0,0,0,2.26,1.2599999999999998,0,0
2026-01-06 01:00:00,Catfish,28.48,7.11,4.76,3.0,3.0,3.0,2.0,3.0,3.0,0,0,2.76,1.7599999999999998,0,0
2026-01-06 01:15:00,Catfish,28.62,7.06,4.15,3.0,3.0,3.0,2.0,3.0,3.0,0,0,2.1500000000000004,1.1500000000000004,0,0
2026-01-06 01:30:00,Catfish,28.67,7.01,4.33,3.0,3.0,3.0,2.0,3.0,3.0,0,0,2.33,1.33,0,0
2026-01-06 01:45:00,Catfish,28.79,6.99,4.95,3.0,2.0,3.0,2.0,3.0,2.6666666666666665,0,0,2.95,1.9500000000000002,0,0
2026-01-06 02:00:00,Catfish,28.82,7.18,4.41,3.0,3.0,3.0,2.0,3.0,3.0,0,0,2.41,1.4100000000000001,0,0
2026-01-06 02:15:00,Catfish,28.77,7.0,4.43,3.0,3.0,3.0,2.0,3.0,3.0,0,0,2.4299999999999997,1.4299999999999997,0,0
2026-01-06 02:30:00,Catfish,28.86,7.04,4.67,3.0,3.0,3.0,2.0,3.0,3.0,0,0,2.67,1.67,0,0
2026-01-06 02:45:00,Catfish,29.02,6.93,4.38,3.0,2.0,3.0,2.0,3.0,2.6666666666666665,0,0,2.38,1.38,0,0
2026-01-06 03:00:00,Catfish,28.97,7.16,4.39,3.0,3.0,3.0,2.0,3.0,3.0,0,0,2.3899999999999997,1.3899999999999997,0,0
2026-01-06 03:15:00,Catfish,28.88,7.22,4.57,3.0,3.0,3.0,2.0,3.0,3.0,0,0,2.5700000000000003,1.5700000000000003,0,0
2026-01-06 03:30:00,Catfish,28.92,7.13,4.66,3.0,3.0,3.0,2.0,3.0,3.0,0,0,2.66,1.6600000000000001,0,0
2026-01-06 03:45:00,Catfish,28.79,6.98,4.29,3.0,2.0,3.0,2.0,3.0,2.6666666666666665,0,0,2.29,1.29,0,0
2026-01-06 04:00:00,Catfish,29.12,7.08,4.32,3.0,3.0,3.0,2.0,3.0,3.0,0,0,2.3200000000000003,1.3200000000000003,0,0
2026-01-06 04:15:00,Catfish,28.94,6.89,4.59,3.0,2.0,3.0,2.0,3.0,2.6666666666666665,0,0,2.59,1.5899999999999999,0,0
2026-01-06 04:30:00,Catfish,29.09,7.03,4.68,3.0,3.0,3.0,2.0,3.0,3.0,0,0,2.6799999999999997,1.6799999999999997,0,0
2026-01-06 04:45:00,Catfish,29.06,7.18,4.68,3.0,3.0,3.0,2.0,3.0,3.0,0,0,2.6799999999999997,1.6799999999999997,0,0
2026-01-06 05:00:00,Catfish,29.23,7.05,4.71,3.0,3.0,3.0,2.0,3.0,3.0,0,0,2.71,1.71,0,0
2026-01-06 05:15:00,Catfish,29.21,6.9,4.41,3.0,2.0,3.0,2.0,3.0,2.6666666666666665,0,0,2.41,1.4100000000000001,0,0
2026-01-06 05:30:00,Catfish,29.12,7.07,4.14,3.0,3.0,3.0,2.0,3.0,3.0,0,0,2.1399999999999997,1.1399999999999997,0,0
2026-01-06 05:45:00,Catfish,29.23,7.13,4.58,3.0,3.0,3.0,2.0,3.0,3.0,0,0,2.58,1.58,0,0
2026-01-06 06:00:00,Catfish,29.26,7.11,4.54,3.0,3.0,3.0,2.0,3.0,3.0,0,0,2.54,1.54,0,0
2026-01-06 06:15:00,Catfish,29.28,7.14,4.56,3.0,3.0,3.0,2.0,3.0,3.0,0,0,2.5599999999999996,1.5599999999999996,0,0
2026-01-06 06:30:00,Catfish,29.51,7.12,4.63,3.0,3.0,3.0,2.0,3.0,3.0,0,0,2.63,1.63,0,0
2026-01-06 06:45:00,Catfish,29.25,6.94,4.88,3.0,2.0,3.0,2.0,3.0,2.6666666666666665,0,0,2.88,1.88,0,0
2026-01-06 07:00:00,Catfish,29.24,7.19,4.84,3.0,3.0,3.0,2.0,3.0,3.0,0,0,2.84,1.8399999999999999,0,0
2026-01-06 07:15:00,Catfish,29.57,7.19,4.88,3.0,3.0,3.0,2.0,3.0,3.0,0,0,2.88,1.88,0,0
2026-01-06 07:30:00,Catfish,29.58,7.15,4.77,3.0,3.0,3.0,2.0,3.0,3.0,0,0,2.7699999999999996,1.7699999999999996,0,0
2026-01-06 07:45:00,Catfish,29.61,6.94,4.88,3.0,2.0,3.0,2.0,3.0,2.6666666666666665,0,0,2.88,1.88,0,0
2026-01-06 08:00:00,Catfish,29.73,7.13,4.82,3.0,3.0,3.0,2.0,3.0,3.0,0,0,2.8200000000000003,1.8200000000000003,0,0
2026-01-06 08:15:00,Catfish,29.68,7.28,5.14,3.0,3.0,3.0,2.0,3.0,3.0,0,0,3.1399999999999997,2.1399999999999997,0,0
2026-01-06 08:30:00,Catfish,29.59,7.11,4.65,3.0,3.0,3.0,2.0,3.0,3.0,0,0,2.6500000000000004,1.6500000000000004,0,0
2026-01-06 08:45:00,Catfish,29.62,7.06,4.97,3.0,3.0,3.0,2.0,3.0,3.0,0,0,2.9699999999999998,1.9699999999999998,0,0
2026-01-06 09:00:00,Catfish,29.61,7.2,4.96,3.0,3.0,3.0,2.0,3.0,3.0,0,0,2.96,1.96,0,0
2026-01-06 09:15:00,Catfish,29.7,7.29,5.19,3.0,3.0,3.0,2.0,3.0,3.0,0,0,3.1900000000000004,2.1900000000000004,0,0
2026-01-06 09:30:00,Catfish,29.69,7.19,5.19,3.0,3.0,3.0,2.0,3.0,3.0,0,0,3.1900000000000004,2.1900000000000004,0,0
2026-01-06 09:45:00,Catfish,29.72,7.13,5.11,3.0,3.0,3.0,2.0,3.0,3.0,0,0,3.1100000000000003,2.1100000000000003,0,0
2026-01-06 10:00:00,Catfish,29.9,7.07,5.41,3.0,3.0,3.0,2.0,3.0,3.0,0,0,3.41,2.41,0,0
2026-01-06 10:15:00,Catfish,29.61,7.15,5.27,3.0,3.0,3.0,2.0,3.0,3.0,0,0,3.2699999999999996,2.2699999999999996,0,0
2026-01-06 10:30:00,Catfish,29.73,7.07,5.32,3.0,3.0,3.0,2.0,3.0,3.0,0,0,3.3200000000000003,2.3200000000000003,0,0
2026-01-06 10:45:00,Catfish,29.69,7.0,5.32,3.0,3.0,3.0,2.0,3.0,3.0,0,0,3.3200000000000003,2.3200000000000003,0,0
2026-01-06 11:00:00,Catfish,29.93,7.2,5.07,3.0,3.0,3.0,2.0,3.0,3.0,0,0,3.0700000000000003,2.0700000000000003,0,0
2026-01-06 11:15:00,Catfish,29.98,7.16,5.19,3.0,3.0,3.0,2.0,3.0,3.0,0,0,3.1900000000000004,2.1900000000000004,0,0
2026-01-06 11:30:00,Catfish,29.69,7.12,5.23,3.0,3.0,3.0,2.0,3.0,3.0,0,0,3.2300000000000004,2.2300000000000004,0,0
2026-01-06 11:45:00,Catfish,29.67,7.15,5.26,3.0,3.0,3.0,2.0,3.0,3.0,0,0,3.26,2.26,0,0
2026-01-06 12:00:00,Catfish,29.84,7.04,5.37,3.0,3.0,3.0,2.0,3.0,3.0,0,0,3.37,2.37,0,0
2026-01-06 12:15:00,Catfish,29.78,7.03,5.58,3.0,3.0,3.0,2.0,3.0,3.0,0,0,3.58,2.58,0,0
2026-01-06 12:30:00,Catfish,29.63,7.08,5.47,3.0,3.0,3.0,2.0,3.0,3.0,0,0,3.4699999999999998,2.4699999999999998,0,0
2026-01-06 12:45:00,Catfish,29.68,7.11,5.13,3.0,3.0,3.0,2.0,3.0,3.0,0,0,3.13,2.13,0,0
2026-01-06 13:00:00,Catfish,29.9,7.17,5.24,3.0,3.0,3.0,2.0,3.0,3.0,0,0,3.24,2.24,0,0
2026-01-06 13:15:00,Catfish,29.66,7.22,5.04,3.0,3.0,3.0,2.0,3.0,3.0,0,0,3.04,2.04,0,0
2026-01-06 13:30:00,Catfish,29.59,7.08,5.16,3.0,3.0,3.0,2.0,3.0,3.0,0,0,3.16,2.16,0,0
2026-01-06 13:45:00,Catfish,29.61,7.22,5.36,3.0,3.0,3.0,2.0,3.0,3.0,0,0,3.3600000000000003,2.3600000000000003,0,0
2026-01-06 14:00:00,Catfish,29.8,7.3,5.39,3.0,3.0,3.0,2.0,3.0,3.0,0,0,3.3899999999999997,2.3899999999999997,0,0
2026-01-06 14:15:00,Catfish,29.56,7.11,5.39,3.0,3.0,3.0,2.0,3.0,3.0,0,0,3.3899999999999997,2.3899999999999997,0,0
2026-01-06 14:30:00,Catfish,29.71,7.19,5.29,3.0,3.0,3.0,2.0,3.0,3.0,0,0,3.29,2.29,0,0
2026-01-06 14:45:00,Catfish,29.52,7.24,5.15,3.0,3.0,3.0,2.0,3.0,3.0,0,0,3.1500000000000004,2.1500000000000004,0,0
2026-01-06 15:00:00,Catfish,29.48,7.03,5.18,3.0,3.0,3.0,2.0,3.0,3.0,0,0,3.1799999999999997,2.1799999999999997,0,0
2026-01-06 15:15:00,Catfish,29.68,7.06,5.23,3.0,3.0,3.0,2.0,3.0,3.0,0,0,3.2300000000000004,2.2300000000000004,0,0
2026-01-06 15:30:00,Catfish,29.52,7.18,5.02,3.0,3.0,3.0,2.0,3.0,3.0,0,0,3.0199999999999996,2.0199999999999996,0,0
2026-01-06 15:45:00,Catfish,29.3,7.27,5.19,3.0,3.0,3.0,2.0,3.0,3.0,0,0,3.1900000000000004,2.1900000000000004,0,0
2026-01-06 16:00:00,Catfish,29.47,7.35,5.1,3.0,3.0,3.0,2.0,3.0,3.0,0,0,3.0999999999999996,2.0999999999999996,0,0
2026-01-06 16:15:00,Catfish,29.22,7.09,4.98,3.0,3.0,3.0,2.0,3.0,3.0,0,0,2.9800000000000004,1.9800000000000004,0,0
2026-01-06 16:30:00,Catfish,29.3,7.06,4.82,3.0,3.0,3.0,2.0,3.0,3.0,0,0,2.8200000000000003,1.8200000000000003,0,0
2026-01-06 16:45:00,Catfish,29.4,6.99,5.2,3.0,2.0,3.0,2.0,3.0,2.6666666666666665,0,0,3.2,2.2,0,0
2026-01-06 17:00:00,Catfish,29.06,7.09,4.6,3.0,3.0,3.0,2.0,3.0,3.0,0,0,2.5999999999999996,1.5999999999999996,0,0
2026-01-06 17:15:00,Catfish,29.21,7.18,4.7,3.0,3.0,3.0,2.0,3.0,3.0,0,0,2.7,1.7000000000000002,0,0
2026-01-06 17:30:00,Catfish,29.03,7.15,4.85,3.0,3.0,3.0,2.0,3.0,3.0,0,0,2.8499999999999996,1.8499999999999996,0,0
2026-01-06 17:45:00,Catfish,29.12,7.08,4.94,3.0,3.0,3.0,2.0,3.0,3.0,0,0,2.9400000000000004,1.9400000000000004,0,0
2026-01-06 18:00:00,Catfish,28.98,7.16,4.96,3.0,3.0,3.0,2.0,3.0,3.0,0,0,2.96,1.96,0,0
2026-01-06 18:15:00,Catfish,29.06,7.08,4.97,3.0,3.0,3.0,2.0,3.0,3.0,0,0,2.9699999999999998,1.9699999999999998,0,0
2026-01-06 18:30:00,Catfish,29.01,7.07,4.72,3.0,3.0,3.0,2.0,3.0,3.0,0,0,2.7199999999999998,1.7199999999999998,0,0
2026-01-06 18:45:00,Catfish,28.92,7.04,5.21,3.0,3.0,3.0,2.0,3.0,3.0,0,0,3.21,2.21,0,0
2026-01-06 19:00:00,Catfish,29.01,7.11,4.89,3.0,3.0,3.0,2.0,3.0,3.0,0,0,2.8899999999999997,1.8899999999999997,0,0
2026-01-06 19:15:00,Catfish,28.96,7.27,4.73,3.0,3.0,3.0,2.0,3.0,3.0,0,0,2.7300000000000004,1.7300000000000004,0,0
2026-01-06 19:30:00,Catfish,28.74,7.21,4.66,3.0,3.0,3.0,2.0,3.0,3.0,0,0,2.66,1.6600000000000001,0,0
2026-01-06 19:45:00,Catfish,28.83,7.12,4.47,3.0,3.0,3.0,2.0,3.0,3.0,0,0,2.4699999999999998,1.4699999999999998,0,0
2026-01-06 20:00:00,Catfish,28.65,7.13,4.73,3.0,3.0,3.0,2.0,3.0,3.0,0,0,2.7300000000000004,1.7300000000000004,0,0
2026-01-06 20:15:00,Catfish,28.6,7.03,4.67,3.0,3.0,3.0,2.0,3.0,3.0,0,0,2.67,1.67,0,0
2026-01-06 20:30:00,Catfish,28.64,7.15,4.89,3.0,3.0,3.0,2.0,3.0,3.0,0,0,2.8899999999999997,1.8899999999999997,0,0
2026-01-06 20:45:00,Catfish,28.61,7.04,4.51,3.0,3.0,3.0,2.0,3.0,3.0,0,0,2.51,1.5099999999999998,0,0
2026-01-06 21:00:00,Catfish,28.68,6.93,4.91,3.0,2.0,3.0,2.0,3.0,2.6666666666666665,0,0,2.91,1.9100000000000001,0,0
2026-01-06 21:15:00,Catfish,28.58,7.1,4.61,3.0,3.0,3.0,2.0,3.0,3.0,0,0,2.6100000000000003,1.6100000000000003,0,0
2026-01-06 21:30:00,Catfish,28.52,7.13,4.36,3.0,3.0,3.0,2.0,3.0,3.0,0,0,2.3600000000000003,1.3600000000000003,0,0
2026-01-06 21:45:00,Catfish,28.69,7.19,4.62,3.0,3.0,3.0,2.0,3.0,3.0,0,0,2.62,1.62,0,0
2026-01-06 22:00:00,Catfish,28.56,7.04,4.26,3.0,3.0,3.0,2.0,3.0,3.0,0,0,2.26,1.2599999999999998,0,0
2026-01-06 22:15:00,Catfish,28.46,7.22,4.43,3.0,3.0,3.0,2.0,3.0,3.0,0,0,2.4299999999999997,1.4299999999999997,0,0
2026-01-06 22:30:00,Catfish,28.48,7.15,4.25,3.0,3.0,3.0,2.0,3.0,3.0,0,0,2.25,1.25,0,0
2026-01-06 22:45:00,Catfish,28.47,7.25,4.72,3.0,3.0,3.0,2.0,3.0,3.0,0,0,2.7199999999999998,1.7199999999999998,0,0
2026-01-06 23:00:00,Catfish,28.68,7.09,4.22,3.0,3.0,3.0,2.0,3.0,3.0,0,0,2.2199999999999998,1.2199999999999998,0,0
2026-01-06 23:15:00,Catfish,28.55,7.04,4.65,3.0,3.0,3.0,2.0,3.0,3.0,0,0,2.6500000000000004,1.6500000000000004,0,0
2026-01-06 23:30:00,Catfish,28.77,6.95,4.34,3.0,2.0,3.0,2.0,3.0,2.6666666666666665,0,0,2.34,1.3399999999999999,0,0
2026-01-06 23:45:00,Catfish,28.59,6.96,4.24,3.0,2.0,3.0,2.0,3.0,2.6666666666666665,0,0,2.24,1.2400000000000002,0,0
2026-01-07 00:00:00,Catfish,28.7,7.01,4.43,3.0,3.0,3.0,2.0,3.0,3.0,0,0,2.4299999999999997,1.4299999999999997,0,0
2026-01-07 00:15:00,Catfish,28.76,7.0,4.54,3.0,3.0,3.0,2.0,3.0,3.0,0,0,2.54,1.54,0,0
2026-01-07 00:30:00,Catfish,28.59,7.14,4.25,3.0,3.0,3.0,2.0,3.0,3.0,0,0,2.25,1.25,0,0
2026-01-07 00:45:00,Catfish,28.89,7.11,4.47,3.0,3.0,3.0,2.0,3.0,3.0,0,0,2.4699999999999998,1.4699999999999998,0,0
2026-01-07 01:00:00,Catfish,28.72,7.01,4.32,3.0,3.0,3.0,2.0,3.0,3.0,0,0,2.3200000000000003,1.3200000000000003,0,0
2026-01-07 01:15:00,Catfish,28.71,6.97,4.24,3.0,2.0,3.0,2.0,3.0,2.6666666666666665,0,0,2.24,1.2400000000000002,0,0
2026-01-07 01:30:00,Catfish,28.73,7.09,4.56,3.0,3.0,3.0,2.0,3.0,3.0,0,0,2.5599999999999996,1.5599999999999996,0,0
2026-01-07 01:45:00,Catfish,28.87,7.06,4.52,3.0,3.0,3.0,2.0,3.0,3.0,0,0,2.5199999999999996,1.5199999999999996,0,0
2026-01-07 02:00:00,Catfish,28.99,7.25,4.31,3.0,3.0,3.0,2.0,3.0,3.0,0,0,2.3099999999999996,1.3099999999999996,0,0
2026-01-07 02:15:00,Catfish,28.69,7.13,4.58,3.0,3.0,3.0,2.0,3.0,3.0,0,0,2.58,1.58,0,0
2026-01-07 02:30:00,Catfish,28.68,7.12,4.23,3.0,3.0,3.0,2.0,3.0,3.0,0,0,2.2300000000000004,1.2300000000000004,0,0
2026-01-07 02:45:00,Catfish,28.96,7.04,4.29,3.0,3.0,3.0,2.0,3.0,3.0,0,0,2.29,1.29,0,0
2026-01-07 03:00:00,Catfish,28.83,7.02,4.69,3.0,3.0,3.0,2.0,3.0,3.0,0,0,2.6900000000000004,1.6900000000000004,0,0
2026-01-07 03:15:00,Catfish,28.9,7.02,4.25,3.0,3.0,3.0,2.0,3.0,3.0,0,0,2.25,1.25,0,0
2026-01-07 03:30:00,Catfish,28.91,7.06,4.23,3.0,3.0,3.0,2.0,3.0,3.0,0,0,2.2300000000000004,1.2300000000000004,0,0
2026-01-07 03:45:00,Catfish,29.04,7.15,4.2,3.0,3.0,3.0,2.0,3.0,3.0,0,0,2.2,1.2000000000000002,0,0
2026-01-07 04:00:00,Catfish,29.12,6.99,4.1,3.0,2.0,3.0,2.0,3.0,2.6666666666666665,0,0,2.0999999999999996,1.0999999999999996,0,0
2026-01-07 04:15:00,Catfish,29.18,6.97,4.41,3.0,2.0,3.0,2.0,3.0,2.6666666666666665,0,0,2.41,1.4100000000000001,0,0
2026-01-07 04:30:00,Catfish,29.0,7.13,4.56,3.0,3.0,3.0,2.0,3.0,3.0,0,0,2.5599999999999996,1.5599999999999996,0,0
2026-01-07 04:45:00,Catfish,29.13,7.04,4.59,3.0,3.0,3.0,2.0,3.0,3.0,0,0,2.59,1.5899999999999999,0,0
2026-01-07 05:00:00,Catfish,29.13,7.03,4.56,3.0,3.0,3.0,2.0,3.0,3.0,0,0,2.5599999999999996,1.5599999999999996,0,0
2026-01-07 05:15:00,Catfish,29.17,7.09,4.8,3.0,3.0,3.0,2.0,3.0,3.0,0,0,2.8,1.7999999999999998,0,0
2026-01-07 05:30:00,Catfish,29.21,7.12,4.63,3.0,3.0,3.0,2.0,3.0,3.0,0,0,2.63,1.63,0,0
2026-01-07 05:45:00,Catfish,29.5,7.04,4.56,3.0,3.0,3.0,2.0,3.0,3.0,0,0,2.5599999999999996,1.5599999999999996,0,0
2026-01-07 06:00:00,Catfish,29.15,7.23,4.48,3.0,3.0,3.0,2.0,3.0,3.0,0,0,2.4800000000000004,1.4800000000000004,0,0
2026-01-07 06:15:00,Catfish,29.39,7.19,4.9,3.0,3.0,3.0,2.0,3.0,3.0,0,0,2.9000000000000004,1.9000000000000004,0,0
2026-01-07 06:30:00,Catfish,29.44,7.0,4.74,3.0,3.0,3.0,2.0,3.0,3.0,0,0,2.74,1.7400000000000002,0,0
2026-01-07 06:45:00,Catfish,29.46,7.1,5.02,3.0,3.0,3.0,2.0,3.0,3.0,0,0,3.0199999999999996,2.0199999999999996,0,0
2026-01-07 07:00:00,Catfish,29.51,7.2,4.82,3.0,3.0,3.0,2.0,3.0,3.0,0,0,2.8200000000000003,1.8200000000000003,0,0
2026-01-07 07:15:00,Catfish,29.51,7.01,4.9,3.0,3.0,3.0,2.0,3.0,3.0,0,0,2.9000000000000004,1.9000000000000004,0,0
2026-01-07 07:30:00,Catfish,29.52,7.08,4.66,3.0,3.0,3.0,2.0,3.0,3.0,0,0,2.66,1.6600000000000001,0,0
2026-01-07 07:45:00,Catfish,29.47,7.13,5.29,3.0,3.0,3.0,2.0,3.0,3.0,0,0,3.29,2.29,0,0
2026-01-07 08:00:00,Catfish,29.54,7.18,4.94,3.0,3.0,3.0,2.0,3.0,3.0,0,0,2.9400000000000004,1.9400000000000004,0,0
2026-01-07 08:15:00,Catfish,29.51,7.19,4.95,3.0,3.0,3.0,2.0,3.0,3.0,0,0,2.95,1.9500000000000002,0,0
2026-01-07 08:30:00,Catfish,29.59,7.19,5.12,3.0,3.0,3.0,2.0,3.0,3.0,0,0,3.12,2.12,0,0
2026-01-07 08:45:00,Catfish,29.68,7.13,5.29,3.0,3.0,3.0,2.0,3.0,3.0,0,0,3.29,2.29,0,0
2026-01-07 09:00:00,Catfish,29.79,7.0,4.95,3.0,3.0,3.0,2.0,3.0,3.0,0,0,2.95,1.9500000000000002,0,0
2026-01-07 09:15:00,Catfish,29.61,7.01,5.2,3.0,3.0,3.0,2.0,3.0,3.0,0,0,3.2,2.2,0,0
2026-01-07 09:30:00,Catfish,29.61,7.13,5.31,3.0,3.0,3.0,2.0,3.0,3.0,0,0,3.3099999999999996,2.3099999999999996,0,0
2026-01-07 09:45:00,Catfish,29.61,7.13,4.78,3.0,3.0,3.0,2.0,3.0,3.0,0,0,2.7800000000000002,1.7800000000000002,0,0
2026-01-07 10:00:00,Catfish,29.76,7.15,5.25,3.0,3.0,3.0,2.0,3.0,3.0,0,0,3.25,2.25,0,0
2026-01-07 10:15:00,Catfish,29.71,7.12,5.11,3.0,3.0,3.0,2.0,3.0,3.0,0,0,3.1100000000000003,2.1100000000000003,0,0
2026-01-07 10:30:00,Catfish,29.82,7.07,4.99,3.0,3.0,3.0,2.0,3.0,3.0,0,0,2.99,1.9900000000000002,0,0
2026-01-07 10:45:00,Catfish,29.8,7.07,5.02,3.0,3.0,3.0,2.0,3.0,3.0,0,0,3.0199999999999996,2.0199999999999996,0,0
2026-01-07 11:00:00,Catfish,29.79,7.36,5.5,3.0,3.0,3.0,2.0,3.0,3.0,0,0,3.5,2.5,0,0
2026-01-07 11:15:00,Catfish,29.85,7.16,5.01,3.0,3.0,3.0,2.0,3.0,3.0,0,0,3.01,2.01,0,0
2026-01-07 11:30:00,Catfish,29.94,7.16,5.6,3.0,3.0,3.0,2.0,3.0,3.0,0,0,3.5999999999999996,2.5999999999999996,0,0
2026-01-07 11:45:00,Catfish,29.87,7.11,5.22,3.0,3.0,3.0,2.0,3.0,3.0,0,0,3.2199999999999998,2.2199999999999998,0,0
2026-01-07 12:00:00,Catfish,29.87,7.07,5.07,3.0,3.0,3.0,2.0,3.0,3.0,0,0,3.0700000000000003,2.0700000000000003,0,0
2026-01-07 12:15:00,Catfish,29.89,7.08,5.46,3.0,3.0,3.0,2.0,3.0,3.0,0,0,3.46,2.46,0,0
2026-01-07 12:30:00,Catfish,29.76,7.15,5.21,3.0,3.0,3.0,2.0,3.0,3.0,0,0,3.21,2.21,0,0
2026-01-07 12:45:00,Catfish,29.6,7.11,5.25,3.0,3.0,3.0,2.0,3.0,3.0,0,0,3.25,2.25,0,0
2026-01-07 13:00:00,Catfish,29.59,7.13,5.25,3.0,3.0,3.0,2.0,3.0,3.0,0,0,3.25,2.25,0,0
2026-01-07 13:15:00,Catfish,29.72,7.31,5.2,3.0,3.0,3.0,2.0,3.0,3.0,0,0,3.2,2.2,0,0
2026-01-07 13:30:00,Catfish,29.83,7.08,5.15,3.0,3.0,3.0,2.0,3.0,3.0,0,0,3.1500000000000004,2.1500000000000004,0,0
2026-01-07 13:45:00,Catfish,29.66,7.16,5.42,3.0,3.0,3.0,2.0,3.0,3.0,0,0,3.42,2.42,0,0
2026-01-07 14:00:00,Catfish,29.78,7.22,5.18,3.0,3.0,3.0,2.0,3.0,3.0,0,0,3.1799999999999997,2.1799999999999997,0,0
2026-01-07 14:15:00,Catfish,29.67,7.11,5.25,3.0,3.0,3.0,2.0,3.0,3.0,0,0,3.25,2.25,0,0
2026-01-07 14:30:00,Catfish,29.58,7.08,5.44,3.0,3.0,3.0,2.0,3.0,3.0,0,0,3.4400000000000004,2.4400000000000004,0,0
2026-01-07 14:45:00,Catfish,29.49,7.08,5.16,3.0,3.0,3.0,2.0,3.0,3.0,0,0,3.16,2.16,0,0
2026-01-07 15:00:00,Catfish,29.57,7.35,5.13,3.0,3.0,3.0,2.0,3.0,3.0,0,0,3.13,2.13,0,0
2026-01-07 15:15:00,Catfish,29.34,7.16,5.08,3.0,3.0,3.0,2.0,3.0,3.0,0,0,3.08,2.08,0,0
2026-01-07 15:30:00,Catfish,29.5,6.99,5.3,3.0,2.0,3.0,2.0,3.0,2.6666666666666665,0,0,3.3,2.3,0,0
2026-01-07 15:45:00,Catfish,29.37,7.09,5.07,3.0,3.0,3.0,2.0,3.0,3.0,0,0,3.0700000000000003,2.0700000000000003,0,0
2026-01-07 16:00:00,Catfish,29.34,7.09,4.99,3.0,3.0,3.0,2.0,3.0,3.0,0,0,2.99,1.9900000000000002,0,0
2026-01-07 16:15:00,Catfish,29.34,7.17,5.21,3.0,3.0,3.0,2.0,3.0,3.0,0,0,3.21,2.21,0,0
2026-01-07 16:30:00,Catfish,29.22,6.97,4.87,3.0,2.0,3.0,2.0,3.0,2.6666666666666665,0,0,2.87,1.87,0,0
2026-01-07 16:45:00,Catfish,29.27,7.13,5.04,3.0,3.0,3.0,2.0,3.0,3.0,0,0,3.04,2.04,0,0
2026-01-07 17:00:00,Catfish,29.21,7.25,5.3,3.0,3.0,3.0,2.0,3.0,3.0,0,0,3.3,2.3,0,0
2026-01-07 17:15:00,Catfish,29.17,7.29,5.09,3.0,3.0,3.0,2.0,3.0,3.0,0,0,3.09,2.09,0,0
2026-01-07 17:30:00,Catfish,29.26,7.11,4.92,3.0,3.0,3.0,2.0,3.0,3.0,0,0,2.92,1.92,0,0
2026-01-07 17:45:00,Catfish,29.0,7.25,5.08,3.0,3.0,3.0,2.0,3.0,3.0,0,0,3.08,2.08,0,0
2026-01-07 18:00:00,Catfish,29.08,7.33,4.97,3.0,3.0,3.0,2.0,3.0,3.0,0,0,2.9699999999999998,1.9699999999999998,0,0
2026-01-07 18:15:00,Catfish,29.0,7.11,4.97,3.0,3.0,3.0,2.0,3.0,3.0,0,0,2.9699999999999998,1.9699999999999998,0,0
2026-01-07 18:30:00,Catfish,29.12,7.09,4.82,3.0,3.0,3.0,2.0,3.0,3.0,0,0,2.8200000000000003,1.8200000000000003,0,0
2026-01-07 18:45:00,Catfish,28.96,7.22,4.96,3.0,3.0,3.0,2.0,3.0,3.0,0,0,2.96,1.96,0,0
2026-01-07 19:00:00,Catfish,29.05,7.21,4.84,3.0,3.0,3.0,2.0,3.0,3.0,0,0,2.84,1.8399999999999999,0,0
2026-01-07 19:15:00,Catfish,28.89,7.14,4.89,3.0,3.0,3.0,2.0,3.0,3.0,0,0,2.8899999999999997,1.8899999999999997,0,0
2026-01-07 19:30:00,Catfish,28.7,7.1,4.64,3.0,3.0,3.0,2.0,3.0,3.0,0,0,2.6399999999999997,1.6399999999999997,0,0
2026-01-07 19:45:00,Catfish,28.77,7.38,4.75,3.0,3.0,3.0,2.0,3.0,3.0,0,0,2.75,1.75,0,0
2026-01-07 20:00:00,Catfish,28.66,6.87,4.8,3.0,2.0,3.0,2.0,3.0,2.6666666666666665,0,0,2.8,1.7999999999999998,0,0
2026-01-07 20:15:00,Catfish,28.79,7.1,4.93,3.0,3.0,3.0,2.0,3.0,3.0,0,0,2.9299999999999997,1.9299999999999997,0,0
2026-01-07 20:30:00,Catfish,28.66,7.13,4.74,3.0,3.0,3.0,2.0,3.0,3.0,0,0,2.74,1.7400000000000002,0,0
2026-01-07 20:45:00,Catfish,28.75,7.02,4.83,3.0,3.0,3.0,2.0,3.0,3.0,0,0,2.83,1.83,0,0
2026-01-07 21:00:00,Catfish,28.77,7.15,4.8,3.0,3.0,3.0,2.0,3.0,3.0,0,0,2.8,1.7999999999999998,0,0
2026-01-07 21:15:00,Catfish,28.62,7.12,4.75,3.0,3.0,3.0,2.0,3.0,3.0,0,0,2.75,1.75,0,0
2026-01-07 21:30:00,Catfish,28.68,7.07,4.54,3.0,3.0,3.0,2.0,3.0,3.0,0,0,2.54,1.54,0,0
2026-01-07 21:45:00,Catfish,28.65,6.93,4.59,3.0,2.0,3.0,2.0,3.0,2.6666666666666665,0,0,2.59,1.5899999999999999,0,0
2026-01-07 22:00:00,Catfish,28.62,7.08,4.35,3.0,3.0,3.0,2.0,3.0,3.0,0,0,2.3499999999999996,1.3499999999999996,0,0
2026-01-07 22:15:00,Catfish,28.63,7.16,4.22,3.0,3.0,3.0,2.0,3.0,3.0,0,0,2.2199999999999998,1.2199999999999998,0,0
2026-01-07 22:30:00,Catfish,28.64,7.16,4.44,3.0,3.0,3.0,2.0,3.0,3.0,0,0,2.4400000000000004,1.4400000000000004,0,0
2026-01-07 22:45:00,Catfish,28.59,6.99,4.19,3.0,2.0,3.0,2.0,3.0,2.6666666666666665,0,0,2.1900000000000004,1.1900000000000004,0,0
2026-01-07 23:00:00,Catfish,28.48,7.05,4.37,3.0,3.0,3.0,2.0,3.0,3.0,0,0,2.37,1.37,0,0
2026-01-07 23:15:00,Catfish,28.82,6.97,4.19,3.0,2.0,3.0,2.0,3.0,2.6666666666666665,0,0,2.1900000000000004,1.1900000000000004,0,0
2026-01-07 23:30:00,Catfish,28.53,7.25,4.59,3.0,3.0,3.0,2.0,3.0,3.0,0,0,2.59,1.5899999999999999,0,0
2026-01-07 23:45:00,Catfish,28.47,7.01,4.31,3.0,3.0,3.0,2.0,3.0,3.0,0,0,2.3099999999999996,1.3099999999999996,0,0
2026-01-08 00:00:00,Catfish,28.74,7.03,4.57,3.0,3.0,3.0,2.0,3.0,3.0,0,0,2.5700000000000003,1.5700000000000003,0,0
2026-01-08 00:15:00,Catfish,28.72,6.99,4.14,3.0,2.0,3.0,2.0,3.0,2.6666666666666665,0,0,2.1399999999999997,1.1399999999999997,0,0
2026-01-08 00:30:00,Catfish,28.53,7.05,4.21,3.0,3.0,3.0,2.0,3.0,3.0,0,0,2.21,1.21,0,0
2026-01-08 00:45:00,Catfish,28.81,7.1,4.4,3.0,3.0,3.0,2.0,3.0,3.0,0,0,2.4000000000000004,1.4000000000000004,0,0
2026-01-08 01:00:00,Catfish,28.63,6.93,4.3,3.0,2.0,3.0,2.0,3.0,2.6666666666666665,0,0,2.3,1.2999999999999998,0,0
2026-01-08 01:15:00,Catfish,28.63,6.92,4.5,3.0,2.0,3.0,2.0,3.0,2.6666666666666665,0,0,2.5,1.5,0,0
2026-01-08 01:30:00,Catfish,28.77,7.07,4.23,3.0,3.0,3.0,2.0,3.0,3.0,0,0,2.2300000000000004,1.2300000000000004,0,0
2026-01-08 01:45:00,Catfish,28.62,7.16,4.23,3.0,3.0,3.0,2.0,3.0,3.0,0,0,2.2300000000000004,1.2300000000000004,0,0
2026-01-08 02:00:00,Catfish,28.57,6.96,3.94,3.0,2.0,3.0,2.0,3.0,2.6666666666666665,0,0,1.94,0.94,0,0
2026-01-08 02:15:00,Catfish,28.78,6.99,4.3,3.0,2.0,3.0,2.0,3.0,2.6666666666666665,0,0,2.3,1.2999999999999998,0,0
2026-01-08 02:30:00,Catfish,28.8,6.96,4.6,3.0,2.0,3.0,2.0,3.0,2.6666666666666665,0,0,2.5999999999999996,1.5999999999999996,0,0
2026-01-08 02:45:00,Catfish,28.82,7.01,4.46,3.0,3.0,3.0,2.0,3.0,3.0,0,0,2.46,1.46,0,0
2026-01-08 03:00:00,Catfish,28.75,7.02,4.48,3.0,3.0,3.0,2.0,3.0,3.0,0,0,2.4800000000000004,1.4800000000000004,0,0
2026-01-08 03:15:00,Catfish,28.73,7.12,4.76,3.0,3.0,3.0,2.0,3.0,3.0,0,0,2.76,1.7599999999999998,0,0
2026-01-08 03:30:00,Catfish,28.88,6.94,4.49,3.0,2.0,3.0,2.0,3.0,2.6666666666666665,0,0,2.49,1.4900000000000002,0,0
2026-01-08 03:45:00,Catfish,28.87,7.07,4.25,3.0,3.0,3.0,2.0,3.0,3.0,0,0,2.25,1.25,0,0
2026-01-08 04:00:00,Catfish,28.79,6.91,4.19,3.0,2.0,3.0,2.0,3.0,2.6666666666666665,0,0,2.1900000000000004,1.1900000000000004,0,0
2026-01-08 04:15:00,Catfish,28.99,7.06,4.75,3.0,3.0,3.0,2.0,3.0,3.0,0,0,2.75,1.75,0,0
2026-01-08 04:30:00,Catfish,29.14,7.01,4.61,3.0,3.0,3.0,2.0,3.0,3.0,0,0,2.6100000000000003,1.6100000000000003,0,0
2026-01-08 04:45:00,Catfish,29.17,7.08,4.52,3.0,3.0,3.0,2.0,3.0,3.0,0,0,2.5199999999999996,1.5199999999999996,0,0
2026-01-08 05:00:00,Catfish,29.15,7.0,3.95,3.0,3.0,3.0,2.0,3.0,3.0,0,0,1.9500000000000002,0.9500000000000002,0,0
2026-01-08 05:15:00,Catfish,29.22,7.03,4.43,3.0,3.0,3.0,2.0,3.0,3.0,0,0,2.4299999999999997,1.4299999999999997,0,0
2026-01-08 05:30:00,Catfish,29.19,7.18,4.87,3.0,3.0,3.0,2.0,3.0,3.0,0,0,2.87,1.87,0,0
2026-01-08 05:45:00,Catfish,29.35,7.08,4.98,3.0,3.0,3.0,2.0,3.0,3.0,0,0,2.9800000000000004,1.9800000000000004,0,0
2026-01-08 06:00:00,Catfish,29.36,7.04,4.66,3.0,3.0,3.0,2.0,3.0,3.0,0,0,2.66,1.6600000000000001,0,0
2026-01-08 06:15:00,Catfish,29.34,7.16,4.79,3.0,3.0,3.0,2.0,3.0,3.0,0,0,2.79,1.79,0,0
2026-01-08 06:30:00,Catfish,29.33,7.12,4.75,3.0,3.0,3.0,2.0,3.0,3.0,0,0,2.75,1.75,0,0
2026-01-08 06:45:00,Catfish,29.43,7.22,4.69,3.0,3.0,3.0,2.0,3.0,3.0,0,0,2.6900000000000004,1.6900000000000004,0,0
2026-01-08 07:00:00,Catfish,29.44,7.0,4.55,3.0,3.0,3.0,2.0,3.0,3.0,0,0,2.55,1.5499999999999998,0,0
2026-01-08 07:15:00,Catfish,29.63,7.2,5.04,3.0,3.0,3.0,2.0,3.0,3.0,0,0,3.04,2.04,0,0
2026-01-08 07:30:00,Catfish,29.58,7.2,4.89,3.0,3.0,3.0,2.0,3.0,3.0,0,0,2.8899999999999997,1.8899999999999997,0,0
2026-01-08 07:45:00,Catfish,29.65,7.03,4.81,3.0,3.0,3.0,2.0,3.0,3.0,0,0,2.8099999999999996,1.8099999999999996,0,0
2026-01-08 08:00:00,Catfish,29.47,7.15,5.06,3.0,3.0,3.0,2.0,3.0,3.0,0,0,3.0599999999999996,2.0599999999999996,0,0
2026-01-08 08:15:00,Catfish,29.48,7.09,5.19,3.0,3.0,3.0,2.0,3.0,3.0,0,0,3.1900000000000004,2.1900000000000004,0,0
2026-01-08 08:30:00,Catfish,29.63,7.04,4.78,3.0,3.0,3.0,2.0,3.0,3.0,0,0,2.7800000000000002,1.7800000000000002,0,0
2026-01-08 08:45:00,Catfish,29.61,7.11,5.06,3.0,3.0,3.0,2.0,3.0,3.0,0,0,3.0599999999999996,2.0599999999999996,0,0
2026-01-08 09:00:00,Catfish,29.82,7.14,5.19,3.0,3.0,3.0,2.0,3.0,3.0,0,0,3.1900000000000004,2.1900000000000004,0,0
2026-01-08 09:15:00,Catfish,29.77,7.11,4.89,3.0,3.0,3.0,2.0,3.0,3.0,0,0,2.8899999999999997,1.8899999999999997,0,0
2026-01-08 09:30:00,Catfish,29.63,7.04,4.86,3.0,3.0,3.0,2.0,3.0,3.0,0,0,2.8600000000000003,1.8600000000000003,0,0
2026-01-08 09:45:00,Catfish,29.73,7.13,5.01,3.0,3.0,3.0,2.0,3.0,3.0,0,0,3.01,2.01,0,0
2026-01-08 10:00:00,Catfish,29.57,7.11,5.22,3.0,3.0,3.0,2.0,3.0,3.0,0,0,3.2199999999999998,2.2199999999999998,0,0
2026-01-08 10:15:00,Catfish,29.73,7.21,5.05,3.0,3.0,3.0,2.0,3.0,3.0,0,0,3.05,2.05,0,0
2026-01-08 10:30:00,Catfish,29.93,7.14,5.43,3.0,3.0,3.0,2.0,3.0,3.0,0,0,3.4299999999999997,2.4299999999999997,0,0
2026-01-08 10:45:00,Catfish,29.72,7.21,5.34,3.0,3.0,3.0,2.0,3.0,3.0,0,0,3.34,2.34,0,0
2026-01-08 11:00:00,Catfish,29.91,7.15,5.39,3.0,3.0,3.0,2.0,3.0,3.0,0,0,3.3899999999999997,2.3899999999999997,0,0
2026-01-08 11:15:00,Catfish,29.82,7.08,5.43,3.0,3.0,3.0,2.0,3.0,3.0,0,0,3.4299999999999997,2.4299999999999997,0,0
2026-01-08 11:30:00,Catfish,29.65,7.2,5.37,3.0,3.0,3.0,2.0,3.0,3.0,0,0,3.37,2.37,0,0
2026-01-08 11:45:00,Catfish,29.86,7.27,5.46,3.0,3.0,3.0,2.0,3.0,3.0,0,0,3.46,2.46,0,0
2026-01-08 12:00:00,Catfish,29.9,7.3,5.32,3.0,3.0,3.0,2.0,3.0,3.0,0,0,3.3200000000000003,2.3200000000000003,0,0
2026-01-08 12:15:00,Catfish,29.77,7.06,5.16,3.0,3.0,3.0,2.0,3.0,3.0,0,0,3.16,2.16,0,0
2026-01-08 12:30:00,Catfish,29.76,7.13,5.1,3.0,3.0,3.0,2.0,3.0,3.0,0,0,3.0999999999999996,2.0999999999999996,0,0
2026-01-08 12:45:00,Catfish,29.87,7.18,5.39,3.0,3.0,3.0,2.0,3.0,3.0,0,0,3.3899999999999997,2.3899999999999997,0,0
2026-01-08 13:00:00,Catfish,29.92,7.05,5.2,3.0,3.0,3.0,2.0,3.0,3.0,0,0,3.2,2.2,0,0
2026-01-08 13:15:00,Catfish,29.79,7.21,4.87,3.0,3.0,3.0,2.0,3.0,3.0,0,0,2.87,1.87,0,0
2026-01-08 13:30:00,Catfish,29.64,7.1,5.5,3.0,3.0,3.0,2.0,3.0,3.0,0,0,3.5,2.5,0,0
2026-01-08 13:45:00,Catfish,29.87,7.11,5.15,3.0,3.0,3.0,2.0,3.0,3.0,0,0,3.1500000000000004,2.1500000000000004,0,0
2026-01-08 14:00:00,Catfish,29.58,7.11,5.15,3.0,3.0,3.0,2.0,3.0,3.0,0,0,3.1500000000000004,2.1500000000000004,0,0
2026-01-08 14:15:00,Catfish,29.84,7.08,5.27,3.0,3.0,3.0,2.0,3.0,3.0,0,0,3.2699999999999996,2.2699999999999996,0,0
2026-01-08 14:30:00,Catfish,29.56,7.08,5.5,3.0,3.0,3.0,2.0,3.0,3.0,0,0,3.5,2.5,0,0
2026-01-08 14:45:00,Catfish,29.64,6.94,5.36,3.0,2.0,3.0,2.0,3.0,2.6666666666666665,0,0,3.3600000000000003,2.3600000000000003,0,0
2026-01-08 15:00:00,Catfish,29.53,7.07,5.18,3.0,3.0,3.0,2.0,3.0,3.0,0,0,3.1799999999999997,2.1799999999999997,0,0
2026-01-08 15:15:00,Catfish,29.51,7.11,5.19,3.0,3.0,3.0,2.0,3.0,3.0,0,0,3.1900000000000004,2.1900000000000004,0,0
2026-01-08 15:30:00,Catfish,29.52,7.16,5.01,3.0,3.0,3.0,2.0,3.0,3.0,0,0,3.01,2.01,0,0
2026-01-08 15:45:00,Catfish,29.53,7.05,5.34,3.0,3.0,3.0,2.0,3.0,3.0,0,0,3.34,2.34,0,0
2026-01-08 16:00:00,Catfish,29.32,7.21,5.13,3.0,3.0,3.0,2.0,3.0,3.0,0,0,3.13,2.13,0,0
2026-01-08 16:15:00,Catfish,29.19,7.2,4.85,3.0,3.0,3.0,2.0,3.0,3.0,0,0,2.8499999999999996,1.8499999999999996,0,0
2026-01-08 16:30:00,Catfish,29.41,7.24,4.98,3.0,3.0,3.0,2.0,3.0,3.0,0,0,2.9800000000000004,1.9800000000000004,0,0
2026-01-08 16:45:00,Catfish,29.22,7.16,5.13,3.0,3.0,3.0,2.0,3.0,3.0,0,0,3.13,2.13,0,0
2026-01-08 17:00:00,Catfish,29.12,7.08,4.63,3.0,3.0,3.0,2.0,3.0,3.0,0,0,2.63,1.63,0,0
2026-01-08 17:15:00,Catfish,29.08,6.99,4.93,3.0,2.0,3.0,2.0,3.0,2.6666666666666665,0,0,2.9299999999999997,1.9299999999999997,0,0
2026-01-08 17:30:00,Catfish,28.96,7.21,4.88,3.0,3.0,3.0,2.0,3.0,3.0,0,0,2.88,1.88,0,0
2026-01-08 17:45:00,Catfish,29.08,7.07,4.81,3.0,3.0,3.0,2.0,3.0,3.0,0,0,2.8099999999999996,1.8099999999999996,0,0
2026-01-08 18:00:00,Catfish,28.95,7.04,4.65,3.0,3.0,3.0,2.0,3.0,3.0,0,0,2.6500000000000004,1.6500000000000004,0,0
2026-01-08 18:15:00,Catfish,29.11,7.11,4.82,3.0,3.0,3.0,2.0,3.0,3.0,0,0,2.8200000000000003,1.8200000000000003,0,0
2026-01-08 18:30:00,Catfish,28.78,7.02,4.74,3.0,3.0,3.0,2.0,3.0,3.0,0,0,2.74,1.7400000000000002,0,0
2026-01-08 18:45:00,Catfish,28.96,7.17,4.78,3.0,3.0,3.0,2.0,3.0,3.0,0,0,2.7800000000000002,1.7800000000000002,0,0
2026-01-08 19:00:00,Catfish,28.85,7.13,4.71,3.0,3.0,3.0,2.0,3.0,3.0,0,0,2.71,1.71,0,0
2026-01-08 19:15:00,Catfish,28.89,7.18,4.44,3.0,3.0,3.0,2.0,3.0,3.0,0,0,2.4400000000000004,1.4400000000000004,0,0
2026-01-08 19:30:00,Catfish,28.66,7.07,4.62,3.0,3.0,3.0,2.0,3.0,3.0,0,0,2.62,1.62,0,0
2026-01-08 19:45:00,Catfish,28.58,7.25,4.58,3.0,3.0,3.0,2.0,3.0,3.0,0,0,2.58,1.58,0,0
2026-01-08 20:00:00,Catfish,28.81,6.97,4.64,3.0,2.0,3.0,2.0,3.0,2.6666666666666665,0,0,2.6399999999999997,1.6399999999999997,0,0
2026-01-08 20:15:00,Catfish,28.97,7.09,4.53,3.0,3.0,3.0,2.0,3.0,3.0,0,0,2.5300000000000002,1.5300000000000002,0,0
2026-01-08 20:30:00,Catfish,28.73,7.09,4.99,3.0,3.0,3.0,2.0,3.0,3.0,0,0,2.99,1.9900000000000002,0,0
2026-01-08 20:45:00,Catfish,28.57,7.23,4.85,3.0,3.0,3.0,2.0,3.0,3.0,0,0,2.8499999999999996,1.8499999999999996,0,0
2026-01-08 21:00:00,Catfish,28.76,7.15,4.69,3.0,3.0,3.0,2.0,3.0,3.0,0,0,2.6900000000000004,1.6900000000000004,0,0
2026-01-08 21:15:00,Catfish,28.67,7.03,4.78,3.0,3.0,3.0,2.0,3.0,3.0,0,0,2.7800000000000002,1.7800000000000002,0,0
2026-01-08 21:30:00,Catfish,28.71,7.0,4.22,3.0,3.0,3.0,2.0,3.0,3.0,0,0,2.2199999999999998,1.2199999999999998,0,0
2026-01-08 21:45:00,Catfish,28.67,7.06,4.38,3.0,3.0,3.0,2.0,3.0,3.0,0,0,2.38,1.38,0,0
2026-01-08 22:00:00,Catfish,28.62,7.1,4.63,3.0,3.0,3.0,2.0,3.0,3.0,0,0,2.63,1.63,0,0
2026-01-08 22:15:00,Catfish,28.76,7.03,4.13,3.0,3.0,3.0,2.0,3.0,3.0,0,0,2.13,1.13,0,0
2026-01-08 22:30:00,Catfish,28.51,6.99,4.37,3.0,2.0,3.0,2.0,3.0,2.6666666666666665,0,0,2.37,1.37,0,0
2026-01-08 22:45:00,Catfish,28.6,7.16,4.53,3.0,3.0,3.0,2.0,3.0,3.0,0,0,2.5300000000000002,1.5300000000000002,0,0
2026-01-08 23:00:00,Catfish,28.49,7.08,4.51,3.0,3.0,3.0,2.0,3.0,3.0,0,0,2.51,1.5099999999999998,0,0
2026-01-08 23:15:00,Catfish,28.58,7.06,4.42,3.0,3.0,3.0,2.0,3.0,3.0,0,0,2.42,1.42,0,0
2026-01-08 23:30:00,Catfish,28.36,6.84,4.01,3.0,2.0,3.0,2.0,3.0,2.6666666666666665,0,0,2.01,1.0099999999999998,0,0
2026-01-08 23:45:00,Catfish,28.53,7.06,4.61,3.0,3.0,3.0,2.0,3.0,3.0,0,0,2.6100000000000003,1.6100000000000003,0,0
2026-01-09 00:00:00,Catfish,28.43,6.96,4.4,3.0,2.0,3.0,2.0,3.0,2.6666666666666665,0,0,2.4000000000000004,1.4000000000000004,0,0
2026-01-09 00:15:00,Catfish,28.72,7.1,4.38,3.0,3.0,3.0,2.0,3.0,3.0,0,0,2.38,1.38,0,0
2026-01-09 00:30:00,Catfish,28.67,7.12,4.39,3.0,3.0,3.0,2.0,3.0,3.0,0,0,2.3899999999999997,1.3899999999999997,0,0
2026-01-09 00:45:00,Catfish,28.64,7.19,4.24,3.0,3.0,3.0,2.0,3.0,3.0,0,0,2.24,1.2400000000000002,0,0
2026-01-09 01:00:00,Catfish,28.55,7.08,4.37,3.0,3.0,3.0,2.0,3.0,3.0,0,0,2.37,1.37,0,0
2026-01-09 01:15:00,Catfish,28.6,7.04,4.62,3.0,3.0,3.0,2.0,3.0,3.0,0,0,2.62,1.62,0,0
2026-01-09 01:30:00,Catfish,28.77,6.94,4.18,3.0,2.0,3.0,2.0,3.0,2.6666666666666665,0,0,2.1799999999999997,1.1799999999999997,0,0
2026-01-09 01:45:00,Catfish,28.68,7.08,4.33,3.0,3.0,3.0,2.0,3.0,3.0,0,0,2.33,1.33,0,0
2026-01-09 02:00:00,Catfish,28.85,6.98,4.51,3.0,2.0,3.0,2.0,3.0,2.6666666666666665,0,0,2.51,1.5099999999999998,0,0
2026-01-09 02:15:00,Catfish,28.92,7.04,3.95,3.0,3.0,3.0,2.0,3.0,3.0,0,0,1.9500000000000002,0.9500000000000002,0,0
2026-01-09 02:30:00,Catfish,28.91,6.94,4.37,3.0,2.0,3.0,2.0,3.0,2.6666666666666665,0,0,2.37,1.37,0,0
2026-01-09 02:45:00,Catfish,28.83,6.93,4.65,3.0,2.0,3.0,2.0,3.0,2.6666666666666665,0,0,2.6500000000000004,1.6500000000000004,0,0
2026-01-09 03:00:00,Catfish,28.78,7.01,4.55,3.0,3.0,3.0,2.0,3.0,3.0,0,0,2.55,1.5499999999999998,0,0
2026-01-09 03:15:00,Catfish,29.0,7.04,4.57,3.0,3.0,3.0,2.0,3.0,3.0,0,0,2.5700000000000003,1.5700000000000003,0,0
2026-01-09 03:30:00,Catfish,28.84,7.07,4.44,3.0,3.0,3.0,2.0,3.0,3.0,0,0,2.4400000000000004,1.4400000000000004,0,0
2026-01-09 03:45:00,Catfish,29.05,7.06,4.06,3.0,3.0,3.0,2.0,3.0,3.0,0,0,2.0599999999999996,1.0599999999999996,0,0
2026-01-09 04:00:00,Catfish,29.05,6.98,4.26,3.0,2.0,3.0,2.0,3.0,2.6666666666666665,0,0,2.26,1.2599999999999998,0,0
2026-01-09 04:15:00,Catfish,29.07,7.09,4.21,3.0,3.0,3.0,2.0,3.0,3.0,0,0,2.21,1.21,0,0
2026-01-09 04:30:00,Catfish,28.95,7.07,4.79,3.0,3.0,3.0,2.0,3.0,3.0,0,0,2.79,1.79,0,0
2026-01-09 04:45:00,Catfish,29.14,6.98,4.85,3.0,2.0,3.0,2.0,3.0,2.6666666666666665,0,0,2.8499999999999996,1.8499999999999996,0,0
2026-01-09 05:00:00,Catfish,29.13,7.27,4.93,3.0,3.0,3.0,2.0,3.0,3.0,0,0,2.9299999999999997,1.9299999999999997,0,0
2026-01-09 05:15:00,Catfish,29.36,7.0,4.7,3.0,3.0,3.0,2.0,3.0,3.0,0,0,2.7,1.7000000000000002,0,0
2026-01-09 05:30:00,Catfish,29.22,7.22,4.73,3.0,3.0,3.0,2.0,3.0,3.0,0,0,2.7300000000000004,1.7300000000000004,0,0
2026-01-09 05:45:00,Catfish,29.53,7.15,4.53,3.0,3.0,3.0,2.0,3.0,3.0,0,0,2.5300000000000002,1.5300000000000002,0,0
2026-01-09 06:00:00,Catfish,29.28,7.22,4.38,3.0,3.0,3.0,2.0,3.0,3.0,0,0,2.38,1.38,0,0
2026-01-09 06:15:00,Catfish,29.39,7.04,4.63,3.0,3.0,3.0,2.0,3.0,3.0,0,0,2.63,1.63,0,0
2026-01-09 06:30:00,Catfish,29.36,6.92,4.77,3.0,2.0,3.0,2.0,3.0,2.6666666666666665,0,0,2.7699999999999996,1.7699999999999996,0,0
2026-01-09 06:45:00,Catfish,29.45,7.13,4.76,3.0,3.0,3.0,2.0,3.0,3.0,0,0,2.76,1.7599999999999998,0,0
2026-01-09 07:00:00,Catfish,29.44,7.25,4.45,3.0,3.0,3.0,2.0,3.0,3.0,0,0,2.45,1.4500000000000002,0,0
2026-01-09 07:15:00,Catfish,29.65,6.94,4.74,3.0,2.0,3.0,2.0,3.0,2.6666666666666665,0,0,2.74,1.7400000000000002,0,0
2026-01-09 07:30:00,Catfish,29.47,7.1,4.71,3.0,3.0,3.0,2.0,3.0,3.0,0,0,2.71,1.71,0,0
2026-01-09 07:45:00,Catfish,29.62,7.02,4.97,3.0,3.0,3.0,2.0,3.0,3.0,0,0,2.9699999999999998,1.9699999999999998,0,0
2026-01-09 08:00:00,Catfish,29.58,7.18,4.97,3.0,3.0,3.0,2.0,3.0,3.0,0,0,2.9699999999999998,1.9699999999999998,0,0
2026-01-09 08:15:00,Catfish,29.59,7.22,5.05,3.0,3.0,3.0,2.0,3.0,3.0,0,0,3.05,2.05,0,0
2026-01-09 08:30:00,Catfish,29.55,7.13,4.94,3.0,3.0,3.0,2.0,3.0,3.0,0,0,2.9400000000000004,1.9400000000000004,0,0
2026-01-09 08:45:00,Catfish,29.72,7.11,4.74,3.0,3.0,3.0,2.0,3.0,3.0,0,0,2.74,1.7400000000000002,0,0
2026-01-09 09:00:00,Catfish,29.78,7.14,4.68,3.0,3.0,3.0,2.0,3.0,3.0,0,0,2.6799999999999997,1.6799999999999997,0,0
2026-01-09 09:15:00,Catfish,29.87,7.18,5.04,3.0,3.0,3.0,2.0,3.0,3.0,0,0,3.04,2.04,0,0
2026-01-09 09:30:00,Catfish,29.69,7.12,5.31,3.0,3.0,3.0,2.0,3.0,3.0,0,0,3.3099999999999996,2.3099999999999996,0,0
2026-01-09 09:45:00,Catfish,29.83,7.13,5.29,3.0,3.0,3.0,2.0,3.0,3.0,0,0,3.29,2.29,0,0
2026-01-09 10:00:00,Catfish,29.77,7.29,5.21,3.0,3.0,3.0,2.0,3.0,3.0,0,0,3.21,2.21,0,0
2026-01-09 10:15:00,Catfish,29.69,7.03,4.99,3.0,3.0,3.0,2.0,3.0,3.0,0,0,2.99,1.9900000000000002,0,0
2026-01-09 10:30:00,Catfish,29.91,7.17,5.13,3.0,3.0,3.0,2.0,3.0,3.0,0,0,3.13,2.13,0,0
2026-01-09 10:45:00,Catfish,29.73,7.11,4.93,3.0,3.0,3.0,2.0,3.0,3.0,0,0,2.9299999999999997,1.9299999999999997,0,0
2026-01-09 11:00:00,Catfish,29.92,7.23,5.14,3.0,3.0,3.0,2.0,3.0,3.0,0,0,3.1399999999999997,2.1399999999999997,0,0
2026-01-09 11:15:00,Catfish,30.06,7.25,5.02,2.0,3.0,3.0,2.0,3.0,2.6666666666666665,0,0,3.0199999999999996,2.0199999999999996,0,0
2026-01-09 11:30:00,Catfish,29.78,7.13,5.26,3.0,3.0,3.0,2.0,3.0,3.0,0,0,3.26,2.26,0,0
2026-01-09 11:45:00,Catfish,29.86,7.04,5.45,3.0,3.0,3.0,2.0,3.0,3.0,0,0,3.45,2.45,0,0
2026-01-09 12:00:00,Catfish,29.81,7.22,5.04,3.0,3.0,3.0,2.0,3.0,3.0,0,0,3.04,2.04,0,0
2026-01-09 12:15:00,Catfish,29.67,7.01,5.42,3.0,3.0,3.0,2.0,3.0,3.0,0,0,3.42,2.42,0,0
2026-01-09 12:30:00,Catfish,29.85,7.09,5.19,3.0,3.0,3.0,2.0,3.0,3.0,0,0,3.1900000000000004,2.1900000000000004,0,0
2026-01-09 12:45:00,Catfish,29.7,7.09,5.71,3.0,3.0,3.0,2.0,3.0,3.0,0,0,3.71,2.71,0,0
2026-01-09 13:00:00,Catfish,29.82,7.35,5.08,3.0,3.0,3.0,2.0,3.0,3.0,0,0,3.08,2.08,0,0
2026-01-09 13:15:00,Catfish,29.81,6.99,5.25,3.0,2.0,3.0,2.0,3.0,2.6666666666666665,0,0,3.25,2.25,0,0
2026-01-09 13:30:00,Catfish,29.67,7.15,5.31,3.0,3.0,3.0,2.0,3.0,3.0,0,0,3.3099999999999996,2.3099999999999996,0,0
2026-01-09 13:45:00,Catfish,29.57,7.04,5.1,3.0,3.0,3.0,2.0,3.0,3.0,0,0,3.0999999999999996,2.0999999999999996,0,0
2026-01-09 14:00:00,Catfish,29.9,7.13,5.21,3.0,3.0,3.0,2.0,3.0,3.0,0,0,3.21,2.21,0,0
2026-01-09 14:15:00,Catfish,29.53,7.26,4.98,3.0,3.0,3.0,2.0,3.0,3.0,0,0,2.9800000000000004,1.9800000000000004,0,0
2026-01-09 14:30:00,Catfish,29.63,7.17,5.44,3.0,3.0,3.0,2.0,3.0,3.0,0,0,3.4400000000000004,2.4400000000000004,0,0
2026-01-09 14:45:00,Catfish,29.55,7.27,5.17,3.0,3.0,3.0,2.0,3.0,3.0,0,0,3.17,2.17,0,0
2026-01-09 15:00:00,Catfish,29.4,7.09,5.31,3.0,3.0,3.0,2.0,3.0,3.0,0,0,3.3099999999999996,2.3099999999999996,0,0
2026-01-09 15:15:00,Catfish,29.46,7.16,4.84,3.0,3.0,3.0,2.0,3.0,3.0,0,0,2.84,1.8399999999999999,0,0
2026-01-09 15:30:00,Catfish,29.39,7.22,5.49,3.0,3.0,3.0,2.0,3.0,3.0,0,0,3.49,2.49,0,0
2026-01-09 15:45:00,Catfish,29.4,7.09,5.42,3.0,3.0,3.0,2.0,3.0,3.0,0,0,3.42,2.42,0,0
2026-01-09 16:00:00,Catfish,29.44,7.05,5.22,3.0,3.0,3.0,2.0,3.0,3.0,0,0,3.2199999999999998,2.2199999999999998,0,0
2026-01-09 16:15:00,Catfish,29.2,7.26,4.91,3.0,3.0,3.0,2.0,3.0,3.0,0,0,2.91,1.9100000000000001,0,0
2026-01-09 16:30:00,Catfish,29.28,7.31,5.03,3.0,3.0,3.0,2.0,3.0,3.0,0,0,3.0300000000000002,2.0300000000000002,0,0
2026-01-09 16:45:00,Catfish,29.27,7.18,5.24,3.0,3.0,3.0,2.0,3.0,3.0,0,0,3.24,2.24,0,0
2026-01-09 17:00:00,Catfish,29.27,7.03,5.23,3.0,3.0,3.0,2.0,3.0,3.0,0,0,3.2300000000000004,2.2300000000000004,0,0
2026-01-09 17:15:00,Catfish,29.16,7.1,5.2,3.0,3.0,3.0,2.0,3.0,3.0,0,0,3.2,2.2,0,0
2026-01-09 17:30:00,Catfish,29.14,7.17,5.0,3.0,3.0,3.0,2.0,3.0,3.0,0,0,3.0,2.0,0,0
2026-01-09 17:45:00,Catfish,28.96,6.92,4.54,3.0,2.0,3.0,2.0,3.0,2.6666666666666665,0,0,2.54,1.54,0,0
2026-01-09 18:00:00,Catfish,29.02,7.34,4.94,3.0,3.0,3.0,2.0,3.0,3.0,0,0,2.9400000000000004,1.9400000000000004,0,0
2026-01-09 18:15:00,Catfish,29.04,7.14,4.85,3.0,3.0,3.0,2.0,3.0,3.0,0,0,2.8499999999999996,1.8499999999999996,0,0
2026-01-09 18:30:00,Catfish,28.99,7.21,5.01,3.0,3.0,3.0,2.0,3.0,3.0,0,0,3.01,2.01,0,0
2026-01-09 18:45:00,Catfish,28.87,6.99,4.35,3.0,2.0,3.0,2.0,3.0,2.6666666666666665,0,0,2.3499999999999996,1.3499999999999996,0,0
2026-01-09 19:00:00,Catfish,29.15,7.08,5.07,3.0,3.0,3.0,2.0,3.0,3.0,0,0,3.0700000000000003,2.0700000000000003,0,0
2026-01-09 19:15:00,Catfish,28.82,7.1,4.28,3.0,3.0,3.0,2.0,3.0,3.0,0,0,2.2800000000000002,1.2800000000000002,0,0
2026-01-09 19:30:00,Catfish,28.86,7.23,4.46,3.0,3.0,3.0,2.0,3.0,3.0,0,0,2.46,1.46,0,0
2026-01-09 19:45:00,Catfish,28.82,7.19,5.05,3.0,3.0,3.0,2.0,3.0,3.0,0,0,3.05,2.05,0,0
2026-01-09 20:00:00,Catfish,28.69,7.06,4.44,3.0,3.0,3.0,2.0,3.0,3.0,0,0,2.4400000000000004,1.4400000000000004,0,0
2026-01-09 20:15:00,Catfish,28.77,7.02,4.76,3.0,3.0,3.0,2.0,3.0,3.0,0,0,2.76,1.7599999999999998,0,0
2026-01-09 20:30:00,Catfish,28.78,7.04,4.93,3.0,3.0,3.0,2.0,3.0,3.0,0,0,2.9299999999999997,1.9299999999999997,0,0
2026-01-09 20:45:00,Catfish,28.63,7.09,4.37,3.0,3.0,3.0,2.0,3.0,3.0,0,0,2.37,1.37,0,0
2026-01-09 21:00:00,Catfish,28.62,7.21,4.6,3.0,3.0,3.0,2.0,3.0,3.0,0,0,2.5999999999999996,1.5999999999999996,0,0
2026-01-09 21:15:00,Catfish,28.65,7.08,4.44,3.0,3.0,3.0,2.0,3.0,3.0,0,0,2.4400000000000004,1.4400000000000004,0,0
2026-01-09 21:30:00,Catfish,28.56,7.04,4.66,3.0,3.0,3.0,2.0,3.0,3.0,0,0,2.66,1.6600000000000001,0,0
2026-01-09 21:45:00,Catfish,28.72,7.08,4.57,3.0,3.0,3.0,2.0,3.0,3.0,0,0,2.5700000000000003,1.5700000000000003,0,0
2026-01-09 22:00:00,Catfish,28.41,7.09,4.56,3.0,3.0,3.0,2.0,3.0,3.0,0,0,2.5599999999999996,1.5599999999999996,0,0
2026-01-09 22:15:00,Catfish,28.42,7.07,4.34,3.0,3.0,3.0,2.0,3.0,3.0,0,0,2.34,1.3399999999999999,0,0
2026-01-09 22:30:00,Catfish,28.57,7.16,4.4,3.0,3.0,3.0,2.0,3.0,3.0,0,0,2.4000000000000004,1.4000000000000004,0,0
2026-01-09 22:45:00,Catfish,28.54,6.85,4.25,3.0,2.0,3.0,2.0,3.0,2.6666666666666665,0,0,2.25,1.25,0,0
2026-01-09 23:00:00,Catfish,28.85,7.01,4.35,3.0,3.0,3.0,2.0,3.0,3.0,0,0,2.3499999999999996,1.3499999999999996,0,0
2026-01-09 23:15:00,Catfish,28.61,7.11,4.4,3.0,3.0,3.0,2.0,3.0,3.0,0,0,2.4000000000000004,1.4000000000000004,0,0
2026-01-09 23:30:00,Catfish,28.68,7.0,4.35,3.0,3.0,3.0,2.0,3.0,3.0,0,0,2.3499999999999996,1.3499999999999996,0,0
2026-01-09 23:45:00,Catfish,28.7,7.15,3.79,3.0,3.0,3.0,2.0,3.0,3.0,0,0,1.79,0.79,0,0
2026-01-10 00:00:00,Catfish,28.6,7.16,4.11,3.0,3.0,3.0,2.0,3.0,3.0,0,0,2.1100000000000003,1.1100000000000003,0,0
2026-01-10 00:15:00,Catfish,28.49,7.09,4.28,3.0,3.0,3.0,2.0,3.0,3.0,0,0,2.2800000000000002,1.2800000000000002,0,0
2026-01-10 00:30:00,Catfish,28.45,6.97,3.96,3.0,2.0,3.0,2.0,3.0,2.6666666666666665,0,0,1.96,0.96,0,0
2026-01-10 00:45:00,Catfish,28.71,7.02,3.59,3.0,3.0,3.0,2.0,3.0,3.0,0,0,1.5899999999999999,0.5899999999999999,0,0
2026-01-10 01:00:00,Catfish,28.73,6.98,4.22,3.0,2.0,3.0,2.0,3.0,2.6666666666666665,0,0,2.2199999999999998,1.2199999999999998,0,0
2026-01-10 01:15:00,Catfish,28.71,7.06,4.3,3.0,3.0,3.0,2.0,3.0,3.0,0,0,2.3,1.2999999999999998,0,0
2026-01-10 01:30:00,Catfish,28.63,6.97,4.41,3.0,2.0,3.0,2.0,3.0,2.6666666666666665,0,0,2.41,1.4100000000000001,0,0
2026-01-10 01:45:00,Catfish,28.63,7.02,4.69,3.0,3.0,3.0,2.0,3.0,3.0,0,0,2.6900000000000004,1.6900000000000004,0,0
2026-01-10 02:00:00,Catfish,28.75,7.12,4.12,3.0,3.0,3.0,2.0,3.0,3.0,0,0,2.12,1.12,0,0
2026-01-10 02:15:00,Catfish,28.7,7.11,4.29,3.0,3.0,3.0,2.0,3.0,3.0,0,0,2.29,1.29,0,0
2026-01-10 02:30:00,Catfish,28.75,7.06,4.62,3.0,3.0,3.0,2.0,3.0,3.0,0,0,2.62,1.62,0,0
2026-01-10 02:45:00,Catfish,28.84,7.11,4.4,3.0,3.0,3.0,2.0,3.0,3.0,0,0,2.4000000000000004,1.4000000000000004,0,0
2026-01-10 03:00:00,Catfish,29.06,6.95,4.13,3.0,2.0,3.0,2.0,3.0,2.6666666666666665,0,0,2.13,1.13,0,0
2026-01-10 03:15:00,Catfish,28.99,6.96,4.41,3.0,2.0,3.0,2.0,3.0,2.6666666666666665,0,0,2.41,1.4100000000000001,0,0
2026-01-10 03:30:00,Catfish,28.88,6.96,4.48,3.0,2.0,3.0,2.0,3.0,2.6666666666666665,0,0,2.4800000000000004,1.4800000000000004,0,0
2026-01-10 03:45:00,Catfish,29.08,7.1,4.59,3.0,3.0,3.0,2.0,3.0,3.0,0,0,2.59,1.5899999999999999,0,0
2026-01-10 04:00:00,Catfish,28.89,7.03,4.54,3.0,3.0,3.0,2.0,3.0,3.0,0,0,2.54,1.54,0,0
2026-01-10 04:15:00,Catfish,29.16,7.07,4.65,3.0,3.0,3.0,2.0,3.0,3.0,0,0,2.6500000000000004,1.6500000000000004,0,0
2026-01-10 04:30:00,Catfish,29.06,7.15,4.41,3.0,3.0,3.0,2.0,3.0,3.0,0,0,2.41,1.4100000000000001,0,0
2026-01-10 04:45:00,Catfish,29.14,7.14,4.23,3.0,3.0,3.0,2.0,3.0,3.0,0,0,2.2300000000000004,1.2300000000000004,0,0
2026-01-10 05:00:00,Catfish,29.12,7.18,4.58,3.0,3.0,3.0,2.0,3.0,3.0,0,0,2.58,1.58,0,0
2026-01-10 05:15:00,Catfish,29.24,7.15,4.71,3.0,3.0,3.0,2.0,3.0,3.0,0,0,2.71,1.71,0,0
2026-01-10 05:30:00,Catfish,29.34,7.06,4.48,3.0,3.0,3.0,2.0,3.0,3.0,0,0,2.4800000000000004,1.4800000000000004,0,0
2026-01-10 05:45:00,Catfish,29.27,7.14,4.59,3.0,3.0,3.0,2.0,3.0,3.0,0,0,2.59,1.5899999999999999,0,0
2026-01-10 06:00:00,Catfish,29.24,7.05,4.73,3.0,3.0,3.0,2.0,3.0,3.0,0,0,2.7300000000000004,1.7300000000000004,0,0
2026-01-10 06:15:00,Catfish,29.51,7.03,4.93,3.0,3.0,3.0,2.0,3.0,3.0,0,0,2.9299999999999997,1.9299999999999997,0,0
2026-01-10 06:30:00,Catfish,29.34,6.94,4.86,3.0,2.0,3.0,2.0,3.0,2.6666666666666665,0,0,2.8600000000000003,1.8600000000000003,0,0
2026-01-10 06:45:00,Catfish,29.51,7.07,4.67,3.0,3.0,3.0,2.0,3.0,3.0,0,0,2.67,1.67,0,0
2026-01-10 07:00:00,Catfish,29.61,7.22,4.81,3.0,3.0,3.0,2.0,3.0,3.0,0,0,2.8099999999999996,1.8099999999999996,0,0
2026-01-10 07:15:00,Catfish,29.52,7.08,4.56,3.0,3.0,3.0,2.0,3.0,3.0,0,0,2.5599999999999996,1.5599999999999996,0,0
2026-01-10 07:30:00,Catfish,29.59,7.1,4.97,3.0,3.0,3.0,2.0,3.0,3.0,0,0,2.9699999999999998,1.9699999999999998,0,0
2026-01-10 07:45:00,Catfish,29.72,7.01,4.55,3.0,3.0,3.0,2.0,3.0,3.0,0,0,2.55,1.5499999999999998,0,0
2026-01-10 08:00:00,Catfish,29.71,7.11,4.86,3.0,3.0,3.0,2.0,3.0,3.0,0,0,2.8600000000000003,1.8600000000000003,0,0
2026-01-10 08:15:00,Catfish,29.72,7.02,4.84,3.0,3.0,3.0,2.0,3.0,3.0,0,0,2.84,1.8399999999999999,0,0
2026-01-10 08:30:00,Catfish,29.74,7.14,4.63,3.0,3.0,3.0,2.0,3.0,3.0,0,0,2.63,1.63,0,0
2026-01-10 08:45:00,Catfish,29.51,7.12,4.83,3.0,3.0,3.0,2.0,3.0,3.0,0,0,2.83,1.83,0,0
2026-01-10 09:00:00,Catfish,29.76,7.03,4.88,3.0,3.0,3.0,2.0,3.0,3.0,0,0,2.88,1.88,0,0
2026-01-10 09:15:00,Catfish,29.69,7.13,5.22,3.0,3.0,3.0,2.0,3.0,3.0,0,0,3.2199999999999998,2.2199999999999998,0,0
2026-01-10 09:30:00,Catfish,29.92,7.24,5.08,3.0,3.0,3.0,2.0,3.0,3.0,0,0,3.08,2.08,0,0
2026-01-10 09:45:00,Catfish,29.76,6.92,5.11,3.0,2.0,3.0,2.0,3.0,2.6666666666666665,0,0,3.1100000000000003,2.1100000000000003,0,0
2026-01-10 10:00:00,Catfish,29.69,7.18,5.11,3.0,3.0,3.0,2.0,3.0,3.0,0,0,3.1100000000000003,2.1100000000000003,0,0
2026-01-10 10:15:00,Catfish,29.86,7.11,4.88,3.0,3.0,3.0,2.0,3.0,3.0,0,0,2.88,1.88,0,0
2026-01-10 10:30:00,Catfish,29.77,7.18,4.9,3.0,3.0,3.0,2.0,3.0,3.0,0,0,2.9000000000000004,1.9000000000000004,0,0
2026-01-10 10:45:00,Catfish,29.83,7.23,5.01,3.0,3.0,3.0,2.0,3.0,3.0,0,0,3.01,2.01,0,0
2026-01-10 11:00:00,Catfish,29.74,7.09,5.23,3.0,3.0,3.0,2.0,3.0,3.0,0,0,3.2300000000000004,2.2300000000000004,0,0
2026-01-10 11:15:00,Catfish,29.92,7.13,5.34,3.0,3.0,3.0,2.0,3.0,3.0,0,0,3.34,2.34,0,0
2026-01-10 11:30:00,Catfish,29.83,7.11,5.32,3.0,3.0,3.0,2.0,3.0,3.0,0,0,3.3200000000000003,2.3200000000000003,0,0
2026-01-10 11:45:00,Catfish,29.78,7.08,5.25,3.0,3.0,3.0,2.0,3.0,3.0,0,0,3.25,2.25,0,0
2026-01-10 12:00:00,Catfish,29.85,7.21,5.39,3.0,3.0,3.0,2.0,3.0,3.0,0,0,3.3899999999999997,2.3899999999999997,0,0
2026-01-10 12:15:00,Catfish,29.8,7.09,4.83,3.0,3.0,3.0,2.0,3.0,3.0,0,0,2.83,1.83,0,0
2026-01-10 12:30:00,Catfish,29.83,7.05,5.72,3.0,3.0,3.0,2.0,3.0,3.0,0,0,3.7199999999999998,2.7199999999999998,0,0
2026-01-10 12:45:00,Catfish,29.6,7.4,5.09,3.0,3.0,3.0,2.0,3.0,3.0,0,0,3.09,2.09,0,0
2026-01-10 13:00:00,Catfish,29.59,7.16,5.1,3.0,3.0,3.0,2.0,3.0,3.0,0,0,3.0999999999999996,2.0999999999999996,0,0
2026-01-10 13:15:00,Catfish,29.74,7.22,5.19,3.0,3.0,3.0,2.0,3.0,3.0,0,0,3.1900000000000004,2.1900000000000004,0,0
2026-01-10 13:30:00,Catfish,29.76,7.14,5.09,3.0,3.0,3.0,2.0,3.0,3.0,0,0,3.09,2.09,0,0
2026-01-10 13:45:00,Catfish,29.6,7.16,4.87,3.0,3.0,3.0,2.0,3.0,3.0,0,0,2.87,1.87,0,0
2026-01-10 14:00:00,Catfish,29.51,7.17,5.13,3.0,3.0,3.0,2.0,3.0,3.0,0,0,3.13,2.13,0,0
2026-01-10 14:15:00,Catfish,29.53,7.15,5.33,3.0,3.0,3.0,2.0,3.0,3.0,0,0,3.33,2.33,0,0
2026-01-10 14:30:00,Catfish,29.57,7.26,5.22,3.0,3.0,3.0,2.0,3.0,3.0,0,0,3.2199999999999998,2.2199999999999998,0,0
2026-01-10 14:45:00,Catfish,29.48,7.19,5.13,3.0,3.0,3.0,2.0,3.0,3.0,0,0,3.13,2.13,0,0
2026-01-10 15:00:00,Catfish,29.48,6.98,5.08,3.0,2.0,3.0,2.0,3.0,2.6666666666666665,0,0,3.08,2.08,0,0
2026-01-10 15:15:00,Catfish,29.34,7.1,5.05,3.0,3.0,3.0,2.0,3.0,3.0,0,0,3.05,2.05,0,0
2026-01-10 15:30:00,Catfish,29.51,7.07,4.84,3.0,3.0,3.0,2.0,3.0,3.0,0,0,2.84,1.8399999999999999,0,0
2026-01-10 15:45:00,Catfish,29.37,7.18,5.3,3.0,3.0,3.0,2.0,3.0,3.0,0,0,3.3,2.3,0,0
2026-01-10 16:00:00,Catfish,29.44,7.14,5.46,3.0,3.0,3.0,2.0,3.0,3.0,0,0,3.46,2.46,0,0
2026-01-10 16:15:00,Catfish,29.53,7.33,4.93,3.0,3.0,3.0,2.0,3.0,3.0,0,0,2.9299999999999997,1.9299999999999997,0,0
2026-01-10 16:30:00,Catfish,29.19,7.09,5.24,3.0,3.0,3.0,2.0,3.0,3.0,0,0,3.24,2.24,0,0
2026-01-10 16:45:00,Catfish,29.26,7.2,4.61,3.0,3.0,3.0,2.0,3.0,3.0,0,0,2.6100000000000003,1.6100000000000003,0,0
2026-01-10 17:00:00,Catfish,29.27,7.32,5.04,3.0,3.0,3.0,2.0,3.0,3.0,0,0,3.04,2.04,0,0
2026-01-10 17:15:00,Catfish,29.18,7.11,4.76,3.0,3.0,3.0,2.0,3.0,3.0,0,0,2.76,1.7599999999999998,0,0
2026-01-10 17:30:00,Catfish,28.95,6.99,4.62,3.0,2.0,3.0,2.0,3.0,2.6666666666666665,0,0,2.62,1.62,0,0
2026-01-10 17:45:00,Catfish,29.22,7.23,5.01,3.0,3.0,3.0,2.0,3.0,3.0,0,0,3.01,2.01,0,0
2026-01-10 18:00:00,Catfish,29.15,7.25,4.54,3.0,3.0,3.0,2.0,3.0,3.0,0,0,2.54,1.54,0,0
2026-01-10 18:15:00,Catfish,28.94,7.05,4.76,3.0,3.0,3.0,2.0,3.0,3.0,0,0,2.76,1.7599999999999998,0,0
2026-01-10 18:30:00,Catfish,29.01,7.03,4.97,3.0,3.0,3.0,2.0,3.0,3.0,0,0,2.9699999999999998,1.9699999999999998,0,0
2026-01-10 18:45:00,Catfish,28.77,7.22,5.0,3.0,3.0,3.0,2.0,3.0,3.0,0,0,3.0,2.0,0,0
2026-01-10 19:00:00,Catfish,28.96,7.2,4.82,3.0,3.0,3.0,2.0,3.0,3.0,0,0,2.8200000000000003,1.8200000000000003,0,0
2026-01-10 19:15:00,Catfish,28.91,7.13,4.68,3.0,3.0,3.0,2.0,3.0,3.0,0,0,2.6799999999999997,1.6799999999999997,0,0
2026-01-10 19:30:00,Catfish,28.62,7.12,4.49,3.0,3.0,3.0,2.0,3.0,3.0,0,0,2.49,1.4900000000000002,0,0
2026-01-10 19:45:00,Catfish,28.96,7.08,4.59,3.0,3.0,3.0,2.0,3.0,3.0,0,0,2.59,1.5899999999999999,0,0
2026-01-10 20:00:00,Catfish,29.04,7.19,4.6,3.0,3.0,3.0,2.0,3.0,3.0,0,0,2.5999999999999996,1.5999999999999996,0,0
2026-01-10 20:15:00,Catfish,28.67,7.13,4.52,3.0,3.0,3.0,2.0,3.0,3.0,0,0,2.5199999999999996,1.5199999999999996,0,0
2026-01-10 20:30:00,Catfish,28.77,7.11,4.65,3.0,3.0,3.0,2.0,3.0,3.0,0,0,2.6500000000000004,1.6500000000000004,0,0
2026-01-10 20:45:00,Catfish,28.6,7.0,4.68,3.0,3.0,3.0,2.0,3.0,3.0,0,0,2.6799999999999997,1.6799999999999997,0,0
2026-01-10 21:00:00,Catfish,28.82,7.1,4.41,3.0,3.0,3.0,2.0,3.0,3.0,0,0,2.41,1.4100000000000001,0,0
2026-01-10 21:15:00,Catfish,28.69,7.0,4.18,3.0,3.0,3.0,2.0,3.0,3.0,0,0,2.1799999999999997,1.1799999999999997,0,0
2026-01-10 21:30:00,Catfish,28.72,7.0,4.17,3.0,3.0,3.0,2.0,3.0,3.0,0,0,2.17,1.17,0,0
2026-01-10 21:45:00,Catfish,28.82,6.93,4.47,3.0,2.0,3.0,2.0,3.0,2.6666666666666665,0,0,2.4699999999999998,1.4699999999999998,0,0
2026-01-10 22:00:00,Catfish,28.67,6.96,4.41,3.0,2.0,3.0,2.0,3.0,2.6666666666666665,0,0,2.41,1.4100000000000001,0,0
2026-01-10 22:15:00,Catfish,28.69,7.22,4.12,3.0,3.0,3.0,2.0,3.0,3.0,0,0,2.12,1.12,0,0
2026-01-10 22:30:00,Catfish,28.77,7.05,4.56,3.0,3.0,3.0,2.0,3.0,3.0,0,0,2.5599999999999996,1.5599999999999996,0,0
2026-01-10 22:45:00,Catfish,28.6,7.14,4.38,3.0,3.0,3.0,2.0,3.0,3.0,0,0,2.38,1.38,0,0
2026-01-10 23:00:00,Catfish,28.63,7.01,4.47,3.0,3.0,3.0,2.0,3.0,3.0,0,0,2.4699999999999998,1.4699999999999998,0,0
2026-01-10 23:15:00,Catfish,28.58,7.03,4.39,3.0,3.0,3.0,2.0,3.0,3.0,0,0,2.3899999999999997,1.3899999999999997,0,0
2026-01-10 23:30:00,Catfish,28.54,6.9,4.36,3.0,2.0,3.0,2.0,3.0,2.6666666666666665,0,0,2.3600000000000003,1.3600000000000003,0,0
2026-01-10 23:45:00,Catfish,28.76,7.1,4.42,3.0,3.0,3.0,2.0,3.0,3.0,0,0,2.42,1.42,0,0
2026-01-11 00:00:00,Catfish,28.66,7.16,4.21,3.0,3.0,3.0,2.0,3.0,3.0,0,0,2.21,1.21,0,0
2026-01-11 00:15:00,Catfish,28.64,7.09,4.31,3.0,3.0,3.0,2.0,3.0,3.0,0,0,2.3099999999999996,1.3099999999999996,0,0
2026-01-11 00:30:00,Catfish,28.56,7.12,4.13,3.0,3.0,3.0,2.0,3.0,3.0,0,0,2.13,1.13,0,0
2026-01-11 00:45:00,Catfish,28.66,6.99,4.47,3.0,2.0,3.0,2.0,3.0,2.6666666666666665,0,0,2.4699999999999998,1.4699999999999998,0,0
2026-01-11 01:00:00,Catfish,28.74,6.9,4.32,3.0,2.0,3.0,2.0,3.0,2.6666666666666665,0,0,2.3200000000000003,1.3200000000000003,0,0
2026-01-11 01:15:00,Catfish,28.75,7.08,4.27,3.0,3.0,3.0,2.0,3.0,3.0,0,0,2.2699999999999996,1.2699999999999996,0,0
2026-01-11 01:30:00,Catfish,28.82,6.97,4.34,3.0,2.0,3.0,2.0,3.0,2.6666666666666665,0,0,2.34,1.3399999999999999,0,0
2026-01-11 01:45:00,Catfish,28.91,6.94,4.28,3.0,2.0,3.0,2.0,3.0,2.6666666666666665,0,0,2.2800000000000002,1.2800000000000002,0,0
2026-01-11 02:00:00,Catfish,28.66,7.03,4.38,3.0,3.0,3.0,2.0,3.0,3.0,0,0,2.38,1.38,0,0
2026-01-11 02:15:00,Catfish,28.75,7.0,4.71,3.0,3.0,3.0,2.0,3.0,3.0,0,0,2.71,1.71,0,0
2026-01-11 02:30:00,Catfish,28.88,7.13,4.12,3.0,3.0,3.0,2.0,3.0,3.0,0,0,2.12,1.12,0,0
2026-01-11 02:45:00,Catfish,28.85,7.0,4.21,3.0,3.0,3.0,2.0,3.0,3.0,0,0,2.21,1.21,0,0
2026-01-11 03:00:00,Catfish,28.78,6.97,4.2,3.0,2.0,3.0,2.0,3.0,2.6666666666666665,0,0,2.2,1.2000000000000002,0,0
2026-01-11 03:15:00,Catfish,28.96,6.97,4.2,3.0,2.0,3.0,2.0,3.0,2.6666666666666665,0,0,2.2,1.2000000000000002,0,0
2026-01-11 03:30:00,Catfish,29.05,6.94,4.21,3.0,2.0,3.0,2.0,3.0,2.6666666666666665,0,0,2.21,1.21,0,0
2026-01-11 03:45:00,Catfish,28.94,7.09,4.51,3.0,3.0,3.0,2.0,3.0,3.0,0,0,2.51,1.5099999999999998,0,0
2026-01-11 04:00:00,Catfish,28.95,7.12,4.44,3.0,3.0,3.0,2.0,3.0,3.0,0,0,2.4400000000000004,1.4400000000000004,0,0
2026-01-11 04:15:00,Catfish,29.0,7.14,4.44,3.0,3.0,3.0,2.0,3.0,3.0,0,0,2.4400000000000004,1.4400000000000004,0,0
2026-01-11 04:30:00,Catfish,28.88,7.15,4.84,3.0,3.0,3.0,2.0,3.0,3.0,0,0,2.84,1.8399999999999999,0,0
2026-01-11 04:45:00,Catfish,29.12,7.07,4.21,3.0,3.0,3.0,2.0,3.0,3.0,0,0,2.21,1.21,0,0
2026-01-11 05:00:00,Catfish,29.13,7.06,4.69,3.0,3.0,3.0,2.0,3.0,3.0,0,0,2.6900000000000004,1.6900000000000004,0,0
2026-01-11 05:15:00,Catfish,29.27,7.1,4.88,3.0,3.0,3.0,2.0,3.0,3.0,0,0,2.88,1.88,0,0
2026-01-11 05:30:00,Catfish,29.26,7.1,4.41,3.0,3.0,3.0,2.0,3.0,3.0,0,0,2.41,1.4100000000000001,0,0
2026-01-11 05:45:00,Catfish,29.26,7.08,4.31,3.0,3.0,3.0,2.0,3.0,3.0,0,0,2.3099999999999996,1.3099999999999996,0,0
2026-01-11 06:00:00,Catfish,29.41,7.01,4.91,3.0,3.0,3.0,2.0,3.0,3.0,0,0,2.91,1.9100000000000001,0,0
2026-01-11 06:15:00,Catfish,29.38,7.18,4.67,3.0,3.0,3.0,2.0,3.0,3.0,0,0,2.67,1.67,0,0
2026-01-11 06:30:00,Catfish,29.36,7.16,4.62,3.0,3.0,3.0,2.0,3.0,3.0,0,0,2.62,1.62,0,0
2026-01-11 06:45:00,Catfish,29.39,6.85,4.64,3.0,2.0,3.0,2.0,3.0,2.6666666666666665,0,0,2.6399999999999997,1.6399999999999997,0,0
2026-01-11 07:00:00,Catfish,29.56,7.11,4.54,3.0,3.0,3.0,2.0,3.0,3.0,0,0,2.54,1.54,0,0
2026-01-11 07:15:00,Catfish,29.55,7.05,4.6,3.0,3.0,3.0,2.0,3.0,3.0,0,0,2.5999999999999996,1.5999999999999996,0,0
2026-01-11 07:30:00,Catfish,29.55,7.22,4.91,3.0,3.0,3.0,2.0,3.0,3.0,0,0,2.91,1.9100000000000001,0,0
2026-01-11 07:45:00,Catfish,29.61,7.13,5.07,3.0,3.0,3.0,2.0,3.0,3.0,0,0,3.0700000000000003,2.0700000000000003,0,0
2026-01-11 08:00:00,Catfish,29.53,7.05,4.86,3.0,3.0,3.0,2.0,3.0,3.0,0,0,2.8600000000000003,1.8600000000000003,0,0
2026-01-11 08:15:00,Catfish,29.42,6.93,4.44,3.0,2.0,3.0,2.0,3.0,2.6666666666666665,0,0,2.4400000000000004,1.4400000000000004,0,0
2026-01-11 08:30:00,Catfish,29.71,7.08,4.75,3.0,3.0,3.0,2.0,3.0,3.0,0,0,2.75,1.75,0,0
2026-01-11 08:45:00,Catfish,29.7,7.29,4.86,3.0,3.0,3.0,2.0,3.0,3.0,0,0,2.8600000000000003,1.8600000000000003,0,0
2026-01-11 09:00:00,Catfish,29.6,6.92,4.8,3.0,2.0,3.0,2.0,3.0,2.6666666666666665,0,0,2.8,1.7999999999999998,0,0
2026-01-11 09:15:00,Catfish,29.63,7.0,5.4,3.0,3.0,3.0,2.0,3.0,3.0,0,0,3.4000000000000004,2.4000000000000004,0,0
2026-01-11 09:30:00,Catfish,29.78,7.24,5.05,3.0,3.0,3.0,2.0,3.0,3.0,0,0,3.05,2.05,0,0
2026-01-11 09:45:00,Catfish,29.67,7.13,4.86,3.0,3.0,3.0,2.0,3.0,3.0,0,0,2.8600000000000003,1.8600000000000003,0,0
2026-01-11 10:00:00,Catfish,29.67,7.08,5.16,3.0,3.0,3.0,2.0,3.0,3.0,0,0,3.16,2.16,0,0
2026-01-11 10:15:00,Catfish,29.8,7.18,5.29,3.0,3.0,3.0,2.0,3.0,3.0,0,0,3.29,2.29,0,0
2026-01-11 10:30:00,Catfish,29.81,7.29,4.84,3.0,3.0,3.0,2.0,3.0,3.0,0,0,2.84,1.8399999999999999,0,0
2026-01-11 10:45:00,Catfish,29.79,6.97,4.89,3.0,2.0,3.0,2.0,3.0,2.6666666666666665,0,0,2.8899999999999997,1.8899999999999997,0,0
2026-01-11 11:00:00,Catfish,29.79,7.18,4.75,3.0,3.0,3.0,2.0,3.0,3.0,0,0,2.75,1.75,0,0
2026-01-11 11:15:00,Catfish,29.83,7.13,5.13,3.0,3.0,3.0,2.0,3.0,3.0,0,0,3.13,2.13,0,0
2026-01-11 11:30:00,Catfish,29.65,7.05,5.15,3.0,3.0,3.0,2.0,3.0,3.0,0,0,3.1500000000000004,2.1500000000000004,0,0
2026-01-11 11:45:00,Catfish,29.96,7.14,5.26,3.0,3.0,3.0,2.0,3.0,3.0,0,0,3.26,2.26,0,0
2026-01-11 12:00:00,Catfish,29.97,6.99,5.39,3.0,2.0,3.0,2.0,3.0,2.6666666666666665,0,0,3.3899999999999997,2.3899999999999997,0,0
2026-01-11 12:15:00,Catfish,29.79,7.09,5.02,3.0,3.0,3.0,2.0,3.0,3.0,0,0,3.0199999999999996,2.0199999999999996,0,0
2026-01-11 12:30:00,Catfish,29.78,7.12,5.21,3.0,3.0,3.0,2.0,3.0,3.0,0,0,3.21,2.21,0,0
2026-01-11 12:45:00,Catfish,29.51,7.16,5.28,3.0,3.0,3.0,2.0,3.0,3.0,0,0,3.2800000000000002,2.2800000000000002,0,0
2026-01-11 13:00:00,Catfish,29.77,7.16,5.27,3.0,3.0,3.0,2.0,3.0,3.0,0,0,3.2699999999999996,2.2699999999999996,0,0
2026-01-11 13:15:00,Catfish,29.61,7.09,5.37,3.0,3.0,3.0,2.0,3.0,3.0,0,0,3.37,2.37,0,0
2026-01-11 13:30:00,Catfish,29.55,7.2,5.11,3.0,3.0,3.0,2.0,3.0,3.0,0,0,3.1100000000000003,2.1100000000000003,0,0
2026-01-11 13:45:00,Catfish,29.64,7.13,5.15,3.0,3.0,3.0,2.0,3.0,3.0,0,0,3.1500000000000004,2.1500000000000004,0,0
2026-01-11 14:00:00,Catfish,29.58,7.17,5.44,3.0,3.0,3.0,2.0,3.0,3.0,0,0,3.4400000000000004,2.4400000000000004,0,0
2026-01-11 14:15:00,Catfish,29.52,7.25,5.2,3.0,3.0,3.0,2.0,3.0,3.0,0,0,3.2,2.2,0,0
2026-01-11 14:30:00,Catfish,29.59,7.18,5.48,3.0,3.0,3.0,2.0,3.0,3.0,0,0,3.4800000000000004,2.4800000000000004,0,0
2026-01-11 14:45:00,Catfish,29.58,7.21,5.17,3.0,3.0,3.0,2.0,3.0,3.0,0,0,3.17,2.17,0,0
2026-01-11 15:00:00,Catfish,29.52,7.16,4.88,3.0,3.0,3.0,2.0,3.0,3.0,0,0,2.88,1.88,0,0
2026-01-11 15:15:00,Catfish,29.25,7.29,5.26,3.0,3.0,3.0,2.0,3.0,3.0,0,0,3.26,2.26,0,0
2026-01-11 15:30:00,Catfish,29.46,7.22,5.14,3.0,3.0,3.0,2.0,3.0,3.0,0,0,3.1399999999999997,2.1399999999999997,0,0
2026-01-11 15:45:00,Catfish,29.44,7.23,4.97,3.0,3.0,3.0,2.0,3.0,3.0,0,0,2.9699999999999998,1.9699999999999998,0,0
2026-01-11 16:00:00,Catfish,29.52,7.07,5.19,3.0,3.0,3.0,2.0,3.0,3.0,0,0,3.1900000000000004,2.1900000000000004,0,0
2026-01-11 16:15:00,Catfish,29.26,7.19,4.9,3.0,3.0,3.0,2.0,3.0,3.0,0,0,2.9000000000000004,1.9000000000000004,0,0
2026-01-11 16:30:00,Catfish,29.23,7.07,5.07,3.0,3.0,3.0,2.0,3.0,3.0,0,0,3.0700000000000003,2.0700000000000003,0,0
2026-01-11 16:45:00,Catfish,29.39,7.06,4.98,3.0,3.0,3.0,2.0,3.0,3.0,0,0,2.9800000000000004,1.9800000000000004,0,0
2026-01-11 17:00:00,Catfish,29.26,7.25,4.84,3.0,3.0,3.0,2.0,3.0,3.0,0,0,2.84,1.8399999999999999,0,0
2026-01-11 17:15:00,Catfish,29.35,7.14,5.01,3.0,3.0,3.0,2.0,3.0,3.0,0,0,3.01,2.01,0,0
2026-01-11 17:30:00,Catfish,28.96,7.02,4.96,3.0,3.0,3.0,2.0,3.0,3.0,0,0,2.96,1.96,0,0
2026-01-11 17:45:00,Catfish,29.23,7.07,5.01,3.0,3.0,3.0,2.0,3.0,3.0,0,0,3.01,2.01,0,0
2026-01-11 18:00:00,Catfish,29.11,7.09,4.82,3.0,3.0,3.0,2.0,3.0,3.0,0,0,2.8200000000000003,1.8200000000000003,0,0
2026-01-11 18:15:00,Catfish,29.15,7.24,4.84,3.0,3.0,3.0,2.0,3.0,3.0,0,0,2.84,1.8399999999999999,0,0
2026-01-11 18:30:00,Catfish,28.87,7.02,4.63,3.0,3.0,3.0,2.0,3.0,3.0,0,0,2.63,1.63,0,0
2026-01-11 18:45:00,Catfish,28.97,7.09,4.37,3.0,3.0,3.0,2.0,3.0,3.0,0,0,2.37,1.37,0,0
2026-01-11 19:00:00,Catfish,28.78,7.08,4.96,3.0,3.0,3.0,2.0,3.0,3.0,0,0,2.96,1.96,0,0
2026-01-11 19:15:00,Catfish,28.76,7.18,4.76,3.0,3.0,3.0,2.0,3.0,3.0,0,0,2.76,1.7599999999999998,0,0
2026-01-11 19:30:00,Catfish,28.86,7.03,4.7,3.0,3.0,3.0,2.0,3.0,3.0,0,0,2.7,1.7000000000000002,0,0
2026-01-11 19:45:00,Catfish,28.85,6.98,4.68,3.0,2.0,3.0,2.0,3.0,2.6666666666666665,0,0,2.6799999999999997,1.6799999999999997,0,0
2026-01-11 20:00:00,Catfish,28.85,7.01,4.55,3.0,3.0,3.0,2.0,3.0,3.0,0,0,2.55,1.5499999999999998,0,0
2026-01-11 20:15:00,Catfish,28.73,7.14,4.65,3.0,3.0,3.0,2.0,3.0,3.0,0,0,2.6500000000000004,1.6500000000000004,0,0
2026-01-11 20:30:00,Catfish,28.75,7.11,4.55,3.0,3.0,3.0,2.0,3.0,3.0,0,0,2.55,1.5499999999999998,0,0
2026-01-11 20:45:00,Catfish,28.6,6.92,4.62,3.0,2.0,3.0,2.0,3.0,2.6666666666666665,0,0,2.62,1.62,0,0
2026-01-11 21:00:00,Catfish,28.77,7.18,4.63,3.0,3.0,3.0,2.0,3.0,3.0,0,0,2.63,1.63,0,0
2026-01-11 21:15:00,Catfish,28.49,6.98,4.21,3.0,2.0,3.0,2.0,3.0,2.6666666666666665,0,0,2.21,1.21,0,0
2026-01-11 21:30:00,Catfish,28.89,7.16,4.43,3.0,3.0,3.0,2.0,3.0,3.0,0,0,2.4299999999999997,1.4299999999999997,0,0
2026-01-11 21:45:00,Catfish,28.8,7.08,4.29,3.0,3.0,3.0,2.0,3.0,3.0,0,0,2.29,1.29,0,0
2026-01-11 22:00:00,Catfish,28.68,7.0,4.4,3.0,3.0,3.0,2.0,3.0,3.0,0,0,2.4000000000000004,1.4000000000000004,0,0
2026-01-11 22:15:00,Catfish,28.77,7.17,4.66,3.0,3.0,3.0,2.0,3.0,3.0,0,0,2.66,1.6600000000000001,0,0
2026-01-11 22:30:00,Catfish,28.79,7.11,4.66,3.0,3.0,3.0,2.0,3.0,3.0,0,0,2.66,1.6600000000000001,0,0
2026-01-11 22:45:00,Catfish,28.7,6.98,4.46,3.0,2.0,3.0,2.0,3.0,2.6666666666666665,0,0,2.46,1.46,0,0
2026-01-11 23:00:00,Catfish,28.52,6.99,4.45,3.0,2.0,3.0,2.0,3.0,2.6666666666666665,0,0,2.45,1.4500000000000002,0,0
2026-01-11 23:15:00,Catfish,28.6,6.93,4.1,3.0,2.0,3.0,2.0,3.0,2.6666666666666665,0,0,2.0999999999999996,1.0999999999999996,0,0
2026-01-11 23:30:00,Catfish,28.61,6.92,4.36,3.0,2.0,3.0,2.0,3.0,2.6666666666666665,0,0,2.3600000000000003,1.3600000000000003,0,0
2026-01-11 23:45:00,Catfish,28.41,7.04,4.5,3.0,3.0,3.0,2.0,3.0,3.0,0,0,2.5,1.5,0,0
2026-01-12 00:00:00,Catfish,28.81,7.21,4.22,3.0,3.0,3.0,2.0,3.0,3.0,0,0,2.2199999999999998,1.2199999999999998,0,0
2026-01-12 00:15:00,Catfish,28.58,6.98,4.47,3.0,2.0,3.0,2.0,3.0,2.6666666666666665,0,0,2.4699999999999998,1.4699999999999998,0,0
2026-01-12 00:30:00,Catfish,28.62,7.01,4.25,3.0,3.0,3.0,2.0,3.0,3.0,0,0,2.25,1.25,0,0
2026-01-12 00:45:00,Catfish,28.65,7.31,4.42,3.0,3.0,3.0,2.0,3.0,3.0,0,0,2.42,1.42,0,0
2026-01-12 01:00:00,Catfish,28.72,7.04,4.15,3.0,3.0,3.0,2.0,3.0,3.0,0,0,2.1500000000000004,1.1500000000000004,0,0
2026-01-12 01:15:00,Catfish,28.63,7.08,4.05,3.0,3.0,3.0,2.0,3.0,3.0,0,0,2.05,1.0499999999999998,0,0
2026-01-12 01:30:00,Catfish,28.83,6.9,4.18,3.0,2.0,3.0,2.0,3.0,2.6666666666666665,0,0,2.1799999999999997,1.1799999999999997,0,0
2026-01-12 01:45:00,Catfish,28.76,7.06,4.3,3.0,3.0,3.0,2.0,3.0,3.0,0,0,2.3,1.2999999999999998,0,0
2026-01-12 02:00:00,Catfish,28.83,7.16,4.59,3.0,3.0,3.0,2.0,3.0,3.0,0,0,2.59,1.5899999999999999,0,0
2026-01-12 02:15:00,Catfish,28.74,6.98,4.17,3.0,2.0,3.0,2.0,3.0,2.6666666666666665,0,0,2.17,1.17,0,0
2026-01-12 02:30:00,Catfish,28.94,7.19,4.67,3.0,3.0,3.0,2.0,3.0,3.0,0,0,2.67,1.67,0,0
2026-01-12 02:45:00,Catfish,28.87,7.0,4.13,3.0,3.0,3.0,2.0,3.0,3.0,0,0,2.13,1.13,0,0
2026-01-12 03:00:00,Catfish,28.97,6.94,4.44,3.0,2.0,3.0,2.0,3.0,2.6666666666666665,0,0,2.4400000000000004,1.4400000000000004,0,0
2026-01-12 03:15:00,Catfish,29.16,7.15,4.5,3.0,3.0,3.0,2.0,3.0,3.0,0,0,2.5,1.5,0,0
2026-01-12 03:30:00,Catfish,29.08,7.05,4.25,3.0,3.0,3.0,2.0,3.0,3.0,0,0,2.25,1.25,0,0
2026-01-12 03:45:00,Catfish,29.05,7.1,4.39,3.0,3.0,3.0,2.0,3.0,3.0,0,0,2.3899999999999997,1.3899999999999997,0,0
2026-01-12 04:00:00,Catfish,29.03,7.02,4.57,3.0,3.0,3.0,2.0,3.0,3.0,0,0,2.5700000000000003,1.5700000000000003,0,0
2026-01-12 04:15:00,Catfish,29.11,6.92,4.45,3.0,2.0,3.0,2.0,3.0,2.6666666666666665,0,0,2.45,1.4500000000000002,0,0
2026-01-12 04:30:00,Catfish,29.19,7.08,4.27,3.0,3.0,3.0,2.0,3.0,3.0,0,0,2.2699999999999996,1.2699999999999996,0,0
2026-01-12 04:45:00,Catfish,29.28,7.11,4.4,3.0,3.0,3.0,2.0,3.0,3.0,0,0,2.4000000000000004,1.4000000000000004,0,0
2026-01-12 05:00:00,Catfish,29.23,7.06,4.81,3.0,3.0,3.0,2.0,3.0,3.0,0,0,2.8099999999999996,1.8099999999999996,0,0
2026-01-12 05:15:00,Catfish,29.23,7.15,4.39,3.0,3.0,3.0,2.0,3.0,3.0,0,0,2.3899999999999997,1.3899999999999997,0,0
2026-01-12 05:30:00,Catfish,29.37,6.95,4.6,3.0,2.0,3.0,2.0,3.0,2.6666666666666665,0,0,2.5999999999999996,1.5999999999999996,0,0
2026-01-12 05:45:00,Catfish,29.26,7.07,4.62,3.0,3.0,3.0,2.0,3.0,3.0,0,0,2.62,1.62,0,0
2026-01-12 06:00:00,Catfish,29.34,7.09,4.65,3.0,3.0,3.0,2.0,3.0,3.0,0,0,2.6500000000000004,1.6500000000000004,0,0
2026-01-12 06:15:00,Catfish,29.42,7.11,4.63,3.0,3.0,3.0,2.0,3.0,3.0,0,0,2.63,1.63,0,0
2026-01-12 06:30:00,Catfish,29.2,6.87,4.66,3.0,2.0,3.0,2.0,3.0,2.6666666666666665,0,0,2.66,1.6600000000000001,0,0
2026-01-12 06:45:00,Catfish,29.5,7.19,4.53,3.0,3.0,3.0,2.0,3.0,3.0,0,0,2.5300000000000002,1.5300000000000002,0,0
2026-01-12 07:00:00,Catfish,29.33,7.01,4.9,3.0,3.0,3.0,2.0,3.0,3.0,0,0,2.9000000000000004,1.9000000000000004,0,0
2026-01-12 07:15:00,Catfish,29.51,6.99,4.56,3.0,2.0,3.0,2.0,3.0,2.6666666666666665,0,0,2.5599999999999996,1.5599999999999996,0,0
2026-01-12 07:30:00,Catfish,29.95,7.03,4.91,3.0,3.0,3.0,2.0,3.0,3.0,0,0,2.91,1.9100000000000001,0,0
2026-01-12 07:45:00,Catfish,29.69,6.99,4.89,3.0,2.0,3.0,2.0,3.0,2.6666666666666665,0,0,2.8899999999999997,1.8899999999999997,0,0
2026-01-12 08:00:00,Catfish,29.56,7.05,4.74,3.0,3.0,3.0,2.0,3.0,3.0,0,0,2.74,1.7400000000000002,0,0
2026-01-12 08:15:00,Catfish,29.64,7.16,4.53,3.0,3.0,3.0,2.0,3.0,3.0,0,0,2.5300000000000002,1.5300000000000002,0,0
2026-01-12 08:30:00,Catfish,29.64,7.01,4.49,3.0,3.0,3.0,2.0,3.0,3.0,0,0,2.49,1.4900000000000002,0,0
2026-01-12 08:45:00,Catfish,29.62,7.03,4.91,3.0,3.0,3.0,2.0,3.0,3.0,0,0,2.91,1.9100000000000001,0,0
2026-01-12 09:00:00,Catfish,29.74,7.05,4.88,3.0,3.0,3.0,2.0,3.0,3.0,0,0,2.88,1.88,0,0
2026-01-12 09:15:00,Catfish,29.57,7.03,4.5,3.0,3.0,3.0,2.0,3.0,3.0,0,0,2.5,1.5,0,0
2026-01-12 09:30:00,Catfish,29.7,7.26,4.72,3.0,3.0,3.0,2.0,3.0,3.0,0,0,2.7199999999999998,1.7199999999999998,0,0
2026-01-12 09:45:00,Catfish,29.96,7.1,4.9,3.0,3.0,3.0,2.0,3.0,3.0,0,0,2.9000000000000004,1.9000000000000004,0,0
2026-01-12 10:00:00,Catfish,29.78,7.1,4.97,3.0,3.0,3.0,2.0,3.0,3.0,0,0,2.9699999999999998,1.9699999999999998,0,0
2026-01-12 10:15:00,Catfish,29.67,6.97,5.09,3.0,2.0,3.0,2.0,3.0,2.6666666666666665,0,0,3.09,2.09,0,0
2026-01-12 10:30:00,Catfish,29.85,7.1,4.8,3.0,3.0,3.0,2.0,3.0,3.0,0,0,2.8,1.7999999999999998,0,0
2026-01-12 10:45:00,Catfish,29.9,7.1,4.82,3.0,3.0,3.0,2.0,3.0,3.0,0,0,2.8200000000000003,1.8200000000000003,0,0
2026-01-12 11:00:00,Catfish,29.78,7.14,4.95,3.0,3.0,3.0,2.0,3.0,3.0,0,0,2.95,1.9500000000000002,0,0
2026-01-12 11:15:00,Catfish,29.86,7.25,5.25,3.0,3.0,3.0,2.0,3.0,3.0,0,0,3.25,2.25,0,0
2026-01-12 11:30:00,Catfish,29.82,7.23,5.04,3.0,3.0,3.0,2.0,3.0,3.0,0,0,3.04,2.04,0,0
2026-01-12 11:45:00,Catfish,29.76,7.13,5.3,3.0,3.0,3.0,2.0,3.0,3.0,0,0,3.3,2.3,0,0
2026-01-12 12:00:00,Catfish,29.91,7.32,5.33,3.0,3.0,3.0,2.0,3.0,3.0,0,0,3.33,2.33,0,0
2026-01-12 12:15:00,Catfish,29.53,7.19,4.77,3.0,3.0,3.0,2.0,3.0,3.0,0,0,2.7699999999999996,1.7699999999999996,0,0
2026-01-12 12:30:00,Catfish,29.71,7.23,5.57,3.0,3.0,3.0,2.0,3.0,3.0,0,0,3.5700000000000003,2.5700000000000003,0,0
2026-01-12 12:45:00,Catfish,29.7,7.08,5.21,3.0,3.0,3.0,2.0,3.0,3.0,0,0,3.21,2.21,0,0
2026-01-12 13:00:00,Catfish,29.65,7.15,5.12,3.0,3.0,3.0,2.0,3.0,3.0,0,0,3.12,2.12,0,0
2026-01-12 13:15:00,Catfish,29.73,7.16,5.42,3.0,3.0,3.0,2.0,3.0,3.0,0,0,3.42,2.42,0,0
2026-01-12 13:30:00,Catfish,29.72,7.11,5.44,3.0,3.0,3.0,2.0,3.0,3.0,0,0,3.4400000000000004,2.4400000000000004,0,0
2026-01-12 13:45:00,Catfish,29.66,7.01,5.19,3.0,3.0,3.0,2.0,3.0,3.0,0,0,3.1900000000000004,2.1900000000000004,0,0
2026-01-12 14:00:00,Catfish,29.68,6.98,5.23,3.0,2.0,3.0,2.0,3.0,2.6666666666666665,0,0,3.2300000000000004,2.2300000000000004,0,0
2026-01-12 14:15:00,Catfish,29.71,7.15,5.39,3.0,3.0,3.0,2.0,3.0,3.0,0,0,3.3899999999999997,2.3899999999999997,0,0
2026-01-12 14:30:00,Catfish,29.67,6.98,5.35,3.0,2.0,3.0,2.0,3.0,2.6666666666666665,0,0,3.3499999999999996,2.3499999999999996,0,0
2026-01-12 14:45:00,Catfish,29.59,7.2,5.33,3.0,3.0,3.0,2.0,3.0,3.0,0,0,3.33,2.33,0,0
2026-01-12 15:00:00,Catfish,29.47,7.07,4.92,3.0,3.0,3.0,2.0,3.0,3.0,0,0,2.92,1.92,0,0
2026-01-12 15:15:00,Catfish,29.65,6.97,5.16,3.0,2.0,3.0,2.0,3.0,2.6666666666666665,0,0,3.16,2.16,0,0
2026-01-12 15:30:00,Catfish,29.43,7.05,4.54,3.0,3.0,3.0,2.0,3.0,3.0,0,0,2.54,1.54,0,0
2026-01-12 15:45:00,Catfish,29.34,7.18,5.0,3.0,3.0,3.0,2.0,3.0,3.0,0,0,3.0,2.0,0,0
2026-01-12 16:00:00,Catfish,29.27,7.05,4.94,3.0,3.0,3.0,2.0,3.0,3.0,0,0,2.9400000000000004,1.9400000000000004,0,0
2026-01-12 16:15:00,Catfish,29.31,7.02,5.04,3.0,3.0,3.0,2.0,3.0,3.0,0,0,3.04,2.04,0,0
2026-01-12 16:30:00,Catfish,29.32,7.1,5.09,3.0,3.0,3.0,2.0,3.0,3.0,0,0,3.09,2.09,0,0
2026-01-12 16:45:00,Catfish,29.26,7.04,4.73,3.0,3.0,3.0,2.0,3.0,3.0,0,0,2.7300000000000004,1.7300000000000004,0,0
2026-01-12 17:00:00,Catfish,29.06,7.21,4.74,3.0,3.0,3.0,2.0,3.0,3.0,0,0,2.74,1.7400000000000002,0,0
2026-01-12 17:15:00,Catfish,29.13,7.18,4.73,3.0,3.0,3.0,2.0,3.0,3.0,0,0,2.7300000000000004,1.7300000000000004,0,0
2026-01-12 17:30:00,Catfish,29.16,7.13,4.84,3.0,3.0,3.0,2.0,3.0,3.0,0,0,2.84,1.8399999999999999,0,0
2026-01-12 17:45:00,Catfish,29.12,7.19,4.9,3.0,3.0,3.0,2.0,3.0,3.0,0,0,2.9000000000000004,1.9000000000000004,0,0
2026-01-12 18:00:00,Catfish,28.99,7.08,4.54,3.0,3.0,3.0,2.0,3.0,3.0,0,0,2.54,1.54,0,0
2026-01-12 18:15:00,Catfish,29.16,7.14,4.67,3.0,3.0,3.0,2.0,3.0,3.0,0,0,2.67,1.67,0,0
2026-01-12 18:30:00,Catfish,29.14,7.03,4.52,3.0,3.0,3.0,2.0,3.0,3.0,0,0,2.5199999999999996,1.5199999999999996,0,0
2026-01-12 18:45:00,Catfish,28.86,7.29,4.32,3.0,3.0,3.0,2.0,3.0,3.0,0,0,2.3200000000000003,1.3200000000000003,0,0
2026-01-12 19:00:00,Catfish,28.89,7.03,4.99,3.0,3.0,3.0,2.0,3.0,3.0,0,0,2.99,1.9900000000000002,0,0
2026-01-12 19:15:00,Catfish,28.8,7.1,4.6,3.0,3.0,3.0,2.0,3.0,3.0,0,0,2.5999999999999996,1.5999999999999996,0,0
2026-01-12 19:30:00,Catfish,28.81,7.09,4.74,3.0,3.0,3.0,2.0,3.0,3.0,0,0,2.74,1.7400000000000002,0,0
2026-01-12 19:45:00,Catfish,28.77,6.96,4.76,3.0,2.0,3.0,2.0,3.0,2.6666666666666665,0,0,2.76,1.7599999999999998,0,0
2026-01-12 20:00:00,Catfish,28.73,7.01,4.71,3.0,3.0,3.0,2.0,3.0,3.0,0,0,2.71,1.71,0,0
2026-01-12 20:15:00,Catfish,28.77,7.04,4.59,3.0,3.0,3.0,2.0,3.0,3.0,0,0,2.59,1.5899999999999999,0,0
2026-01-12 20:30:00,Catfish,28.54,7.22,4.28,3.0,3.0,3.0,2.0,3.0,3.0,0,0,2.2800000000000002,1.2800000000000002,0,0
2026-01-12 20:45:00,Catfish,28.79,7.07,4.38,3.0,3.0,3.0,2.0,3.0,3.0,0,0,2.38,1.38,0,0
2026-01-12 21:00:00,Catfish,28.7,7.05,4.3,3.0,3.0,3.0,2.0,3.0,3.0,0,0,2.3,1.2999999999999998,0,0
2026-01-12 21:15:00,Catfish,28.69,7.1,4.37,3.0,3.0,3.0,2.0,3.0,3.0,0,0,2.37,1.37,0,0
2026-01-12 21:30:00,Catfish,28.54,7.04,4.01,3.0,3.0,3.0,2.0,3.0,3.0,0,0,2.01,1.0099999999999998,0,0
2026-01-12 21:45:00,Catfish,28.54,7.03,4.42,3.0,3.0,3.0,2.0,3.0,3.0,0,0,2.42,1.42,0,0
2026-01-12 22:00:00,Catfish,28.39,7.07,3.99,3.0,3.0,3.0,2.0,3.0,3.0,0,0,1.9900000000000002,0.9900000000000002,0,0
2026-01-12 22:15:00,Catfish,28.59,6.94,4.31,3.0,2.0,3.0,2.0,3.0,2.6666666666666665,0,0,2.3099999999999996,1.3099999999999996,0,0
2026-01-12 22:30:00,Catfish,28.58,7.02,4.6,3.0,3.0,3.0,2.0,3.0,3.0,0,0,2.5999999999999996,1.5999999999999996,0,0
2026-01-12 22:45:00,Catfish,28.73,6.97,4.38,3.0,2.0,3.0,2.0,3.0,2.6666666666666665,0,0,2.38,1.38,0,0
2026-01-12 23:00:00,Catfish,28.53,7.06,4.37,3.0,3.0,3.0,2.0,3.0,3.0,0,0,2.37,1.37,0,0
2026-01-12 23:15:00,Catfish,28.7,7.0,4.16,3.0,3.0,3.0,2.0,3.0,3.0,0,0,2.16,1.1600000000000001,0,0
2026-01-12 23:30:00,Catfish,28.81,7.12,4.51,3.0,3.0,3.0,2.0,3.0,3.0,0,0,2.51,1.5099999999999998,0,0
2026-01-12 23:45:00,Catfish,28.55,7.01,4.5,3.0,3.0,3.0,2.0,3.0,3.0,0,0,2.5,1.5,0,0
2026-01-13 00:00:00,Catfish,28.58,7.02,4.21,3.0,3.0,3.0,2.0,3.0,3.0,0,0,2.21,1.21,0,0
2026-01-13 00:15:00,Catfish,28.65,6.98,4.34,3.0,2.0,3.0,2.0,3.0,2.6666666666666665,0,0,2.34,1.3399999999999999,0,0
2026-01-13 00:30:00,Catfish,28.71,7.04,4.43,3.0,3.0,3.0,2.0,3.0,3.0,0,0,2.4299999999999997,1.4299999999999997,0,0
2026-01-13 00:45:00,Catfish,28.7,7.01,4.15,3.0,3.0,3.0,2.0,3.0,3.0,0,0,2.1500000000000004,1.1500000000000004,0,0
2026-01-13 01:00:00,Catfish,28.62,6.99,4.39,3.0,2.0,3.0,2.0,3.0,2.6666666666666665,0,0,2.3899999999999997,1.3899999999999997,0,0
2026-01-13 01:15:00,Catfish,28.66,7.11,4.36,3.0,3.0,3.0,2.0,3.0,3.0,0,0,2.3600000000000003,1.3600000000000003,0,0
2026-01-13 01:30:00,Catfish,28.78,7.05,4.31,3.0,3.0,3.0,2.0,3.0,3.0,0,0,2.3099999999999996,1.3099999999999996,0,0
2026-01-13 01:45:00,Catfish,28.63,7.07,4.46,3.0,3.0,3.0,2.0,3.0,3.0,0,0,2.46,1.46,0,0
2026-01-13 02:00:00,Catfish,28.75,6.97,3.59,3.0,2.0,3.0,2.0,3.0,2.6666666666666665,0,0,1.5899999999999999,0.5899999999999999,0,0
2026-01-13 02:15:00,Catfish,28.56,6.98,3.82,3.0,2.0,3.0,2.0,3.0,2.6666666666666665,0,0,1.8199999999999998,0.8199999999999998,0,0
2026-01-13 02:30:00,Catfish,28.87,6.92,4.06,3.0,2.0,3.0,2.0,3.0,2.6666666666666665,0,0,2.0599999999999996,1.0599999999999996,0,0
2026-01-13 02:45:00,Catfish,28.84,7.13,4.7,3.0,3.0,3.0,2.0,3.0,3.0,0,0,2.7,1.7000000000000002,0,0
2026-01-13 03:00:00,Catfish,28.88,7.0,4.32,3.0,3.0,3.0,2.0,3.0,3.0,0,0,2.3200000000000003,1.3200000000000003,0,0
2026-01-13 03:15:00,Catfish,28.94,7.04,4.56,3.0,3.0,3.0,2.0,3.0,3.0,0,0,2.5599999999999996,1.5599999999999996,0,0
2026-01-13 03:30:00,Catfish,28.97,7.03,4.02,3.0,3.0,3.0,2.0,3.0,3.0,0,0,2.0199999999999996,1.0199999999999996,0,0
2026-01-13 03:45:00,Catfish,29.01,7.01,4.05,3.0,3.0,3.0,2.0,3.0,3.0,0,0,2.05,1.0499999999999998,0,0
2026-01-13 04:00:00,Catfish,29.08,6.95,4.09,3.0,2.0,3.0,2.0,3.0,2.6666666666666665,0,0,2.09,1.0899999999999999,0,0
2026-01-13 04:15:00,Catfish,29.33,6.98,4.9,3.0,2.0,3.0,2.0,3.0,2.6666666666666665,0,0,2.9000000000000004,1.9000000000000004,0,0
2026-01-13 04:30:00,Catfish,29.13,7.13,4.36,3.0,3.0,3.0,2.0,3.0,3.0,0,0,2.3600000000000003,1.3600000000000003,0,0
2026-01-13 04:45:00,Catfish,29.25,7.08,4.49,3.0,3.0,3.0,2.0,3.0,3.0,0,0,2.49,1.4900000000000002,0,0
2026-01-13 05:00:00,Catfish,29.35,6.84,4.38,3.0,2.0,3.0,2.0,3.0,2.6666666666666665,0,0,2.38,1.38,0,0
2026-01-13 05:15:00,Catfish,29.28,7.0,4.39,3.0,3.0,3.0,2.0,3.0,3.0,0,0,2.3899999999999997,1.3899999999999997,0,0
2026-01-13 05:30:00,Catfish,29.2,7.11,4.31,3.0,3.0,3.0,2.0,3.0,3.0,0,0,2.3099999999999996,1.3099999999999996,0,0
2026-01-13 05:45:00,Catfish,29.45,7.07,4.71,3.0,3.0,3.0,2.0,3.0,3.0,0,0,2.71,1.71,0,0
2026-01-13 06:00:00,Catfish,29.47,6.97,4.32,3.0,2.0,3.0,2.0,3.0,2.6666666666666665,0,0,2.3200000000000003,1.3200000000000003,0,0
2026-01-13 06:15:00,Catfish,29.5,7.04,4.33,3.0,3.0,3.0,2.0,3.0,3.0,0,0,2.33,1.33,0,0
2026-01-13 06:30:00,Catfish,29.48,6.98,4.72,3.0,2.0,3.0,2.0,3.0,2.6666666666666665,0,0,2.7199999999999998,1.7199999999999998,0,0
2026-01-13 06:45:00,Catfish,29.65,7.11,4.77,3.0,3.0,3.0,2.0,3.0,3.0,0,0,2.7699999999999996,1.7699999999999996,0,0
2026-01-13 07:00:00,Catfish,29.65,7.09,4.41,3.0,3.0,3.0,2.0,3.0,3.0,0,0,2.41,1.4100000000000001,0,0
2026-01-13 07:15:00,Catfish,29.56,6.97,4.74,3.0,2.0,3.0,2.0,3.0,2.6666666666666665,0,0,2.74,1.7400000000000002,0,0
2026-01-13 07:30:00,Catfish,29.67,7.21,4.73,3.0,3.0,3.0,2.0,3.0,3.0,0,0,2.7300000000000004,1.7300000000000004,0,0
2026-01-13 07:45:00,Catfish,29.83,7.16,4.9,3.0,3.0,3.0,2.0,3.0,3.0,0,0,2.9000000000000004,1.9000000000000004,0,0
2026-01-13 08:00:00,Catfish,29.67,7.03,5.17,3.0,3.0,3.0,2.0,3.0,3.0,0,0,3.17,2.17,0,0
2026-01-13 08:15:00,Catfish,29.79,7.08,4.84,3.0,3.0,3.0,2.0,3.0,3.0,0,0,2.84,1.8399999999999999,0,0
2026-01-13 08:30:00,Catfish,29.73,7.1,4.77,3.0,3.0,3.0,2.0,3.0,3.0,0,0,2.7699999999999996,1.7699999999999996,0,0
2026-01-13 08:45:00,Catfish,29.82,7.31,5.26,3.0,3.0,3.0,2.0,3.0,3.0,0,0,3.26,2.26,0,0
2026-01-13 09:00:00,Catfish,29.56,7.16,4.89,3.0,3.0,3.0,2.0,3.0,3.0,0,0,2.8899999999999997,1.8899999999999997,0,0
2026-01-13 09:15:00,Catfish,29.9,7.08,4.87,3.0,3.0,3.0,2.0,3.0,3.0,0,0,2.87,1.87,0,0
2026-01-13 09:30:00,Catfish,29.79,7.0,4.73,3.0,3.0,3.0,2.0,3.0,3.0,0,0,2.7300000000000004,1.7300000000000004,0,0
2026-01-13 09:45:00,Catfish,29.87,7.09,4.65,3.0,3.0,3.0,2.0,3.0,3.0,0,0,2.6500000000000004,1.6500000000000004,0,0
2026-01-13 10:00:00,Catfish,30.0,7.19,5.13,3.0,3.0,3.0,2.0,3.0,3.0,0,0,3.13,2.13,0,0
2026-01-13 10:15:00,Catfish,29.61,7.1,5.01,3.0,3.0,3.0,2.0,3.0,3.0,0,0,3.01,2.01,0,0
2026-01-13 10:30:00,Catfish,29.91,7.03,5.21,3.0,3.0,3.0,2.0,3.0,3.0,0,0,3.21,2.21,0,0
2026-01-13 10:45:00,Catfish,29.8,7.12,5.09,3.0,3.0,3.0,2.0,3.0,3.0,0,0,3.09,2.09,0,0
2026-01-13 11:00:00,Catfish,29.87,7.19,4.9,3.0,3.0,3.0,2.0,3.0,3.0,0,0,2.9000000000000004,1.9000000000000004,0,0
2026-01-13 11:15:00,Catfish,29.83,7.14,4.93,3.0,3.0,3.0,2.0,3.0,3.0,0,0,2.9299999999999997,1.9299999999999997,0,0
2026-01-13 11:30:00,Catfish,29.62,7.0,5.32,3.0,3.0,3.0,2.0,3.0,3.0,0,0,3.3200000000000003,2.3200000000000003,0,0
2026-01-13 11:45:00,Catfish,29.64,7.1,5.04,3.0,3.0,3.0,2.0,3.0,3.0,0,0,3.04,2.04,0,0
2026-01-13 12:00:00,Catfish,29.97,7.25,5.01,3.0,3.0,3.0,2.0,3.0,3.0,0,0,3.01,2.01,0,0
2026-01-13 12:15:00,Catfish,29.65,7.17,5.2,3.0,3.0,3.0,2.0,3.0,3.0,0,0,3.2,2.2,0,0
2026-01-13 12:30:00,Catfish,29.7,7.12,4.87,3.0,3.0,3.0,2.0,3.0,3.0,0,0,2.87,1.87,0,0
2026-01-13 12:45:00,Catfish,29.64,7.03,4.92,3.0,3.0,3.0,2.0,3.0,3.0,0,0,2.92,1.92,0,0
2026-01-13 13:00:00,Catfish,29.58,6.91,4.64,3.0,2.0,3.0,2.0,3.0,2.6666666666666665,0,0,2.6399999999999997,1.6399999999999997,0,0
2026-01-13 13:15:00,Catfish,29.89,7.15,5.14,3.0,3.0,3.0,2.0,3.0,3.0,0,0,3.1399999999999997,2.1399999999999997,0,0
2026-01-13 13:30:00,Catfish,29.76,7.11,5.11,3.0,3.0,3.0,2.0,3.0,3.0,0,0,3.1100000000000003,2.1100000000000003,0,0
2026-01-13 13:45:00,Catfish,29.62,7.02,5.33,3.0,3.0,3.0,2.0,3.0,3.0,0,0,3.33,2.33,0,0
2026-01-13 14:00:00,Catfish,29.6,7.1,4.91,3.0,3.0,3.0,2.0,3.0,3.0,0,0,2.91,1.9100000000000001,0,0
2026-01-13 14:15:00,Catfish,29.64,7.03,5.05,3.0,3.0,3.0,2.0,3.0,3.0,0,0,3.05,2.05,0,0
2026-01-13 14:30:00,Catfish,29.54,7.09,5.26,3.0,3.0,3.0,2.0,3.0,3.0,0,0,3.26,2.26,0,0
2026-01-13 14:45:00,Catfish,29.6,7.14,5.25,3.0,3.0,3.0,2.0,3.0,3.0,0,0,3.25,2.25,0,0
2026-01-13 15:00:00,Catfish,29.43,7.23,5.27,3.0,3.0,3.0,2.0,3.0,3.0,0,0,3.2699999999999996,2.2699999999999996,0,0
2026-01-13 15:15:00,Catfish,29.55,7.21,5.2,3.0,3.0,3.0,2.0,3.0,3.0,0,0,3.2,2.2,0,0
2026-01-13 15:30:00,Catfish,29.37,7.25,5.05,3.0,3.0,3.0,2.0,3.0,3.0,0,0,3.05,2.05,0,0
2026-01-13 15:45:00,Catfish,29.32,7.1,5.11,3.0,3.0,3.0,2.0,3.0,3.0,0,0,3.1100000000000003,2.1100000000000003,0,0
2026-01-13 16:00:00,Catfish,29.42,7.04,4.75,3.0,3.0,3.0,2.0,3.0,3.0,0,0,2.75,1.75,0,0
2026-01-13 16:15:00,Catfish,29.52,7.11,4.89,3.0,3.0,3.0,2.0,3.0,3.0,0,0,2.8899999999999997,1.8899999999999997,0,0
2026-01-13 16:30:00,Catfish,29.41,7.02,5.03,3.0,3.0,3.0,2.0,3.0,3.0,0,0,3.0300000000000002,2.0300000000000002,0,0
2026-01-13 16:45:00,Catfish,29.1,7.08,5.27,3.0,3.0,3.0,2.0,3.0,3.0,0,0,3.2699999999999996,2.2699999999999996,0,0
2026-01-13 17:00:00,Catfish,29.14,7.04,5.08,3.0,3.0,3.0,2.0,3.0,3.0,0,0,3.08,2.08,0,0
2026-01-13 17:15:00,Catfish,29.11,7.18,4.62,3.0,3.0,3.0,2.0,3.0,3.0,0,0,2.62,1.62,0,0
2026-01-13 17:30:00,Catfish,29.17,7.09,4.72,3.0,3.0,3.0,2.0,3.0,3.0,0,0,2.7199999999999998,1.7199999999999998,0,0
2026-01-13 17:45:00,Catfish,29.08,7.13,5.13,3.0,3.0,3.0,2.0,3.0,3.0,0,0,3.13,2.13,0,0
2026-01-13 18:00:00,Catfish,28.84,7.05,4.61,3.0,3.0,3.0,2.0,3.0,3.0,0,0,2.6100000000000003,1.6100000000000003,0,0
2026-01-13 18:15:00,Catfish,29.13,7.13,4.54,3.0,3.0,3.0,2.0,3.0,3.0,0,0,2.54,1.54,0,0
2026-01-13 18:30:00,Catfish,29.0,7.07,4.84,3.0,3.0,3.0,2.0,3.0,3.0,0,0,2.84,1.8399999999999999,0,0
2026-01-13 18:45:00,Catfish,29.01,7.16,4.52,3.0,3.0,3.0,2.0,3.0,3.0,0,0,2.5199999999999996,1.5199999999999996,0,0
2026-01-13 19:00:00,Catfish,29.06,6.99,4.9,3.0,2.0,3.0,2.0,3.0,2.6666666666666665,0,0,2.9000000000000004,1.9000000000000004,0,0
2026-01-13 19:15:00,Catfish,29.03,7.0,4.65,3.0,3.0,3.0,2.0,3.0,3.0,0,0,2.6500000000000004,1.6500000000000004,0,0
2026-01-13 19:30:00,Catfish,28.95,7.07,4.65,3.0,3.0,3.0,2.0,3.0,3.0,0,0,2.6500000000000004,1.6500000000000004,0,0
2026-01-13 19:45:00,Catfish,28.75,6.99,4.73,3.0,2.0,3.0,2.0,3.0,2.6666666666666665,0,0,2.7300000000000004,1.7300000000000004,0,0
2026-01-13 20:00:00,Catfish,28.92,7.04,4.62,3.0,3.0,3.0,2.0,3.0,3.0,0,0,2.62,1.62,0,0
2026-01-13 20:15:00,Catfish,28.72,7.1,4.57,3.0,3.0,3.0,2.0,3.0,3.0,0,0,2.5700000000000003,1.5700000000000003,0,0
2026-01-13 20:30:00,Catfish,28.77,7.04,4.4,3.0,3.0,3.0,2.0,3.0,3.0,0,0,2.4000000000000004,1.4000000000000004,0,0
2026-01-13 20:45:00,Catfish,28.58,7.27,4.62,3.0,3.0,3.0,2.0,3.0,3.0,0,0,2.62,1.62,0,0
2026-01-13 21:00:00,Catfish,28.7,7.04,4.51,3.0,3.0,3.0,2.0,3.0,3.0,0,0,2.51,1.5099999999999998,0,0
2026-01-13 21:15:00,Catfish,28.68,7.07,4.59,3.0,3.0,3.0,2.0,3.0,3.0,0,0,2.59,1.5899999999999999,0,0
2026-01-13 21:30:00,Catfish,28.68,7.0,4.41,3.0,3.0,3.0,2.0,3.0,3.0,0,0,2.41,1.4100000000000001,0,0
2026-01-13 21:45:00,Catfish,28.79,6.87,4.34,3.0,2.0,3.0,2.0,3.0,2.6666666666666665,0,0,2.34,1.3399999999999999,0,0
2026-01-13 22:00:00,Catfish,28.67,7.07,4.6,3.0,3.0,3.0,2.0,3.0,3.0,0,0,2.5999999999999996,1.5999999999999996,0,0
2026-01-13 22:15:00,Catfish,28.57,6.96,4.31,3.0,2.0,3.0,2.0,3.0,2.6666666666666665,0,0,2.3099999999999996,1.3099999999999996,0,0
2026-01-13 22:30:00,Catfish,28.68,7.06,4.18,3.0,3.0,3.0,2.0,3.0,3.0,0,0,2.1799999999999997,1.1799999999999997,0,0
2026-01-13 22:45:00,Catfish,28.8,7.07,4.33,3.0,3.0,3.0,2.0,3.0,3.0,0,0,2.33,1.33,0,0
2026-01-13 23:00:00,Catfish,28.63,7.2,4.3,3.0,3.0,3.0,2.0,3.0,3.0,0,0,2.3,1.2999999999999998,0,0
2026-01-13 23:15:00,Catfish,28.79,7.05,4.37,3.0,3.0,3.0,2.0,3.0,3.0,0,0,2.37,1.37,0,0
2026-01-13 23:30:00,Catfish,28.54,7.04,4.04,3.0,3.0,3.0,2.0,3.0,3.0,0,0,2.04,1.04,0,0
2026-01-13 23:45:00,Catfish,28.54,6.91,4.04,3.0,2.0,3.0,2.0,3.0,2.6666666666666665,0,0,2.04,1.04,0,0
2026-01-14 00:00:00,Catfish,28.49,7.0,4.15,3.0,3.0,3.0,2.0,3.0,3.0,0,0,2.1500000000000004,1.1500000000000004,0,0
2026-01-14 00:15:00,Catfish,28.68,7.19,3.89,3.0,3.0,3.0,2.0,3.0,3.0,0,0,1.8900000000000001,0.8900000000000001,0,0
2026-01-14 00:30:00,Catfish,28.49,7.16,4.08,3.0,3.0,3.0,2.0,3.0,3.0,0,0,2.08,1.08,0,0
2026-01-14 00:45:00,Catfish,28.75,7.02,4.17,3.0,3.0,3.0,2.0,3.0,3.0,0,0,2.17,1.17,0,0
2026-01-14 01:00:00,Catfish,28.75,6.9,4.0,3.0,2.0,3.0,2.0,3.0,2.6666666666666665,0,0,2.0,1.0,0,0
2026-01-14 01:15:00,Catfish,28.49,6.99,3.86,3.0,2.0,3.0,2.0,3.0,2.6666666666666665,0,0,1.8599999999999999,0.8599999999999999,0,0
2026-01-14 01:30:00,Catfish,28.84,7.02,4.48,3.0,3.0,3.0,2.0,3.0,3.0,0,0,2.4800000000000004,1.4800000000000004,0,0
2026-01-14 01:45:00,Catfish,28.69,7.04,4.3,3.0,3.0,3.0,2.0,3.0,3.0,0,0,2.3,1.2999999999999998,0,0
2026-01-14 02:00:00,Catfish,28.75,6.89,4.15,3.0,2.0,3.0,2.0,3.0,2.6666666666666665,0,0,2.1500000000000004,1.1500000000000004,0,0
2026-01-14 02:15:00,Catfish,28.73,6.91,4.2,3.0,2.0,3.0,2.0,3.0,2.6666666666666665,0,0,2.2,1.2000000000000002,0,0
2026-01-14 02:30:00,Catfish,28.75,7.07,4.48,3.0,3.0,3.0,2.0,3.0,3.0,0,0,2.4800000000000004,1.4800000000000004,0,0
2026-01-14 02:45:00,Catfish,28.94,6.99,4.68,3.0,2.0,3.0,2.0,3.0,2.6666666666666665,0,0,2.6799999999999997,1.6799999999999997,0,0
2026-01-14 03:00:00,Catfish,28.8,7.07,4.48,3.0,3.0,3.0,2.0,3.0,3.0,0,0,2.4800000000000004,1.4800000000000004,0,0
2026-01-14 03:15:00,Catfish,28.77,6.98,3.69,3.0,2.0,3.0,2.0,3.0,2.6666666666666665,0,0,1.69,0.69,0,0
2026-01-14 03:30:00,Catfish,29.01,7.13,4.03,3.0,3.0,3.0,2.0,3.0,3.0,0,0,2.0300000000000002,1.0300000000000002,0,0
2026-01-14 03:45:00,Catfish,29.04,7.04,4.41,3.0,3.0,3.0,2.0,3.0,3.0,0,0,2.41,1.4100000000000001,0,0
2026-01-14 04:00:00,Catfish,29.25,7.07,4.5,3.0,3.0,3.0,2.0,3.0,3.0,0,0,2.5,1.5,0,0
2026-01-14 04:15:00,Catfish,29.17,7.02,4.79,3.0,3.0,3.0,2.0,3.0,3.0,0,0,2.79,1.79,0,0
2026-01-14 04:30:00,Catfish,28.98,7.13,4.36,3.0,3.0,3.0,2.0,3.0,3.0,0,0,2.3600000000000003,1.3600000000000003,0,0
2026-01-14 04:45:00,Catfish,29.25,7.16,4.58,3.0,3.0,3.0,2.0,3.0,3.0,0,0,2.58,1.58,0,0
2026-01-14 05:00:00,Catfish,29.28,6.96,4.11,3.0,2.0,3.0,2.0,3.0,2.6666666666666665,0,0,2.1100000000000003,1.1100000000000003,0,0
2026-01-14 05:15:00,Catfish,29.29,7.16,4.46,3.0,3.0,3.0,2.0,3.0,3.0,0,0,2.46,1.46,0,0
2026-01-14 05:30:00,Catfish,29.4,7.0,4.61,3.0,3.0,3.0,2.0,3.0,3.0,0,0,2.6100000000000003,1.6100000000000003,0,0
2026-01-14 05:45:00,Catfish,29.37,7.1,4.72,3.0,3.0,3.0,2.0,3.0,3.0,0,0,2.7199999999999998,1.7199999999999998,0,0
2026-01-14 06:00:00,Catfish,29.27,7.1,4.39,3.0,3.0,3.0,2.0,3.0,3.0,0,0,2.3899999999999997,1.3899999999999997,0,0
2026-01-14 06:15:00,Catfish,29.36,7.02,4.69,3.0,3.0,3.0,2.0,3.0,3.0,0,0,2.6900000000000004,1.6900000000000004,0,0
2026-01-14 06:30:00,Catfish,29.48,7.04,4.46,3.0,3.0,3.0,2.0,3.0,3.0,0,0,2.46,1.46,0,0
2026-01-14 06:45:00,Catfish,29.55,7.04,4.86,3.0,3.0,3.0,2.0,3.0,3.0,0,0,2.8600000000000003,1.8600000000000003,0,0
2026-01-14 07:00:00,Catfish,29.57,6.97,4.61,3.0,2.0,3.0,2.0,3.0,2.6666666666666665,0,0,2.6100000000000003,1.6100000000000003,0,0
2026-01-14 07:15:00,Catfish,29.54,6.99,4.9,3.0,2.0,3.0,2.0,3.0,2.6666666666666665,0,0,2.9000000000000004,1.9000000000000004,0,0
2026-01-14 07:30:00,Catfish,29.63,7.04,4.73,3.0,3.0,3.0,2.0,3.0,3.0,0,0,2.7300000000000004,1.7300000000000004,0,0
2026-01-14 07:45:00,Catfish,29.59,7.16,4.91,3.0,3.0,3.0,2.0,3.0,3.0,0,0,2.91,1.9100000000000001,0,0
2026-01-14 08:00:00,Catfish,29.69,7.13,5.26,3.0,3.0,3.0,2.0,3.0,3.0,0,0,3.26,2.26,0,0
2026-01-14 08:15:00,Catfish,29.87,7.0,4.88,3.0,3.0,3.0,2.0,3.0,3.0,0,0,2.88,1.88,0,0
2026-01-14 08:30:00,Catfish,29.84,7.13,4.84,3.0,3.0,3.0,2.0,3.0,3.0,0,0,2.84,1.8399999999999999,0,0
2026-01-14 08:45:00,Catfish,29.72,7.24,4.85,3.0,3.0,3.0,2.0,3.0,3.0,0,0,2.8499999999999996,1.8499999999999996,0,0
2026-01-14 09:00:00,Catfish,29.95,7.1,4.79,3.0,3.0,3.0,2.0,3.0,3.0,0,0,2.79,1.79,0,0
2026-01-14 09:15:00,Catfish,29.85,7.0,4.92,3.0,3.0,3.0,2.0,3.0,3.0,0,0,2.92,1.92,0,0
2026-01-14 09:30:00,Catfish,29.74,7.05,4.8,3.0,3.0,3.0,2.0,3.0,3.0,0,0,2.8,1.7999999999999998,0,0
2026-01-14 09:45:00,Catfish,29.87,7.23,4.88,3.0,3.0,3.0,2.0,3.0,3.0,0,0,2.88,1.88,0,0
2026-01-14 10:00:00,Catfish,29.79,7.14,5.22,3.0,3.0,3.0,2.0,3.0,3.0,0,0,3.2199999999999998,2.2199999999999998,0,0
2026-01-14 10:15:00,Catfish,29.86,7.13,4.91,3.0,3.0,3.0,2.0,3.0,3.0,0,0,2.91,1.9100000000000001,0,0
2026-01-14 10:30:00,Catfish,29.84,7.16,4.8,3.0,3.0,3.0,2.0,3.0,3.0,0,0,2.8,1.7999999999999998,0,0
2026-01-14 10:45:00,Catfish,29.88,6.97,5.03,3.0,2.0,3.0,2.0,3.0,2.6666666666666665,0,0,3.0300000000000002,2.0300000000000002,0,0
2026-01-14 11:00:00,Catfish,29.84,7.04,5.05,3.0,3.0,3.0,2.0,3.0,3.0,0,0,3.05,2.05,0,0
2026-01-14 11:15:00,Catfish,29.82,7.19,5.05,3.0,3.0,3.0,2.0,3.0,3.0,0,0,3.05,2.05,0,0
2026-01-14 11:30:00,Catfish,29.77,7.09,5.36,3.0,3.0,3.0,2.0,3.0,3.0,0,0,3.3600000000000003,2.3600000000000003,0,0
2026-01-14 11:45:00,Catfish,29.7,7.1,4.9,3.0,3.0,3.0,2.0,3.0,3.0,0,0,2.9000000000000004,1.9000000000000004,0,0
2026-01-14 12:00:00,Catfish,29.89,7.07,5.12,3.0,3.0,3.0,2.0,3.0,3.0,0,0,3.12,2.12,0,0
2026-01-14 12:15:00,Catfish,29.95,7.23,5.14,3.0,3.0,3.0,2.0,3.0,3.0,0,0,3.1399999999999997,2.1399999999999997,0,0
2026-01-14 12:30:00,Catfish,29.72,7.14,5.36,3.0,3.0,3.0,2.0,3.0,3.0,0,0,3.3600000000000003,2.3600000000000003,0,0
2026-01-14 12:45:00,Catfish,29.81,7.07,5.07,3.0,3.0,3.0,2.0,3.0,3.0,0,0,3.0700000000000003,2.0700000000000003,0,0
2026-01-14 13:00:00,Catfish,29.75,7.22,4.27,3.0,3.0,3.0,2.0,3.0,3.0,0,0,2.2699999999999996,1.2699999999999996,0,0
2026-01-14 13:15:00,Catfish,29.47,7.13,5.09,3.0,3.0,3.0,2.0,3.0,3.0,0,0,3.09,2.09,0,0
2026-01-14 13:30:00,Catfish,29.63,7.11,5.11,3.0,3.0,3.0,2.0,3.0,3.0,0,0,3.1100000000000003,2.1100000000000003,0,0
2026-01-14 13:45:00,Catfish,29.58,7.02,5.5,3.0,3.0,3.0,2.0,3.0,3.0,0,0,3.5,2.5,0,0
2026-01-14 14:00:00,Catfish,29.67,7.27,5.06,3.0,3.0,3.0,2.0,3.0,3.0,0,0,3.0599999999999996,2.0599999999999996,0,0
2026-01-14 14:15:00,Catfish,29.59,7.23,5.39,3.0,3.0,3.0,2.0,3.0,3.0,0,0,3.3899999999999997,2.3899999999999997,0,0
2026-01-14 14:30:00,Catfish,29.55,7.14,5.12,3.0,3.0,3.0,2.0,3.0,3.0,0,0,3.12,2.12,0,0
2026-01-14 14:45:00,Catfish,29.65,7.22,5.18,3.0,3.0,3.0,2.0,3.0,3.0,0,0,3.1799999999999997,2.1799999999999997,0,0
2026-01-14 15:00:00,Catfish,29.52,7.27,5.12,3.0,3.0,3.0,2.0,3.0,3.0,0,0,3.12,2.12,0,0
2026-01-14 15:15:00,Catfish,29.48,7.07,4.9,3.0,3.0,3.0,2.0,3.0,3.0,0,0,2.9000000000000004,1.9000000000000004,0,0
2026-01-14 15:30:00,Catfish,29.56,7.17,5.29,3.0,3.0,3.0,2.0,3.0,3.0,0,0,3.29,2.29,0,0
2026-01-14 15:45:00,Catfish,29.42,7.21,4.82,3.0,3.0,3.0,2.0,3.0,3.0,0,0,2.8200000000000003,1.8200000000000003,0,0
2026-01-14 16:00:00,Catfish,29.4,7.05,5.13,3.0,3.0,3.0,2.0,3.0,3.0,0,0,3.13,2.13,0,0
2026-01-14 16:15:00,Catfish,29.38,7.2,5.07,3.0,3.0,3.0,2.0,3.0,3.0,0,0,3.0700000000000003,2.0700000000000003,0,0
2026-01-14 16:30:00,Catfish,29.28,7.13,4.96,3.0,3.0,3.0,2.0,3.0,3.0,0,0,2.96,1.96,0,0
2026-01-14 16:45:00,Catfish,29.24,7.07,4.85,3.0,3.0,3.0,2.0,3.0,3.0,0,0,2.8499999999999996,1.8499999999999996,0,0
2026-01-14 17:00:00,Catfish,29.39,7.04,4.9,3.0,3.0,3.0,2.0,3.0,3.0,0,0,2.9000000000000004,1.9000000000000004,0,0
2026-01-14 17:15:00,Catfish,29.18,7.05,4.97,3.0,3.0,3.0,2.0,3.0,3.0,0,0,2.9699999999999998,1.9699999999999998,0,0
2026-01-14 17:30:00,Catfish,29.15,7.12,4.3,3.0,3.0,3.0,2.0,3.0,3.0,0,0,2.3,1.2999999999999998,0,0
2026-01-14 17:45:00,Catfish,29.22,7.16,4.75,3.0,3.0,3.0,2.0,3.0,3.0,0,0,2.75,1.75,0,0
2026-01-14 18:00:00,Catfish,29.2,7.0,4.83,3.0,3.0,3.0,2.0,3.0,3.0,0,0,2.83,1.83,0,0
2026-01-14 18:15:00,Catfish,28.95,7.15,4.38,3.0,3.0,3.0,2.0,3.0,3.0,0,0,2.38,1.38,0,0
2026-01-14 18:30:00,Catfish,28.87,7.02,4.66,3.0,3.0,3.0,2.0,3.0,3.0,0,0,2.66,1.6600000000000001,0,0
2026-01-14 18:45:00,Catfish,28.98,7.05,4.45,3.0,3.0,3.0,2.0,3.0,3.0,0,0,2.45,1.4500000000000002,0,0
2026-01-14 19:00:00,Catfish,28.98,7.15,4.94,3.0,3.0,3.0,2.0,3.0,3.0,0,0,2.9400000000000004,1.9400000000000004,0,0
2026-01-14 19:15:00,Catfish,28.92,7.07,4.6,3.0,3.0,3.0,2.0,3.0,3.0,0,0,2.5999999999999996,1.5999999999999996,0,0
2026-01-14 19:30:00,Catfish,28.8,7.12,4.65,3.0,3.0,3.0,2.0,3.0,3.0,0,0,2.6500000000000004,1.6500000000000004,0,0
2026-01-14 19:45:00,Catfish,28.95,7.15,4.66,3.0,3.0,3.0,2.0,3.0,3.0,0,0,2.66,1.6600000000000001,0,0
2026-01-14 20:00:00,Catfish,28.83,7.29,4.56,3.0,3.0,3.0,2.0,3.0,3.0,0,0,2.5599999999999996,1.5599999999999996,0,0
2026-01-14 20:15:00,Catfish,28.76,7.22,4.08,3.0,3.0,3.0,2.0,3.0,3.0,0,0,2.08,1.08,0,0
2026-01-14 20:30:00,Catfish,28.85,7.14,4.61,3.0,3.0,3.0,2.0,3.0,3.0,0,0,2.6100000000000003,1.6100000000000003,0,0
2026-01-14 20:45:00,Catfish,28.71,7.17,4.51,3.0,3.0,3.0,2.0,3.0,3.0,0,0,2.51,1.5099999999999998,0,0
2026-01-14 21:00:00,Catfish,28.74,6.92,4.62,3.0,2.0,3.0,2.0,3.0,2.6666666666666665,0,0,2.62,1.62,0,0
2026-01-14 21:15:00,Catfish,28.6,7.15,4.19,3.0,3.0,3.0,2.0,3.0,3.0,0,0,2.1900000000000004,1.1900000000000004,0,0
2026-01-14 21:30:00,Catfish,28.85,6.94,4.39,3.0,2.0,3.0,2.0,3.0,2.6666666666666665,0,0,2.3899999999999997,1.3899999999999997,0,0
2026-01-14 21:45:00,Catfish,28.53,7.15,4.53,3.0,3.0,3.0,2.0,3.0,3.0,0,0,2.5300000000000002,1.5300000000000002,0,0
2026-01-14 22:00:00,Catfish,28.72,7.13,4.58,3.0,3.0,3.0,2.0,3.0,3.0,0,0,2.58,1.58,0,0
2026-01-14 22:15:00,Catfish,28.77,7.08,4.65,3.0,3.0,3.0,2.0,3.0,3.0,0,0,2.6500000000000004,1.6500000000000004,0,0
2026-01-14 22:30:00,Catfish,28.6,7.02,4.53,3.0,3.0,3.0,2.0,3.0,3.0,0,0,2.5300000000000002,1.5300000000000002,0,0
2026-01-14 22:45:00,Catfish,28.78,6.98,4.3,3.0,2.0,3.0,2.0,3.0,2.6666666666666665,0,0,2.3,1.2999999999999998,0,0
2026-01-14 23:00:00,Catfish,28.58,7.13,4.32,3.0,3.0,3.0,2.0,3.0,3.0,0,0,2.3200000000000003,1.3200000000000003,0,0
2026-01-14 23:15:00,Catfish,28.58,6.99,4.24,3.0,2.0,3.0,2.0,3.0,2.6666666666666665,0,0,2.24,1.2400000000000002,0,0
2026-01-14 23:30:00,Catfish,28.73,6.98,4.18,3.0,2.0,3.0,2.0,3.0,2.6666666666666665,0,0,2.1799999999999997,1.1799999999999997,0,0
2026-01-14 23:45:00,Catfish,28.73,7.04,4.25,3.0,3.0,3.0,2.0,3.0,3.0,0,0,2.25,1.25,0,0
2026-01-15 00:00:00,Gourami,26.77,7.45,4.37,3.0,3.0,2.0,4.0,5.0,2.6666666666666665,0,1,0.3700000000000001,-0.6299999999999999,0,0
2026-01-15 00:15:00,Gourami,27.36,7.69,3.61,3.0,3.0,1.0,4.0,5.0,2.3333333333333335,1,0,-0.3900000000000001,-1.3900000000000001,1,15
2026-01-15 00:30:00,Gourami,27.69,7.53,3.72,3.0,3.0,1.0,4.0,5.0,2.3333333333333335,1,0,-0.2799999999999998,-1.2799999999999998,2,30
2026-01-15 00:45:00,Gourami,27.42,7.54,3.71,3.0,3.0,1.0,4.0,5.0,2.3333333333333335,1,0,-0.29000000000000004,-1.29,3,45
2026-01-15 01:00:00,Gourami,27.57,7.55,3.53,3.0,3.0,1.0,4.0,5.0,2.3333333333333335,1,0,-0.4700000000000002,-1.4700000000000002,4,60
2026-01-15 01:15:00,Gourami,27.55,7.81,3.61,3.0,3.0,1.0,4.0,5.0,2.3333333333333335,1,0,-0.3900000000000001,-1.3900000000000001,5,75
2026-01-15 01:30:00,Gourami,27.36,7.46,3.75,3.0,3.0,1.0,4.0,5.0,2.3333333333333335,1,0,-0.25,-1.25,6,90
2026-01-15 01:45:00,Gourami,27.48,7.43,3.93,3.0,3.0,1.0,4.0,5.0,2.3333333333333335,1,0,-0.06999999999999984,-1.0699999999999998,7,105
2026-01-15 02:00:00,Gourami,27.71,7.54,4.28,3.0,3.0,2.0,4.0,5.0,2.6666666666666665,0,1,0.28000000000000025,-0.7199999999999998,0,0
2026-01-15 02:15:00,Gourami,27.85,7.37,4.47,3.0,3.0,2.0,4.0,5.0,2.6666666666666665,0,1,0.46999999999999975,-0.5300000000000002,0,0
2026-01-15 02:30:00,Gourami,27.96,7.49,3.8,3.0,3.0,1.0,4.0,5.0,2.3333333333333335,1,0,-0.20000000000000018,-1.2000000000000002,1,15
2026-01-15 02:45:00,Gourami,27.96,7.59,4.22,3.0,3.0,2.0,4.0,5.0,2.6666666666666665,0,1,0.21999999999999975,-0.7800000000000002,0,0
2026-01-15 03:00:00,Gourami,27.72,7.48,4.03,3.0,3.0,2.0,4.0,5.0,2.6666666666666665,0,1,0.03000000000000025,-0.9699999999999998,0,0
2026-01-15 03:15:00,Gourami,27.98,7.35,4.08,3.0,3.0,2.0,4.0,5.0,2.6666666666666665,0,1,0.08000000000000007,-0.9199999999999999,0,0
2026-01-15 03:30:00,Gourami,28.13,7.65,4.06,3.0,3.0,2.0,4.0,5.0,2.6666666666666665,0,1,0.05999999999999961,-0.9400000000000004,0,0
2026-01-15 03:45:00,Gourami,28.07,7.63,3.97,3.0,3.0,1.0,4.0,5.0,2.3333333333333335,1,0,-0.029999999999999805,-1.0299999999999998,1,15
2026-01-15 04:00:00,Gourami,28.31,7.69,3.48,3.0,3.0,1.0,4.0,5.0,2.3333333333333335,1,0,-0.52,-1.52,2,30
2026-01-15 04:15:00,Gourami,28.67,7.64,4.26,3.0,3.0,2.0,4.0,5.0,2.6666666666666665,0,1,0.2599999999999998,-0.7400000000000002,0,0
2026-01-15 04:30:00,Gourami,28.33,7.69,4.43,3.0,3.0,2.0,4.0,5.0,2.6666666666666665,0,1,0.4299999999999997,-0.5700000000000003,0,0
2026-01-15 04:45:00,Gourami,28.63,7.5,4.71,3.0,3.0,2.0,4.0,5.0,2.6666666666666665,0,1,0.71,-0.29000000000000004,0,0
2026-01-15 05:00:00,Gourami,28.41,7.44,4.2,3.0,3.0,2.0,4.0,5.0,2.6666666666666665,0,1,0.20000000000000018,-0.7999999999999998,0,0
2026-01-15 05:15:00,Gourami,28.35,7.41,4.3,3.0,3.0,2.0,4.0,5.0,2.6666666666666665,0,1,0.2999999999999998,-0.7000000000000002,0,0
2026-01-15 05:30:00,Gourami,28.92,7.55,4.71,3.0,3.0,2.0,4.0,5.0,2.6666666666666665,0,1,0.71,-0.29000000000000004,0,0
2026-01-15 05:45:00,Gourami,28.97,7.51,4.59,3.0,3.0,2.0,4.0,5.0,2.6666666666666665,0,1,0.5899999999999999,-0.41000000000000014,0,0
2026-01-15 06:00:00,Gourami,29.52,7.66,4.49,3.0,3.0,2.0,4.0,5.0,2.6666666666666665,0,1,0.4900000000000002,-0.5099999999999998,0,0
2026-01-15 06:15:00,Gourami,29.59,7.54,4.56,3.0,3.0,2.0,4.0,5.0,2.6666666666666665,0,1,0.5599999999999996,-0.4400000000000004,0,0
2026-01-15 06:30:00,Gourami,29.24,7.78,5.09,3.0,3.0,3.0,4.0,5.0,3.0,0,0,1.0899999999999999,0.08999999999999986,0,0
2026-01-15 06:45:00,Gourami,29.13,7.48,4.52,3.0,3.0,2.0,4.0,5.0,2.6666666666666665,0,1,0.5199999999999996,-0.4800000000000004,0,0
2026-01-15 07:00:00,Gourami,29.38,7.63,4.9,3.0,3.0,2.0,4.0,5.0,2.6666666666666665,0,1,0.9000000000000004,-0.09999999999999964,0,0
2026-01-15 07:15:00,Gourami,29.48,7.58,4.94,3.0,3.0,2.0,4.0,5.0,2.6666666666666665,0,1,0.9400000000000004,-0.05999999999999961,0,0
2026-01-15 07:30:00,Gourami,29.56,7.5,5.46,3.0,3.0,3.0,4.0,5.0,3.0,0,0,1.46,0.45999999999999996,0,0
2026-01-15 07:45:00,Gourami,29.6,7.55,4.93,3.0,3.0,2.0,4.0,5.0,2.6666666666666665,0,1,0.9299999999999997,-0.07000000000000028,0,0
2026-01-15 08:00:00,Gourami,30.09,7.76,5.21,2.0,3.0,3.0,4.0,5.0,2.6666666666666665,0,0,1.21,0.20999999999999996,0,0
2026-01-15 08:15:00,Gourami,30.39,7.79,5.86,2.0,3.0,3.0,4.0,5.0,2.6666666666666665,0,0,1.8600000000000003,0.8600000000000003,0,0
2026-01-15 08:30:00,Gourami,29.79,7.52,5.78,3.0,3.0,3.0,4.0,5.0,3.0,0,0,1.7800000000000002,0.7800000000000002,0,0
2026-01-15 08:45:00,Gourami,29.89,7.81,5.44,3.0,3.0,3.0,4.0,5.0,3.0,0,0,1.4400000000000004,0.4400000000000004,0,0
2026-01-15 09:00:00,Gourami,30.21,7.5,5.65,2.0,3.0,3.0,4.0,5.0,2.6666666666666665,0,0,1.6500000000000004,0.6500000000000004,0,0
2026-01-15 09:15:00,Gourami,30.32,7.54,5.56,2.0,3.0,3.0,4.0,5.0,2.6666666666666665,0,0,1.5599999999999996,0.5599999999999996,0,0
2026-01-15 09:30:00,Gourami,30.2,7.81,6.04,2.0,3.0,3.0,4.0,5.0,2.6666666666666665,0,0,2.04,1.04,0,0
2026-01-15 09:45:00,Gourami,29.91,7.67,5.72,3.0,3.0,3.0,4.0,5.0,3.0,0,0,1.7199999999999998,0.7199999999999998,0,0
2026-01-15 10:00:00,Gourami,30.56,7.54,5.76,2.0,3.0,3.0,4.0,5.0,2.6666666666666665,0,0,1.7599999999999998,0.7599999999999998,0,0
2026-01-15 10:15:00,Gourami,29.94,7.63,5.67,3.0,3.0,3.0,4.0,5.0,3.0,0,0,1.67,0.6699999999999999,0,0
2026-01-15 10:30:00,Gourami,29.79,7.62,5.99,3.0,3.0,3.0,4.0,5.0,3.0,0,0,1.9900000000000002,0.9900000000000002,0,0
2026-01-15 10:45:00,Gourami,29.85,7.75,6.09,3.0,3.0,3.0,4.0,5.0,3.0,0,0,2.09,1.0899999999999999,0,0
2026-01-15 11:00:00,Gourami,30.43,7.84,6.08,2.0,3.0,3.0,4.0,5.0,2.6666666666666665,0,0,2.08,1.08,0,0
2026-01-15 11:15:00,Gourami,29.93,7.89,5.78,3.0,3.0,3.0,4.0,5.0,3.0,0,0,1.7800000000000002,0.7800000000000002,0,0
2026-01-15 11:30:00,Gourami,30.42,7.81,5.96,2.0,3.0,3.0,4.0,5.0,2.6666666666666665,0,0,1.96,0.96,0,0
2026-01-15 11:45:00,Gourami,30.41,7.8,5.94,2.0,3.0,3.0,4.0,5.0,2.6666666666666665,0,0,1.9400000000000004,0.9400000000000004,0,0
2026-01-15 12:00:00,Gourami,30.06,7.63,6.14,2.0,3.0,3.0,4.0,5.0,2.6666666666666665,0,0,2.1399999999999997,1.1399999999999997,0,0
2026-01-15 12:15:00,Gourami,30.22,7.81,6.49,2.0,3.0,3.0,4.0,5.0,2.6666666666666665,0,0,2.49,1.4900000000000002,0,0
2026-01-15 12:30:00,Gourami,30.36,7.65,5.72,2.0,3.0,3.0,4.0,5.0,2.6666666666666665,0,0,1.7199999999999998,0.7199999999999998,0,0
2026-01-15 12:45:00,Gourami,30.62,7.8,6.13,2.0,3.0,3.0,4.0,5.0,2.6666666666666665,0,0,2.13,1.13,0,0
2026-01-15 13:00:00,Gourami,29.96,7.81,5.57,3.0,3.0,3.0,4.0,5.0,3.0,0,0,1.5700000000000003,0.5700000000000003,0,0
2026-01-15 13:15:00,Gourami,29.63,7.49,5.61,3.0,3.0,3.0,4.0,5.0,3.0,0,0,1.6100000000000003,0.6100000000000003,0,0
2026-01-15 13:30:00,Gourami,29.94,7.8,5.74,3.0,3.0,3.0,4.0,5.0,3.0,0,0,1.7400000000000002,0.7400000000000002,0,0
2026-01-15 13:45:00,Gourami,30.01,7.8,6.31,2.0,3.0,3.0,4.0,5.0,2.6666666666666665,0,0,2.3099999999999996,1.3099999999999996,0,0
2026-01-15 14:00:00,Gourami,29.75,7.79,5.94,3.0,3.0,3.0,4.0,5.0,3.0,0,0,1.9400000000000004,0.9400000000000004,0,0
2026-01-15 14:15:00,Gourami,29.7,7.85,6.6,3.0,3.0,3.0,4.0,5.0,3.0,0,0,2.5999999999999996,1.5999999999999996,0,0
2026-01-15 14:30:00,Gourami,28.93,7.68,5.62,3.0,3.0,3.0,4.0,5.0,3.0,0,0,1.62,0.6200000000000001,0,0
2026-01-15 14:45:00,Gourami,28.52,7.4,4.36,3.0,3.0,2.0,4.0,5.0,2.6666666666666665,0,1,0.3600000000000003,-0.6399999999999997,0,0
2026-01-15 15:00:00,Gourami,29.28,7.6,6.83,3.0,3.0,3.0,4.0,5.0,3.0,0,0,2.83,1.83,0,0
2026-01-15 15:15:00,Gourami,29.16,7.68,5.57,3.0,3.0,3.0,4.0,5.0,3.0,0,0,1.5700000000000003,0.5700000000000003,0,0
2026-01-15 15:30:00,Gourami,29.12,7.77,5.69,3.0,3.0,3.0,4.0,5.0,3.0,0,0,1.6900000000000004,0.6900000000000004,0,0
2026-01-15 15:45:00,Gourami,28.98,7.73,5.92,3.0,3.0,3.0,4.0,5.0,3.0,0,0,1.92,0.9199999999999999,0,0
2026-01-15 16:00:00,Gourami,28.62,7.53,5.38,3.0,3.0,3.0,4.0,5.0,3.0,0,0,1.38,0.3799999999999999,0,0
2026-01-15 16:15:00,Gourami,28.85,7.46,5.78,3.0,3.0,3.0,4.0,5.0,3.0,0,0,1.7800000000000002,0.7800000000000002,0,0
2026-01-15 16:30:00,Gourami,28.85,7.62,5.58,3.0,3.0,3.0,4.0,5.0,3.0,0,0,1.58,0.5800000000000001,0,0
2026-01-15 16:45:00,Gourami,29.11,7.75,5.63,3.0,3.0,3.0,4.0,5.0,3.0,0,0,1.63,0.6299999999999999,0,0
2026-01-15 17:00:00,Gourami,27.98,7.8,5.52,3.0,3.0,3.0,4.0,5.0,3.0,0,0,1.5199999999999996,0.5199999999999996,0,0
2026-01-15 17:15:00,Gourami,27.93,7.58,4.02,3.0,3.0,2.0,4.0,5.0,2.6666666666666665,0,1,0.019999999999999574,-0.9800000000000004,0,0
2026-01-15 17:30:00,Gourami,28.42,7.68,5.24,3.0,3.0,3.0,4.0,5.0,3.0,0,0,1.2400000000000002,0.2400000000000002,0,0
2026-01-15 17:45:00,Gourami,28.34,7.82,4.97,3.0,3.0,2.0,4.0,5.0,2.6666666666666665,0,1,0.9699999999999998,-0.03000000000000025,0,0
2026-01-15 18:00:00,Gourami,27.0,7.3,4.44,3.0,3.0,2.0,4.0,5.0,2.6666666666666665,0,1,0.4400000000000004,-0.5599999999999996,0,0
2026-01-15 18:15:00,Gourami,28.25,7.49,5.24,3.0,3.0,3.0,4.0,5.0,3.0,0,0,1.2400000000000002,0.2400000000000002,0,0
2026-01-15 18:30:00,Gourami,27.94,7.62,5.41,3.0,3.0,3.0,4.0,5.0,3.0,0,0,1.4100000000000001,0.41000000000000014,0,0
2026-01-15 18:45:00,Gourami,27.83,7.68,4.63,3.0,3.0,2.0,4.0,5.0,2.6666666666666665,0,1,0.6299999999999999,-0.3700000000000001,0,0
2026-01-15 19:00:00,Gourami,27.98,7.54,5.0,3.0,3.0,3.0,4.0,5.0,3.0,0,0,1.0,0.0,0,0
2026-01-15 19:15:00,Gourami,27.88,7.55,4.86,3.0,3.0,2.0,4.0,5.0,2.6666666666666665,0,1,0.8600000000000003,-0.13999999999999968,0,0
2026-01-15 19:30:00,Gourami,27.67,7.69,4.52,3.0,3.0,2.0,4.0,5.0,2.6666666666666665,0,1,0.5199999999999996,-0.4800000000000004,0,0
2026-01-15 19:45:00,Gourami,27.25,7.71,5.15,3.0,3.0,3.0,4.0,5.0,3.0,0,0,1.1500000000000004,0.15000000000000036,0,0
2026-01-15 20:00:00,Gourami,27.0,7.54,4.87,3.0,3.0,2.0,4.0,5.0,2.6666666666666665,0,1,0.8700000000000001,-0.1299999999999999,0,0
2026-01-15 20:15:00,Gourami,27.52,7.6,5.09,3.0,3.0,3.0,4.0,5.0,3.0,0,0,1.0899999999999999,0.08999999999999986,0,0
2026-01-15 20:30:00,Gourami,27.65,7.5,4.48,3.0,3.0,2.0,4.0,5.0,2.6666666666666665,0,1,0.4800000000000004,-0.5199999999999996,0,0
2026-01-15 20:45:00,Gourami,27.18,7.56,4.39,3.0,3.0,2.0,4.0,5.0,2.6666666666666665,0,1,0.3899999999999997,-0.6100000000000003,0,0
2026-01-15 21:00:00,Gourami,27.14,7.48,4.59,3.0,3.0,2.0,4.0,5.0,2.6666666666666665,0,1,0.5899999999999999,-0.41000000000000014,0,0
2026-01-15 21:15:00,Gourami,26.93,7.61,4.59,3.0,3.0,2.0,4.0,5.0,2.6666666666666665,0,1,0.5899999999999999,-0.41000000000000014,0,0
2026-01-15 21:30:00,Gourami,27.47,7.73,4.17,3.0,3.0,2.0,4.0,5.0,2.6666666666666665,0,1,0.16999999999999993,-0.8300000000000001,0,0
2026-01-15 21:45:00,Gourami,26.89,7.59,4.29,3.0,3.0,2.0,4.0,5.0,2.6666666666666665,0,1,0.29000000000000004,-0.71,0,0
2026-01-15 22:00:00,Gourami,27.46,7.35,4.17,3.0,3.0,2.0,4.0,5.0,2.6666666666666665,0,1,0.16999999999999993,-0.8300000000000001,0,0
2026-01-15 22:15:00,Gourami,26.87,7.25,4.47,3.0,3.0,2.0,4.0,5.0,2.6666666666666665,0,1,0.46999999999999975,-0.5300000000000002,0,0
2026-01-15 22:30:00,Gourami,26.69,7.54,3.8,3.0,3.0,1.0,4.0,5.0,2.3333333333333335,1,0,-0.20000000000000018,-1.2000000000000002,1,15
2026-01-15 22:45:00,Gourami,27.25,7.34,4.21,3.0,3.0,2.0,4.0,5.0,2.6666666666666665,0,1,0.20999999999999996,-0.79,0,0
2026-01-15 23:00:00,Gourami,26.97,7.44,4.47,3.0,3.0,2.0,4.0,5.0,2.6666666666666665,0,1,0.46999999999999975,-0.5300000000000002,0,0
2026-01-15 23:15:00,Gourami,27.01,7.35,3.69,3.0,3.0,1.0,4.0,5.0,2.3333333333333335,1,0,-0.31000000000000005,-1.31,1,15
2026-01-15 23:30:00,Gourami,26.78,7.51,3.97,3.0,3.0,1.0,4.0,5.0,2.3333333333333335,1,0,-0.029999999999999805,-1.0299999999999998,2,30
2026-01-15 23:45:00,Gourami,27.05,7.49,3.88,3.0,3.0,1.0,4.0,5.0,2.3333333333333335,1,0,-0.1200000000000001,-1.12,3,45
2026-01-16 00:00:00,Gourami,27.03,7.42,3.76,3.0,3.0,1.0,4.0,5.0,2.3333333333333335,1,0,-0.2400000000000002,-1.2400000000000002,4,60
2026-01-16 00:15:00,Gourami,27.13,7.63,3.57,3.0,3.0,1.0,4.0,5.0,2.3333333333333335,1,0,-0.43000000000000016,-1.4300000000000002,5,75
2026-01-16 00:30:00,Gourami,27.57,7.47,4.05,3.0,3.0,2.0,4.0,5.0,2.6666666666666665,0,1,0.04999999999999982,-0.9500000000000002,0,0
2026-01-16 00:45:00,Gourami,27.54,7.39,3.87,3.0,3.0,1.0,4.0,5.0,2.3333333333333335,1,0,-0.1299999999999999,-1.13,1,15
2026-01-16 01:00:00,Gourami,27.58,7.42,3.95,3.0,3.0,1.0,4.0,5.0,2.3333333333333335,1,0,-0.04999999999999982,-1.0499999999999998,2,30
2026-01-16 01:15:00,Gourami,27.05,7.57,3.88,3.0,3.0,1.0,4.0,5.0,2.3333333333333335,1,0,-0.1200000000000001,-1.12,3,45
2026-01-16 01:30:00,Gourami,27.45,7.62,3.68,3.0,3.0,1.0,4.0,5.0,2.3333333333333335,1,0,-0.31999999999999984,-1.3199999999999998,4,60
2026-01-16 01:45:00,Gourami,27.68,7.42,4.17,3.0,3.0,2.0,4.0,5.0,2.6666666666666665,0,1,0.16999999999999993,-0.8300000000000001,0,0
2026-01-16 02:00:00,Gourami,28.26,7.29,3.94,3.0,3.0,1.0,4.0,5.0,2.3333333333333335,1,0,-0.06000000000000005,-1.06,1,15
2026-01-16 02:15:00,Gourami,27.71,7.52,4.03,3.0,3.0,2.0,4.0,5.0,2.6666666666666665,0,1,0.03000000000000025,-0.9699999999999998,0,0
2026-01-16 02:30:00,Gourami,27.67,7.53,4.09,3.0,3.0,2.0,4.0,5.0,2.6666666666666665,0,1,0.08999999999999986,-0.9100000000000001,0,0
2026-01-16 02:45:00,Gourami,27.93,7.43,3.72,3.0,3.0,1.0,4.0,5.0,2.3333333333333335,1,0,-0.2799999999999998,-1.2799999999999998,1,15
2026-01-16 03:00:00,Gourami,27.63,7.65,3.96,3.0,3.0,1.0,4.0,5.0,2.3333333333333335,1,0,-0.040000000000000036,-1.04,2,30
2026-01-16 03:15:00,Gourami,27.98,7.52,3.51,3.0,3.0,1.0,4.0,5.0,2.3333333333333335,1,0,-0.4900000000000002,-1.4900000000000002,3,45
2026-01-16 03:30:00,Gourami,27.64,7.45,3.84,3.0,3.0,1.0,4.0,5.0,2.3333333333333335,1,0,-0.16000000000000014,-1.1600000000000001,4,60
2026-01-16 03:45:00,Gourami,28.3,7.54,3.88,3.0,3.0,1.0,4.0,5.0,2.3333333333333335,1,0,-0.1200000000000001,-1.12,5,75
2026-01-16 04:00:00,Gourami,27.95,7.65,3.68,3.0,3.0,1.0,4.0,5.0,2.3333333333333335,1,0,-0.31999999999999984,-1.3199999999999998,6,90
2026-01-16 04:15:00,Gourami,28.29,7.47,4.12,3.0,3.0,2.0,4.0,5.0,2.6666666666666665,0,1,0.1200000000000001,-0.8799999999999999,0,0
2026-01-16 04:30:00,Gourami,27.84,7.35,3.33,3.0,3.0,1.0,4.0,5.0,2.3333333333333335,1,0,-0.6699999999999999,-1.67,1,15
2026-01-16 04:45:00,Gourami,27.52,7.56,3.49,3.0,3.0,1.0,4.0,5.0,2.3333333333333335,1,0,-0.5099999999999998,-1.5099999999999998,2,30
2026-01-16 05:00:00,Gourami,27.97,7.25,3.97,3.0,3.0,1.0,4.0,5.0,2.3333333333333335,1,0,-0.029999999999999805,-1.0299999999999998,3,45
2026-01-16 05:15:00,Gourami,28.1,7.65,4.2,3.0,3.0,2.0,4.0,5.0,2.6666666666666665,0,1,0.20000000000000018,-0.7999999999999998,0,0
2026-01-16 05:30:00,Gourami,28.64,7.46,4.32,3.0,3.0,2.0,4.0,5.0,2.6666666666666665,0,1,0.3200000000000003,-0.6799999999999997,0,0
2026-01-16 05:45:00,Gourami,28.89,7.39,3.64,3.0,3.0,1.0,4.0,5.0,2.3333333333333335,1,0,-0.3599999999999999,-1.3599999999999999,1,15
2026-01-16 06:00:00,Gourami,28.46,7.54,4.59,3.0,3.0,2.0,4.0,5.0,2.6666666666666665,0,1,0.5899999999999999,-0.41000000000000014,0,0
2026-01-16 06:15:00,Gourami,28.99,7.53,4.59,3.0,3.0,2.0,4.0,5.0,2.6666666666666665,0,1,0.5899999999999999,-0.41000000000000014,0,0
2026-01-16 06:30:00,Gourami,28.72,7.61,4.61,3.0,3.0,2.0,4.0,5.0,2.6666666666666665,0,1,0.6100000000000003,-0.3899999999999997,0,0
2026-01-16 06:45:00,Gourami,29.52,7.5,4.93,3.0,3.0,2.0,4.0,5.0,2.6666666666666665,0,1,0.9299999999999997,-0.07000000000000028,0,0
2026-01-16 07:00:00,Gourami,29.37,7.56,4.82,3.0,3.0,2.0,4.0,5.0,2.6666666666666665,0,1,0.8200000000000003,-0.17999999999999972,0,0
2026-01-16 07:15:00,Gourami,29.42,7.53,4.65,3.0,3.0,2.0,4.0,5.0,2.6666666666666665,0,1,0.6500000000000004,-0.34999999999999964,0,0
2026-01-16 07:30:00,Gourami,29.31,7.5,5.25,3.0,3.0,3.0,4.0,5.0,3.0,0,0,1.25,0.25,0,0
2026-01-16 07:45:00,Gourami,29.27,7.68,5.2,3.0,3.0,3.0,4.0,5.0,3.0,0,0,1.2000000000000002,0.20000000000000018,0,0
2026-01-16 08:00:00,Gourami,29.56,7.58,5.44,3.0,3.0,3.0,4.0,5.0,3.0,0,0,1.4400000000000004,0.4400000000000004,0,0
2026-01-16 08:15:00,Gourami,30.07,7.47,5.15,2.0,3.0,3.0,4.0,5.0,2.6666666666666665,0,0,1.1500000000000004,0.15000000000000036,0,0
2026-01-16 08:30:00,Gourami,29.6,7.67,5.16,3.0,3.0,3.0,4.0,5.0,3.0,0,0,1.1600000000000001,0.16000000000000014,0,0
2026-01-16 08:45:00,Gourami,30.01,7.65,5.25,2.0,3.0,3.0,4.0,5.0,2.6666666666666665,0,0,1.25,0.25,0,0
2026-01-16 09:00:00,Gourami,29.73,7.59,5.67,3.0,3.0,3.0,4.0,5.0,3.0,0,0,1.67,0.6699999999999999,0,0
2026-01-16 09:15:00,Gourami,30.0,7.28,5.91,3.0,3.0,3.0,4.0,5.0,3.0,0,0,1.9100000000000001,0.9100000000000001,0,0
2026-01-16 09:30:00,Gourami,30.17,7.52,5.89,2.0,3.0,3.0,4.0,5.0,2.6666666666666665,0,0,1.8899999999999997,0.8899999999999997,0,0
2026-01-16 09:45:00,Gourami,30.23,7.85,5.33,2.0,3.0,3.0,4.0,5.0,2.6666666666666665,0,0,1.33,0.33000000000000007,0,0
2026-01-16 10:00:00,Gourami,30.28,7.84,5.59,2.0,3.0,3.0,4.0,5.0,2.6666666666666665,0,0,1.5899999999999999,0.5899999999999999,0,0
2026-01-16 10:15:00,Gourami,30.39,7.59,5.85,2.0,3.0,3.0,4.0,5.0,2.6666666666666665,0,0,1.8499999999999996,0.8499999999999996,0,0
2026-01-16 10:30:00,Gourami,30.39,7.81,5.92,2.0,3.0,3.0,4.0,5.0,2.6666666666666665,0,0,1.92,0.9199999999999999,0,0
2026-01-16 10:45:00,Gourami,30.59,7.67,5.94,2.0,3.0,3.0,4.0,5.0,2.6666666666666665,0,0,1.9400000000000004,0.9400000000000004,0,0
2026-01-16 11:00:00,Gourami,30.52,7.69,5.77,2.0,3.0,3.0,4.0,5.0,2.6666666666666665,0,0,1.7699999999999996,0.7699999999999996,0,0
2026-01-16 11:15:00,Gourami,30.85,7.59,5.61,2.0,3.0,3.0,4.0,5.0,2.6666666666666665,0,0,1.6100000000000003,0.6100000000000003,0,0
2026-01-16 11:30:00,Gourami,30.08,7.79,5.62,2.0,3.0,3.0,4.0,5.0,2.6666666666666665,0,0,1.62,0.6200000000000001,0,0
2026-01-16 11:45:00,Gourami,29.91,7.8,6.43,3.0,3.0,3.0,4.0,5.0,3.0,0,0,2.4299999999999997,1.4299999999999997,0,0
2026-01-16 12:00:00,Gourami,29.88,7.5,6.11,3.0,3.0,3.0,4.0,5.0,3.0,0,0,2.1100000000000003,1.1100000000000003,0,0
2026-01-16 12:15:00,Gourami,30.2,7.7,6.2,2.0,3.0,3.0,4.0,5.0,2.6666666666666665,0,0,2.2,1.2000000000000002,0,0
2026-01-16 12:30:00,Gourami,30.12,7.73,6.24,2.0,3.0,3.0,4.0,5.0,2.6666666666666665,0,0,2.24,1.2400000000000002,0,0
2026-01-16 12:45:00,Gourami,29.92,7.63,6.19,3.0,3.0,3.0,4.0,5.0,3.0,0,0,2.1900000000000004,1.1900000000000004,0,0
2026-01-16 13:00:00,Gourami,30.47,7.79,6.39,2.0,3.0,3.0,4.0,5.0,2.6666666666666665,0,0,2.3899999999999997,1.3899999999999997,0,0
2026-01-16 13:15:00,Gourami,29.84,7.87,6.22,3.0,3.0,3.0,4.0,5.0,3.0,0,0,2.2199999999999998,1.2199999999999998,0,0
2026-01-16 13:30:00,Gourami,29.73,7.73,6.22,3.0,3.0,3.0,4.0,5.0,3.0,0,0,2.2199999999999998,1.2199999999999998,0,0
2026-01-16 13:45:00,Gourami,29.78,7.6,5.99,3.0,3.0,3.0,4.0,5.0,3.0,0,0,1.9900000000000002,0.9900000000000002,0,0
2026-01-16 14:00:00,Gourami,29.45,7.94,5.79,3.0,3.0,3.0,4.0,5.0,3.0,0,0,1.79,0.79,0,0
2026-01-16 14:15:00,Gourami,29.89,7.73,5.92,3.0,3.0,3.0,4.0,5.0,3.0,0,0,1.92,0.9199999999999999,0,0
2026-01-16 14:30:00,Gourami,29.78,7.71,6.33,3.0,3.0,3.0,4.0,5.0,3.0,0,0,2.33,1.33,0,0
2026-01-16 14:45:00,Gourami,29.37,7.83,5.75,3.0,3.0,3.0,4.0,5.0,3.0,0,0,1.75,0.75,0,0
2026-01-16 15:00:00,Gourami,29.62,7.72,5.73,3.0,3.0,3.0,4.0,5.0,3.0,0,0,1.7300000000000004,0.7300000000000004,0,0
2026-01-16 15:15:00,Gourami,29.13,7.85,5.87,3.0,3.0,3.0,4.0,5.0,3.0,0,0,1.87,0.8700000000000001,0,0
2026-01-16 15:30:00,Gourami,29.5,7.76,6.12,3.0,3.0,3.0,4.0,5.0,3.0,0,0,2.12,1.12,0,0
2026-01-16 15:45:00,Gourami,29.65,7.63,5.84,3.0,3.0,3.0,4.0,5.0,3.0,0,0,1.8399999999999999,0.8399999999999999,0,0
2026-01-16 16:00:00,Gourami,29.38,7.68,5.94,3.0,3.0,3.0,4.0,5.0,3.0,0,0,1.9400000000000004,0.9400000000000004,0,0
2026-01-16 16:15:00,Gourami,28.95,7.75,5.8,3.0,3.0,3.0,4.0,5.0,3.0,0,0,1.7999999999999998,0.7999999999999998,0,0
2026-01-16 16:30:00,Gourami,28.5,7.92,5.6,3.0,3.0,3.0,4.0,5.0,3.0,0,0,1.5999999999999996,0.5999999999999996,0,0
2026-01-16 16:45:00,Gourami,28.97,7.61,5.42,3.0,3.0,3.0,4.0,5.0,3.0,0,0,1.42,0.41999999999999993,0,0
2026-01-16 17:00:00,Gourami,28.98,7.69,5.95,3.0,3.0,3.0,4.0,5.0,3.0,0,0,1.9500000000000002,0.9500000000000002,0,0
2026-01-16 17:15:00,Gourami,28.81,7.76,5.67,3.0,3.0,3.0,4.0,5.0,3.0,0,0,1.67,0.6699999999999999,0,0
2026-01-16 17:30:00,Gourami,28.75,7.75,5.15,3.0,3.0,3.0,4.0,5.0,3.0,0,0,1.1500000000000004,0.15000000000000036,0,0
2026-01-16 17:45:00,Gourami,28.26,7.74,5.28,3.0,3.0,3.0,4.0,5.0,3.0,0,0,1.2800000000000002,0.28000000000000025,0,0
2026-01-16 18:00:00,Gourami,28.14,7.42,5.13,3.0,3.0,3.0,4.0,5.0,3.0,0,0,1.13,0.1299999999999999,0,0
2026-01-16 18:15:00,Gourami,27.98,7.72,5.08,3.0,3.0,3.0,4.0,5.0,3.0,0,0,1.08,0.08000000000000007,0,0
2026-01-16 18:30:00,Gourami,28.18,7.79,4.98,3.0,3.0,2.0,4.0,5.0,2.6666666666666665,0,1,0.9800000000000004,-0.019999999999999574,0,0
2026-01-16 18:45:00,Gourami,28.16,7.68,5.23,3.0,3.0,3.0,4.0,5.0,3.0,0,0,1.2300000000000004,0.23000000000000043,0,0
2026-01-16 19:00:00,Gourami,27.47,7.73,4.74,3.0,3.0,2.0,4.0,5.0,2.6666666666666665,0,1,0.7400000000000002,-0.2599999999999998,0,0
2026-01-16 19:15:00,Gourami,27.33,7.6,5.55,3.0,3.0,3.0,4.0,5.0,3.0,0,0,1.5499999999999998,0.5499999999999998,0,0
2026-01-16 19:30:00,Gourami,27.85,7.46,4.73,3.0,3.0,2.0,4.0,5.0,2.6666666666666665,0,1,0.7300000000000004,-0.2699999999999996,0,0
2026-01-16 19:45:00,Gourami,27.4,7.87,4.77,3.0,3.0,2.0,4.0,5.0,2.6666666666666665,0,1,0.7699999999999996,-0.23000000000000043,0,0
2026-01-16 20:00:00,Gourami,27.3,7.68,4.62,3.0,3.0,2.0,4.0,5.0,2.6666666666666665,0,1,0.6200000000000001,-0.3799999999999999,0,0
2026-01-16 20:15:00,Gourami,27.07,7.59,4.92,3.0,3.0,2.0,4.0,5.0,2.6666666666666665,0,1,0.9199999999999999,-0.08000000000000007,0,0
2026-01-16 20:30:00,Gourami,27.65,7.62,4.11,3.0,3.0,2.0,4.0,5.0,2.6666666666666665,0,1,0.11000000000000032,-0.8899999999999997,0,0
2026-01-16 20:45:00,Gourami,27.74,7.68,4.01,3.0,3.0,2.0,4.0,5.0,2.6666666666666665,0,1,0.009999999999999787,-0.9900000000000002,0,0
2026-01-16 21:00:00,Gourami,27.28,7.68,4.73,3.0,3.0,2.0,4.0,5.0,2.6666666666666665,0,1,0.7300000000000004,-0.2699999999999996,0,0
2026-01-16 21:15:00,Gourami,27.11,7.5,4.17,3.0,3.0,2.0,4.0,5.0,2.6666666666666665,0,1,0.16999999999999993,-0.8300000000000001,0,0
2026-01-16 21:30:00,Gourami,27.3,7.63,4.06,3.0,3.0,2.0,4.0,5.0,2.6666666666666665,0,1,0.05999999999999961,-0.9400000000000004,0,0
2026-01-16 21:45:00,Gourami,26.96,7.55,3.81,3.0,3.0,1.0,4.0,5.0,2.3333333333333335,1,0,-0.18999999999999995,-1.19,1,15
2026-01-16 22:00:00,Gourami,26.89,7.59,4.31,3.0,3.0,2.0,4.0,5.0,2.6666666666666665,0,1,0.3099999999999996,-0.6900000000000004,0,0
2026-01-16 22:15:00,Gourami,26.91,7.49,3.91,3.0,3.0,1.0,4.0,5.0,2.3333333333333335,1,0,-0.08999999999999986,-1.0899999999999999,1,15
2026-01-16 22:30:00,Gourami,26.63,7.66,4.1,3.0,3.0,2.0,4.0,5.0,2.6666666666666665,0,1,0.09999999999999964,-0.9000000000000004,0,0
2026-01-16 22:45:00,Gourami,26.57,7.26,2.97,3.0,3.0,1.0,4.0,5.0,2.3333333333333335,1,0,-1.0299999999999998,-2.03,1,15
2026-01-16 23:00:00,Gourami,26.97,7.46,3.51,3.0,3.0,1.0,4.0,5.0,2.3333333333333335,1,0,-0.4900000000000002,-1.4900000000000002,2,30
2026-01-16 23:15:00,Gourami,27.05,7.57,4.02,3.0,3.0,2.0,4.0,5.0,2.6666666666666665,0,1,0.019999999999999574,-0.9800000000000004,0,0
2026-01-16 23:30:00,Gourami,26.94,7.5,3.73,3.0,3.0,1.0,4.0,5.0,2.3333333333333335,1,0,-0.27,-1.27,1,15
2026-01-16 23:45:00,Gourami,26.92,7.53,3.51,3.0,3.0,1.0,4.0,5.0,2.3333333333333335,1,0,-0.4900000000000002,-1.4900000000000002,2,30
2026-01-17 00:00:00,Gourami,26.38,7.34,3.03,3.0,3.0,1.0,4.0,5.0,2.3333333333333335,1,0,-0.9700000000000002,-1.9700000000000002,3,45
2026-01-17 00:15:00,Gourami,26.85,7.61,3.75,3.0,3.0,1.0,4.0,5.0,2.3333333333333335,1,0,-0.25,-1.25,4,60
2026-01-17 00:30:00,Gourami,25.9,7.33,2.9,3.0,3.0,1.0,4.0,5.0,2.3333333333333335,1,0,-1.1,-2.1,5,75
2026-01-17 00:45:00,Gourami,27.13,7.6,3.72,3.0,3.0,1.0,4.0,5.0,2.3333333333333335,1,0,-0.2799999999999998,-1.2799999999999998,6,90
2026-01-17 01:00:00,Gourami,26.85,7.33,3.44,3.0,3.0,1.0,4.0,5.0,2.3333333333333335,1,0,-0.56,-1.56,7,105
2026-01-17 01:15:00,Gourami,26.73,7.43,3.48,3.0,3.0,1.0,4.0,5.0,2.3333333333333335,1,0,-0.52,-1.52,8,120
2026-01-17 01:30:00,Gourami,27.48,7.37,3.4,3.0,3.0,1.0,4.0,5.0,2.3333333333333335,1,0,-0.6000000000000001,-1.6,9,135
2026-01-17 01:45:00,Gourami,27.38,7.32,4.19,3.0,3.0,2.0,4.0,5.0,2.6666666666666665,0,1,0.1900000000000004,-0.8099999999999996,0,0
2026-01-17 02:00:00,Gourami,27.52,7.45,3.51,3.0,3.0,1.0,4.0,5.0,2.3333333333333335,1,0,-0.4900000000000002,-1.4900000000000002,1,15
2026-01-17 02:15:00,Gourami,27.53,7.64,3.42,3.0,3.0,1.0,4.0,5.0,2.3333333333333335,1,0,-0.5800000000000001,-1.58,2,30
2026-01-17 02:30:00,Gourami,27.36,7.63,3.66,3.0,3.0,1.0,4.0,5.0,2.3333333333333335,1,0,-0.33999999999999986,-1.3399999999999999,3,45
2026-01-17 02:45:00,Gourami,27.86,7.53,4.03,3.0,3.0,2.0,4.0,5.0,2.6666666666666665,0,1,0.03000000000000025,-0.9699999999999998,0,0
2026-01-17 03:00:00,Gourami,27.23,7.31,3.36,3.0,3.0,1.0,4.0,5.0,2.3333333333333335,1,0,-0.6400000000000001,-1.6400000000000001,1,15
2026-01-17 03:15:00,Gourami,27.6,7.47,3.8,3.0,3.0,1.0,4.0,5.0,2.3333333333333335,1,0,-0.20000000000000018,-1.2000000000000002,2,30
2026-01-17 03:30:00,Gourami,26.98,7.39,2.82,3.0,3.0,1.0,4.0,5.0,2.3333333333333335,1,0,-1.1800000000000002,-2.18,3,45
2026-01-17 03:45:00,Gourami,27.85,7.27,4.05,3.0,3.0,2.0,4.0,5.0,2.6666666666666665,0,1,0.04999999999999982,-0.9500000000000002,0,0
2026-01-17 04:00:00,Gourami,28.33,7.52,3.93,3.0,3.0,1.0,4.0,5.0,2.3333333333333335,1,0,-0.06999999999999984,-1.0699999999999998,1,15
2026-01-17 04:15:00,Gourami,28.23,7.42,4.46,3.0,3.0,2.0,4.0,5.0,2.6666666666666665,0,1,0.45999999999999996,-0.54,0,0
2026-01-17 04:30:00,Gourami,28.48,7.39,4.1,3.0,3.0,2.0,4.0,5.0,2.6666666666666665,0,1,0.09999999999999964,-0.9000000000000004,0,0
2026-01-17 04:45:00,Gourami,28.5,7.54,4.38,3.0,3.0,2.0,4.0,5.0,2.6666666666666665,0,1,0.3799999999999999,-0.6200000000000001,0,0
2026-01-17 05:00:00,Gourami,28.58,7.41,4.18,3.0,3.0,2.0,4.0,5.0,2.6666666666666665,0,1,0.17999999999999972,-0.8200000000000003,0,0
2026-01-17 05:15:00,Gourami,28.82,7.4,4.16,3.0,3.0,2.0,4.0,5.0,2.6666666666666665,0,1,0.16000000000000014,-0.8399999999999999,0,0
2026-01-17 05:30:00,Gourami,29.27,7.5,4.68,3.0,3.0,2.0,4.0,5.0,2.6666666666666665,0,1,0.6799999999999997,-0.3200000000000003,0,0
2026-01-17 05:45:00,Gourami,29.3,7.35,4.81,3.0,3.0,2.0,4.0,5.0,2.6666666666666665,0,1,0.8099999999999996,-0.1900000000000004,0,0
2026-01-17 06:00:00,Gourami,29.41,7.49,4.56,3.0,3.0,2.0,4.0,5.0,2.6666666666666665,0,1,0.5599999999999996,-0.4400000000000004,0,0
2026-01-17 06:15:00,Gourami,29.02,7.6,5.1,3.0,3.0,3.0,4.0,5.0,3.0,0,0,1.0999999999999996,0.09999999999999964,0,0
2026-01-17 06:30:00,Gourami,29.14,7.73,4.92,3.0,3.0,2.0,4.0,5.0,2.6666666666666665,0,1,0.9199999999999999,-0.08000000000000007,0,0
2026-01-17 06:45:00,Gourami,29.49,7.48,4.4,3.0,3.0,2.0,4.0,5.0,2.6666666666666665,0,1,0.40000000000000036,-0.5999999999999996,0,0
2026-01-17 07:00:00,Gourami,29.61,7.72,4.95,3.0,3.0,2.0,4.0,5.0,2.6666666666666665,0,1,0.9500000000000002,-0.04999999999999982,0,0
2026-01-17 07:15:00,Gourami,29.49,7.51,5.0,3.0,3.0,3.0,4.0,5.0,3.0,0,0,1.0,0.0,0,0
2026-01-17 07:30:00,Gourami,29.34,7.64,4.92,3.0,3.0,2.0,4.0,5.0,2.6666666666666665,0,1,0.9199999999999999,-0.08000000000000007,0,0
2026-01-17 07:45:00,Gourami,29.77,7.64,5.1,3.0,3.0,3.0,4.0,5.0,3.0,0,0,1.0999999999999996,0.09999999999999964,0,0
2026-01-17 08:00:00,Gourami,29.84,7.56,5.11,3.0,3.0,3.0,4.0,5.0,3.0,0,0,1.1100000000000003,0.11000000000000032,0,0
2026-01-17 08:15:00,Gourami,30.2,7.68,5.26,2.0,3.0,3.0,4.0,5.0,2.6666666666666665,0,0,1.2599999999999998,0.2599999999999998,0,0
2026-01-17 08:30:00,Gourami,29.65,7.48,5.44,3.0,3.0,3.0,4.0,5.0,3.0,0,0,1.4400000000000004,0.4400000000000004,0,0
2026-01-17 08:45:00,Gourami,30.29,7.66,5.36,2.0,3.0,3.0,4.0,5.0,2.6666666666666665,0,0,1.3600000000000003,0.3600000000000003,0,0
2026-01-17 09:00:00,Gourami,30.26,7.59,5.79,2.0,3.0,3.0,4.0,5.0,2.6666666666666665,0,0,1.79,0.79,0,0
2026-01-17 09:15:00,Gourami,29.94,7.52,5.53,3.0,3.0,3.0,4.0,5.0,3.0,0,0,1.5300000000000002,0.5300000000000002,0,0
2026-01-17 09:30:00,Gourami,29.99,7.8,5.46,3.0,3.0,3.0,4.0,5.0,3.0,0,0,1.46,0.45999999999999996,0,0
2026-01-17 09:45:00,Gourami,30.06,7.69,5.49,2.0,3.0,3.0,4.0,5.0,2.6666666666666665,0,0,1.4900000000000002,0.4900000000000002,0,0
2026-01-17 10:00:00,Gourami,30.19,7.69,6.12,2.0,3.0,3.0,4.0,5.0,2.6666666666666665,0,0,2.12,1.12,0,0
2026-01-17 10:15:00,Gourami,30.27,7.61,5.97,2.0,3.0,3.0,4.0,5.0,2.6666666666666665,0,0,1.9699999999999998,0.9699999999999998,0,0
2026-01-17 10:30:00,Gourami,30.49,7.6,5.8,2.0,3.0,3.0,4.0,5.0,2.6666666666666665,0,0,1.7999999999999998,0.7999999999999998,0,0
2026-01-17 10:45:00,Gourami,30.54,7.66,5.84,2.0,3.0,3.0,4.0,5.0,2.6666666666666665,0,0,1.8399999999999999,0.8399999999999999,0,0
2026-01-17 11:00:00,Gourami,30.67,7.74,5.56,2.0,3.0,3.0,4.0,5.0,2.6666666666666665,0,0,1.5599999999999996,0.5599999999999996,0,0
2026-01-17 11:15:00,Gourami,30.41,7.67,6.01,2.0,3.0,3.0,4.0,5.0,2.6666666666666665,0,0,2.01,1.0099999999999998,0,0
2026-01-17 11:30:00,Gourami,30.17,7.67,6.15,2.0,3.0,3.0,4.0,5.0,2.6666666666666665,0,0,2.1500000000000004,1.1500000000000004,0,0
2026-01-17 11:45:00,Gourami,30.07,7.83,6.46,2.0,3.0,3.0,4.0,5.0,2.6666666666666665,0,0,2.46,1.46,0,0
2026-01-17 12:00:00,Gourami,30.13,7.75,5.42,2.0,3.0,3.0,4.0,5.0,2.6666666666666665,0,0,1.42,0.41999999999999993,0,0
2026-01-17 12:15:00,Gourami,30.59,7.6,6.51,2.0,3.0,3.0,4.0,5.0,2.6666666666666665,0,0,2.51,1.5099999999999998,0,0
2026-01-17 12:30:00,Gourami,30.23,7.8,6.48,2.0,3.0,3.0,4.0,5.0,2.6666666666666665,0,0,2.4800000000000004,1.4800000000000004,0,0
2026-01-17 12:45:00,Gourami,30.02,8.07,6.1,2.0,3.0,3.0,4.0,5.0,2.6666666666666665,0,0,2.0999999999999996,1.0999999999999996,0,0
2026-01-17 13:00:00,Gourami,29.75,7.76,6.11,3.0,3.0,3.0,4.0,5.0,3.0,0,0,2.1100000000000003,1.1100000000000003,0,0
2026-01-17 13:15:00,Gourami,29.87,7.73,6.03,3.0,3.0,3.0,4.0,5.0,3.0,0,0,2.0300000000000002,1.0300000000000002,0,0
2026-01-17 13:30:00,Gourami,29.68,7.54,6.03,3.0,3.0,3.0,4.0,5.0,3.0,0,0,2.0300000000000002,1.0300000000000002,0,0
2026-01-17 13:45:00,Gourami,30.16,7.83,5.66,2.0,3.0,3.0,4.0,5.0,2.6666666666666665,0,0,1.6600000000000001,0.6600000000000001,0,0
2026-01-17 14:00:00,Gourami,29.73,7.59,5.92,3.0,3.0,3.0,4.0,5.0,3.0,0,0,1.92,0.9199999999999999,0,0
2026-01-17 14:15:00,Gourami,29.55,7.82,5.89,3.0,3.0,3.0,4.0,5.0,3.0,0,0,1.8899999999999997,0.8899999999999997,0,0
2026-01-17 14:30:00,Gourami,29.9,7.87,5.72,3.0,3.0,3.0,4.0,5.0,3.0,0,0,1.7199999999999998,0.7199999999999998,0,0
2026-01-17 14:45:00,Gourami,29.29,7.94,5.88,3.0,3.0,3.0,4.0,5.0,3.0,0,0,1.88,0.8799999999999999,0,0
2026-01-17 15:00:00,Gourami,29.57,7.63,6.06,3.0,3.0,3.0,4.0,5.0,3.0,0,0,2.0599999999999996,1.0599999999999996,0,0
2026-01-17 15:15:00,Gourami,29.49,7.69,6.43,3.0,3.0,3.0,4.0,5.0,3.0,0,0,2.4299999999999997,1.4299999999999997,0,0
2026-01-17 15:30:00,Gourami,29.66,7.66,5.92,3.0,3.0,3.0,4.0,5.0,3.0,0,0,1.92,0.9199999999999999,0,0
2026-01-17 15:45:00,Gourami,29.35,7.63,5.84,3.0,3.0,3.0,4.0,5.0,3.0,0,0,1.8399999999999999,0.8399999999999999,0,0
2026-01-17 16:00:00,Gourami,28.66,8.04,6.1,3.0,3.0,3.0,4.0,5.0,3.0,0,0,2.0999999999999996,1.0999999999999996,0,0
2026-01-17 16:15:00,Gourami,28.95,7.67,5.25,3.0,3.0,3.0,4.0,5.0,3.0,0,0,1.25,0.25,0,0
2026-01-17 16:30:00,Gourami,28.98,7.83,5.64,3.0,3.0,3.0,4.0,5.0,3.0,0,0,1.6399999999999997,0.6399999999999997,0,0
2026-01-17 16:45:00,Gourami,28.64,7.88,5.57,3.0,3.0,3.0,4.0,5.0,3.0,0,0,1.5700000000000003,0.5700000000000003,0,0
2026-01-17 17:00:00,Gourami,28.85,7.56,5.4,3.0,3.0,3.0,4.0,5.0,3.0,0,0,1.4000000000000004,0.40000000000000036,0,0
2026-01-17 17:15:00,Gourami,28.53,7.55,5.83,3.0,3.0,3.0,4.0,5.0,3.0,0,0,1.83,0.8300000000000001,0,0
2026-01-17 17:30:00,Gourami,27.93,7.72,5.38,3.0,3.0,3.0,4.0,5.0,3.0,0,0,1.38,0.3799999999999999,0,0
2026-01-17 17:45:00,Gourami,27.99,7.61,5.15,3.0,3.0,3.0,4.0,5.0,3.0,0,0,1.1500000000000004,0.15000000000000036,0,0
2026-01-17 18:00:00,Gourami,28.19,7.86,5.45,3.0,3.0,3.0,4.0,5.0,3.0,0,0,1.4500000000000002,0.4500000000000002,0,0
2026-01-17 18:15:00,Gourami,28.25,7.81,5.45,3.0,3.0,3.0,4.0,5.0,3.0,0,0,1.4500000000000002,0.4500000000000002,0,0
2026-01-17 18:30:00,Gourami,28.27,7.54,4.8,3.0,3.0,2.0,4.0,5.0,2.6666666666666665,0,1,0.7999999999999998,-0.20000000000000018,0,0
2026-01-17 18:45:00,Gourami,28.06,7.8,5.18,3.0,3.0,3.0,4.0,5.0,3.0,0,0,1.1799999999999997,0.17999999999999972,0,0
2026-01-17 19:00:00,Gourami,28.06,7.71,5.14,3.0,3.0,3.0,4.0,5.0,3.0,0,0,1.1399999999999997,0.13999999999999968,0,0
2026-01-17 19:15:00,Gourami,27.59,7.48,4.43,3.0,3.0,2.0,4.0,5.0,2.6666666666666665,0,1,0.4299999999999997,-0.5700000000000003,0,0
2026-01-17 19:30:00,Gourami,27.34,7.52,4.53,3.0,3.0,2.0,4.0,5.0,2.6666666666666665,0,1,0.5300000000000002,-0.46999999999999975,0,0
2026-01-17 19:45:00,Gourami,27.78,7.66,4.91,3.0,3.0,2.0,4.0,5.0,2.6666666666666665,0,1,0.9100000000000001,-0.08999999999999986,0,0
2026-01-17 20:00:00,Gourami,27.55,7.62,4.22,3.0,3.0,2.0,4.0,5.0,2.6666666666666665,0,1,0.21999999999999975,-0.7800000000000002,0,0
2026-01-17 20:15:00,Gourami,27.34,7.61,3.75,3.0,3.0,1.0,4.0,5.0,2.3333333333333335,1,0,-0.25,-1.25,1,15
2026-01-17 20:30:00,Gourami,27.7,7.61,4.84,3.0,3.0,2.0,4.0,5.0,2.6666666666666665,0,1,0.8399999999999999,-0.16000000000000014,0,0
2026-01-17 20:45:00,Gourami,26.86,7.66,4.61,3.0,3.0,2.0,4.0,5.0,2.6666666666666665,0,1,0.6100000000000003,-0.3899999999999997,0,0
2026-01-17 21:00:00,Gourami,27.62,7.57,4.36,3.0,3.0,2.0,4.0,5.0,2.6666666666666665,0,1,0.3600000000000003,-0.6399999999999997,0,0
2026-01-17 21:15:00,Gourami,26.86,7.49,4.28,3.0,3.0,2.0,4.0,5.0,2.6666666666666665,0,1,0.28000000000000025,-0.7199999999999998,0,0
2026-01-17 21:30:00,Gourami,27.14,7.57,4.09,3.0,3.0,2.0,4.0,5.0,2.6666666666666665,0,1,0.08999999999999986,-0.9100000000000001,0,0
2026-01-17 21:45:00,Gourami,26.99,7.49,4.67,3.0,3.0,2.0,4.0,5.0,2.6666666666666665,0,1,0.6699999999999999,-0.33000000000000007,0,0
2026-01-17 22:00:00,Gourami,27.33,7.58,4.34,3.0,3.0,2.0,4.0,5.0,2.6666666666666665,0,1,0.33999999999999986,-0.6600000000000001,0,0
2026-01-17 22:15:00,Gourami,27.23,7.38,4.16,3.0,3.0,2.0,4.0,5.0,2.6666666666666665,0,1,0.16000000000000014,-0.8399999999999999,0,0
2026-01-17 22:30:00,Gourami,27.12,7.55,4.12,3.0,3.0,2.0,4.0,5.0,2.6666666666666665,0,1,0.1200000000000001,-0.8799999999999999,0,0
2026-01-17 22:45:00,Gourami,27.28,7.46,4.07,3.0,3.0,2.0,4.0,5.0,2.6666666666666665,0,1,0.07000000000000028,-0.9299999999999997,0,0
2026-01-17 23:00:00,Gourami,27.08,7.61,3.95,3.0,3.0,1.0,4.0,5.0,2.3333333333333335,1,0,-0.04999999999999982,-1.0499999999999998,1,15
2026-01-17 23:15:00,Gourami,26.99,7.47,4.15,3.0,3.0,2.0,4.0,5.0,2.6666666666666665,0,1,0.15000000000000036,-0.8499999999999996,0,0
2026-01-17 23:30:00,Gourami,27.04,7.44,3.88,3.0,3.0,1.0,4.0,5.0,2.3333333333333335,1,0,-0.1200000000000001,-1.12,1,15
2026-01-17 23:45:00,Gourami,27.25,7.52,3.61,3.0,3.0,1.0,4.0,5.0,2.3333333333333335,1,0,-0.3900000000000001,-1.3900000000000001,2,30
2026-01-18 00:00:00,Gourami,27.02,7.56,3.83,3.0,3.0,1.0,4.0,5.0,2.3333333333333335,1,0,-0.16999999999999993,-1.17,3,45
2026-01-18 00:15:00,Gourami,27.11,7.45,3.39,3.0,3.0,1.0,4.0,5.0,2.3333333333333335,1,0,-0.6099999999999999,-1.6099999999999999,4,60
2026-01-18 00:30:00,Gourami,27.48,7.4,3.83,3.0,3.0,1.0,4.0,5.0,2.3333333333333335,1,0,-0.16999999999999993,-1.17,5,75
2026-01-18 00:45:00,Gourami,26.99,7.54,3.57,3.0,3.0,1.0,4.0,5.0,2.3333333333333335,1,0,-0.43000000000000016,-1.4300000000000002,6,90
2026-01-18 01:00:00,Gourami,26.79,7.44,3.68,3.0,3.0,1.0,4.0,5.0,2.3333333333333335,1,0,-0.31999999999999984,-1.3199999999999998,7,105
2026-01-18 01:15:00,Gourami,27.07,7.31,4.14,3.0,3.0,2.0,4.0,5.0,2.6666666666666665,0,1,0.13999999999999968,-0.8600000000000003,0,0
2026-01-18 01:30:00,Gourami,27.24,7.48,3.73,3.0,3.0,1.0,4.0,5.0,2.3333333333333335,1,0,-0.27,-1.27,1,15
2026-01-18 01:45:00,Gourami,27.05,7.55,4.61,3.0,3.0,2.0,4.0,5.0,2.6666666666666665,0,1,0.6100000000000003,-0.3899999999999997,0,0
2026-01-18 02:00:00,Gourami,27.4,7.35,3.94,3.0,3.0,1.0,4.0,5.0,2.3333333333333335,1,0,-0.06000000000000005,-1.06,1,15
2026-01-18 02:15:00,Gourami,28.2,7.3,4.12,3.0,3.0,2.0,4.0,5.0,2.6666666666666665,0,1,0.1200000000000001,-0.8799999999999999,0,0
2026-01-18 02:30:00,Gourami,27.53,7.62,4.26,3.0,3.0,2.0,4.0,5.0,2.6666666666666665,0,1,0.2599999999999998,-0.7400000000000002,0,0
2026-01-18 02:45:00,Gourami,27.78,7.62,3.84,3.0,3.0,1.0,4.0,5.0,2.3333333333333335,1,0,-0.16000000000000014,-1.1600000000000001,1,15
2026-01-18 03:00:00,Gourami,27.95,7.52,3.82,3.0,3.0,1.0,4.0,5.0,2.3333333333333335,1,0,-0.18000000000000016,-1.1800000000000002,2,30
2026-01-18 03:15:00,Gourami,27.58,7.54,3.76,3.0,3.0,1.0,4.0,5.0,2.3333333333333335,1,0,-0.2400000000000002,-1.2400000000000002,3,45
2026-01-18 03:30:00,Gourami,28.34,7.63,3.83,3.0,3.0,1.0,4.0,5.0,2.3333333333333335,1,0,-0.16999999999999993,-1.17,4,60
2026-01-18 03:45:00,Gourami,28.29,7.46,4.3,3.0,3.0,2.0,4.0,5.0,2.6666666666666665,0,1,0.2999999999999998,-0.7000000000000002,0,0
2026-01-18 04:00:00,Gourami,27.95,7.61,4.04,3.0,3.0,2.0,4.0,5.0,2.6666666666666665,0,1,0.040000000000000036,-0.96,0,0
2026-01-18 04:15:00,Gourami,28.53,7.63,4.19,3.0,3.0,2.0,4.0,5.0,2.6666666666666665,0,1,0.1900000000000004,-0.8099999999999996,0,0
2026-01-18 04:30:00,Gourami,28.37,7.58,4.01,3.0,3.0,2.0,4.0,5.0,2.6666666666666665,0,1,0.009999999999999787,-0.9900000000000002,0,0
2026-01-18 04:45:00,Gourami,28.79,7.5,4.25,3.0,3.0,2.0,4.0,5.0,2.6666666666666665,0,1,0.25,-0.75,0,0
2026-01-18 05:00:00,Gourami,28.21,7.59,4.58,3.0,3.0,2.0,4.0,5.0,2.6666666666666665,0,1,0.5800000000000001,-0.41999999999999993,0,0
2026-01-18 05:15:00,Gourami,28.78,7.51,4.38,3.0,3.0,2.0,4.0,5.0,2.6666666666666665,0,1,0.3799999999999999,-0.6200000000000001,0,0
2026-01-18 05:30:00,Gourami,28.1,7.59,4.01,3.0,3.0,2.0,4.0,5.0,2.6666666666666665,0,1,0.009999999999999787,-0.9900000000000002,0,0
2026-01-18 05:45:00,Gourami,28.58,7.63,4.42,3.0,3.0,2.0,4.0,5.0,2.6666666666666665,0,1,0.41999999999999993,-0.5800000000000001,0,0
2026-01-18 06:00:00,Gourami,29.06,7.58,4.66,3.0,3.0,2.0,4.0,5.0,2.6666666666666665,0,1,0.6600000000000001,-0.33999999999999986,0,0
2026-01-18 06:15:00,Gourami,29.15,7.55,4.87,3.0,3.0,2.0,4.0,5.0,2.6666666666666665,0,1,0.8700000000000001,-0.1299999999999999,0,0
2026-01-18 06:30:00,Gourami,29.05,7.64,5.07,3.0,3.0,3.0,4.0,5.0,3.0,0,0,1.0700000000000003,0.07000000000000028,0,0
2026-01-18 06:45:00,Gourami,29.53,7.52,4.96,3.0,3.0,2.0,4.0,5.0,2.6666666666666665,0,1,0.96,-0.040000000000000036,0,0
2026-01-18 07:00:00,Gourami,29.54,7.53,4.71,3.0,3.0,2.0,4.0,5.0,2.6666666666666665,0,1,0.71,-0.29000000000000004,0,0
2026-01-18 07:15:00,Gourami,29.21,7.7,5.12,3.0,3.0,3.0,4.0,5.0,3.0,0,0,1.12,0.1200000000000001,0,0
2026-01-18 07:30:00,Gourami,28.8,7.69,4.21,3.0,3.0,2.0,4.0,5.0,2.6666666666666665,0,1,0.20999999999999996,-0.79,0,0
2026-01-18 07:45:00,Gourami,29.16,7.82,4.36,3.0,3.0,2.0,4.0,5.0,2.6666666666666665,0,1,0.3600000000000003,-0.6399999999999997,0,0
2026-01-18 08:00:00,Gourami,29.31,7.52,4.51,3.0,3.0,2.0,4.0,5.0,2.6666666666666665,0,1,0.5099999999999998,-0.4900000000000002,0,0
2026-01-18 08:15:00,Gourami,29.78,7.54,5.37,3.0,3.0,3.0,4.0,5.0,3.0,0,0,1.37,0.3700000000000001,0,0
2026-01-18 08:30:00,Gourami,29.36,7.65,5.17,3.0,3.0,3.0,4.0,5.0,3.0,0,0,1.17,0.16999999999999993,0,0
2026-01-18 08:45:00,Gourami,30.06,7.35,5.06,2.0,3.0,3.0,4.0,5.0,2.6666666666666665,0,0,1.0599999999999996,0.05999999999999961,0,0
2026-01-18 09:00:00,Gourami,29.57,7.53,5.57,3.0,3.0,3.0,4.0,5.0,3.0,0,0,1.5700000000000003,0.5700000000000003,0,0
2026-01-18 09:15:00,Gourami,30.26,7.63,5.18,2.0,3.0,3.0,4.0,5.0,2.6666666666666665,0,0,1.1799999999999997,0.17999999999999972,0,0
2026-01-18 09:30:00,Gourami,30.28,7.56,5.37,2.0,3.0,3.0,4.0,5.0,2.6666666666666665,0,0,1.37,0.3700000000000001,0,0
2026-01-18 09:45:00,Gourami,30.16,7.47,5.57,2.0,3.0,3.0,4.0,5.0,2.6666666666666665,0,0,1.5700000000000003,0.5700000000000003,0,0
2026-01-18 10:00:00,Gourami,29.92,7.56,5.84,3.0,3.0,3.0,4.0,5.0,3.0,0,0,1.8399999999999999,0.8399999999999999,0,0
2026-01-18 10:15:00,Gourami,29.97,7.64,5.86,3.0,3.0,3.0,4.0,5.0,3.0,0,0,1.8600000000000003,0.8600000000000003,0,0
2026-01-18 10:30:00,Gourami,30.18,7.72,5.61,2.0,3.0,3.0,4.0,5.0,2.6666666666666665,0,0,1.6100000000000003,0.6100000000000003,0,0
2026-01-18 10:45:00,Gourami,29.9,7.56,5.8,3.0,3.0,3.0,4.0,5.0,3.0,0,0,1.7999999999999998,0.7999999999999998,0,0
2026-01-18 11:00:00,Gourami,30.05,7.84,6.12,2.0,3.0,3.0,4.0,5.0,2.6666666666666665,0,0,2.12,1.12,0,0
2026-01-18 11:15:00,Gourami,30.22,7.63,6.08,2.0,3.0,3.0,4.0,5.0,2.6666666666666665,0,0,2.08,1.08,0,0
2026-01-18 11:30:00,Gourami,30.16,7.54,6.56,2.0,3.0,3.0,4.0,5.0,2.6666666666666665,0,0,2.5599999999999996,1.5599999999999996,0,0
2026-01-18 11:45:00,Gourami,30.25,7.62,6.39,2.0,3.0,3.0,4.0,5.0,2.6666666666666665,0,0,2.3899999999999997,1.3899999999999997,0,0
2026-01-18 12:00:00,Gourami,30.66,7.61,5.84,2.0,3.0,3.0,4.0,5.0,2.6666666666666665,0,0,1.8399999999999999,0.8399999999999999,0,0
2026-01-18 12:15:00,Gourami,29.92,7.8,6.03,3.0,3.0,3.0,4.0,5.0,3.0,0,0,2.0300000000000002,1.0300000000000002,0,0
2026-01-18 12:30:00,Gourami,30.65,7.77,5.68,2.0,3.0,3.0,4.0,5.0,2.6666666666666665,0,0,1.6799999999999997,0.6799999999999997,0,0
2026-01-18 12:45:00,Gourami,29.93,7.64,6.13,3.0,3.0,3.0,4.0,5.0,3.0,0,0,2.13,1.13,0,0
2026-01-18 13:00:00,Gourami,30.01,7.71,5.99,2.0,3.0,3.0,4.0,5.0,2.6666666666666665,0,0,1.9900000000000002,0.9900000000000002,0,0
2026-01-18 13:15:00,Gourami,29.79,7.67,6.11,3.0,3.0,3.0,4.0,5.0,3.0,0,0,2.1100000000000003,1.1100000000000003,0,0
2026-01-18 13:30:00,Gourami,29.9,7.72,5.87,3.0,3.0,3.0,4.0,5.0,3.0,0,0,1.87,0.8700000000000001,0,0
2026-01-18 13:45:00,Gourami,29.72,7.55,5.85,3.0,3.0,3.0,4.0,5.0,3.0,0,0,1.8499999999999996,0.8499999999999996,0,0
2026-01-18 14:00:00,Gourami,29.5,7.58,6.08,3.0,3.0,3.0,4.0,5.0,3.0,0,0,2.08,1.08,0,0
2026-01-18 14:15:00,Gourami,29.66,7.62,5.84,3.0,3.0,3.0,4.0,5.0,3.0,0,0,1.8399999999999999,0.8399999999999999,0,0
2026-01-18 14:30:00,Gourami,29.0,7.54,4.79,3.0,3.0,2.0,4.0,5.0,2.6666666666666665,0,1,0.79,-0.20999999999999996,0,0
2026-01-18 14:45:00,Gourami,29.67,7.59,6.19,3.0,3.0,3.0,4.0,5.0,3.0,0,0,2.1900000000000004,1.1900000000000004,0,0
2026-01-18 15:00:00,Gourami,29.42,7.6,5.85,3.0,3.0,3.0,4.0,5.0,3.0,0,0,1.8499999999999996,0.8499999999999996,0,0
2026-01-18 15:15:00,Gourami,29.22,7.68,5.71,3.0,3.0,3.0,4.0,5.0,3.0,0,0,1.71,0.71,0,0
2026-01-18 15:30:00,Gourami,28.97,7.77,5.84,3.0,3.0,3.0,4.0,5.0,3.0,0,0,1.8399999999999999,0.8399999999999999,0,0
2026-01-18 15:45:00,Gourami,29.09,7.33,5.52,3.0,3.0,3.0,4.0,5.0,3.0,0,0,1.5199999999999996,0.5199999999999996,0,0
2026-01-18 16:00:00,Gourami,29.07,7.83,5.74,3.0,3.0,3.0,4.0,5.0,3.0,0,0,1.7400000000000002,0.7400000000000002,0,0
2026-01-18 16:15:00,Gourami,28.43,7.5,5.23,3.0,3.0,3.0,4.0,5.0,3.0,0,0,1.2300000000000004,0.23000000000000043,0,0
2026-01-18 16:30:00,Gourami,29.44,7.59,5.95,3.0,3.0,3.0,4.0,5.0,3.0,0,0,1.9500000000000002,0.9500000000000002,0,0
2026-01-18 16:45:00,Gourami,28.83,7.81,5.44,3.0,3.0,3.0,4.0,5.0,3.0,0,0,1.4400000000000004,0.4400000000000004,0,0
2026-01-18 17:00:00,Gourami,27.62,7.66,4.38,3.0,3.0,2.0,4.0,5.0,2.6666666666666665,0,1,0.3799999999999999,-0.6200000000000001,0,0
2026-01-18 17:15:00,Gourami,28.16,7.52,4.87,3.0,3.0,2.0,4.0,5.0,2.6666666666666665,0,1,0.8700000000000001,-0.1299999999999999,0,0
2026-01-18 17:30:00,Gourami,28.86,7.64,5.39,3.0,3.0,3.0,4.0,5.0,3.0,0,0,1.3899999999999997,0.3899999999999997,0,0
2026-01-18 17:45:00,Gourami,28.01,7.75,4.95,3.0,3.0,2.0,4.0,5.0,2.6666666666666665,0,1,0.9500000000000002,-0.04999999999999982,0,0
2026-01-18 18:00:00,Gourami,28.27,7.56,4.49,3.0,3.0,2.0,4.0,5.0,2.6666666666666665,0,1,0.4900000000000002,-0.5099999999999998,0,0
2026-01-18 18:15:00,Gourami,27.83,7.66,4.98,3.0,3.0,2.0,4.0,5.0,2.6666666666666665,0,1,0.9800000000000004,-0.019999999999999574,0,0
2026-01-18 18:30:00,Gourami,27.48,7.41,4.28,3.0,3.0,2.0,4.0,5.0,2.6666666666666665,0,1,0.28000000000000025,-0.7199999999999998,0,0
2026-01-18 18:45:00,Gourami,27.87,7.75,4.45,3.0,3.0,2.0,4.0,5.0,2.6666666666666665,0,1,0.4500000000000002,-0.5499999999999998,0,0
2026-01-18 19:00:00,Gourami,27.9,7.74,5.19,3.0,3.0,3.0,4.0,5.0,3.0,0,0,1.1900000000000004,0.1900000000000004,0,0
2026-01-18 19:15:00,Gourami,27.82,7.54,5.02,3.0,3.0,3.0,4.0,5.0,3.0,0,0,1.0199999999999996,0.019999999999999574,0,0
2026-01-18 19:30:00,Gourami,26.89,7.26,4.09,3.0,3.0,2.0,4.0,5.0,2.6666666666666665,0,1,0.08999999999999986,-0.9100000000000001,0,0
2026-01-18 19:45:00,Gourami,27.41,7.49,4.78,3.0,3.0,2.0,4.0,5.0,2.6666666666666665,0,1,0.7800000000000002,-0.21999999999999975,0,0
2026-01-18 20:00:00,Gourami,27.45,7.5,4.24,3.0,3.0,2.0,4.0,5.0,2.6666666666666665,0,1,0.2400000000000002,-0.7599999999999998,0,0
2026-01-18 20:15:00,Gourami,27.23,7.75,4.14,3.0,3.0,2.0,4.0,5.0,2.6666666666666665,0,1,0.13999999999999968,-0.8600000000000003,0,0
2026-01-18 20:30:00,Gourami,27.47,7.6,4.32,3.0,3.0,2.0,4.0,5.0,2.6666666666666665,0,1,0.3200000000000003,-0.6799999999999997,0,0
2026-01-18 20:45:00,Gourami,26.84,7.3,3.7,3.0,3.0,1.0,4.0,5.0,2.3333333333333335,1,0,-0.2999999999999998,-1.2999999999999998,1,15
2026-01-18 21:00:00,Gourami,26.68,7.62,4.89,3.0,3.0,2.0,4.0,5.0,2.6666666666666665,0,1,0.8899999999999997,-0.11000000000000032,0,0
2026-01-18 21:15:00,Gourami,26.73,7.33,3.84,3.0,3.0,1.0,4.0,5.0,2.3333333333333335,1,0,-0.16000000000000014,-1.1600000000000001,1,15
2026-01-18 21:30:00,Gourami,26.79,7.53,4.21,3.0,3.0,2.0,4.0,5.0,2.6666666666666665,0,1,0.20999999999999996,-0.79,0,0
2026-01-18 21:45:00,Gourami,26.43,7.5,3.32,3.0,3.0,1.0,4.0,5.0,2.3333333333333335,1,0,-0.6800000000000002,-1.6800000000000002,1,15
2026-01-18 22:00:00,Gourami,26.54,7.35,3.67,3.0,3.0,1.0,4.0,5.0,2.3333333333333335,1,0,-0.33000000000000007,-1.33,2,30
2026-01-18 22:15:00,Gourami,26.5,7.55,3.2,3.0,3.0,1.0,4.0,5.0,2.3333333333333335,1,0,-0.7999999999999998,-1.7999999999999998,3,45
2026-01-18 22:30:00,Gourami,27.09,7.52,4.0,3.0,3.0,2.0,4.0,5.0,2.6666666666666665,0,1,0.0,-1.0,0,0
2026-01-18 22:45:00,Gourami,27.22,7.55,3.77,3.0,3.0,1.0,4.0,5.0,2.3333333333333335,1,0,-0.22999999999999998,-1.23,1,15
2026-01-18 23:00:00,Gourami,27.12,7.39,4.58,3.0,3.0,2.0,4.0,5.0,2.6666666666666665,0,1,0.5800000000000001,-0.41999999999999993,0,0
2026-01-18 23:15:00,Gourami,27.36,7.39,3.71,3.0,3.0,1.0,4.0,5.0,2.3333333333333335,1,0,-0.29000000000000004,-1.29,1,15
2026-01-18 23:30:00,Gourami,26.77,7.46,3.78,3.0,3.0,1.0,4.0,5.0,2.3333333333333335,1,0,-0.2200000000000002,-1.2200000000000002,2,30
2026-01-18 23:45:00,Gourami,26.81,7.51,3.82,3.0,3.0,1.0,4.0,5.0,2.3333333333333335,1,0,-0.18000000000000016,-1.1800000000000002,3,45
2026-01-19 00:00:00,Gourami,26.52,7.64,3.58,3.0,3.0,1.0,4.0,5.0,2.3333333333333335,1,0,-0.41999999999999993,-1.42,4,60
2026-01-19 00:15:00,Gourami,26.74,7.45,2.96,3.0,3.0,1.0,4.0,5.0,2.3333333333333335,1,0,-1.04,-2.04,5,75
2026-01-19 00:30:00,Gourami,26.88,7.31,4.11,3.0,3.0,2.0,4.0,5.0,2.6666666666666665,0,1,0.11000000000000032,-0.8899999999999997,0,0
2026-01-19 00:45:00,Gourami,27.32,7.47,3.7,3.0,3.0,1.0,4.0,5.0,2.3333333333333335,1,0,-0.2999999999999998,-1.2999999999999998,1,15
2026-01-19 01:00:00,Gourami,27.51,7.32,3.41,3.0,3.0,1.0,4.0,5.0,2.3333333333333335,1,0,-0.5899999999999999,-1.5899999999999999,2,30
2026-01-19 01:15:00,Gourami,27.06,7.54,3.74,3.0,3.0,1.0,4.0,5.0,2.3333333333333335,1,0,-0.2599999999999998,-1.2599999999999998,3,45
2026-01-19 01:30:00,Gourami,27.07,7.47,3.28,3.0,3.0,1.0,4.0,5.0,2.3333333333333335,1,0,-0.7200000000000002,-1.7200000000000002,4,60
2026-01-19 01:45:00,Gourami,27.31,7.41,3.45,3.0,3.0,1.0,4.0,5.0,2.3333333333333335,1,0,-0.5499999999999998,-1.5499999999999998,5,75
2026-01-19 02:00:00,Gourami,26.36,7.4,2.76,3.0,3.0,1.0,4.0,5.0,2.3333333333333335,1,0,-1.2400000000000002,-2.24,6,90
2026-01-19 02:15:00,Gourami,28.0,7.43,3.17,3.0,3.0,1.0,4.0,5.0,2.3333333333333335,1,0,-0.8300000000000001,-1.83,7,105
2026-01-19 02:30:00,Gourami,26.97,7.25,2.47,3.0,3.0,1.0,4.0,5.0,2.3333333333333335,1,0,-1.5299999999999998,-2.53,8,120
2026-01-19 02:45:00,Gourami,27.26,7.23,3.59,3.0,3.0,1.0,4.0,5.0,2.3333333333333335,1,0,-0.41000000000000014,-1.4100000000000001,9,135
2026-01-19 03:00:00,Gourami,27.43,7.26,3.12,3.0,3.0,1.0,4.0,5.0,2.3333333333333335,1,0,-0.8799999999999999,-1.88,10,150
2026-01-19 03:15:00,Gourami,27.88,7.23,3.71,3.0,3.0,1.0,4.0,5.0,2.3333333333333335,1,0,-0.29000000000000004,-1.29,11,165
2026-01-19 03:30:00,Gourami,27.88,7.42,4.1,3.0,3.0,2.0,4.0,5.0,2.6666666666666665,0,1,0.09999999999999964,-0.9000000000000004,0,0
2026-01-19 03:45:00,Gourami,28.07,7.6,4.59,3.0,3.0,2.0,4.0,5.0,2.6666666666666665,0,1,0.5899999999999999,-0.41000000000000014,0,0
2026-01-19 04:00:00,Gourami,27.99,7.35,4.13,3.0,3.0,2.0,4.0,5.0,2.6666666666666665,0,1,0.1299999999999999,-0.8700000000000001,0,0
2026-01-19 04:15:00,Gourami,28.34,7.5,4.27,3.0,3.0,2.0,4.0,5.0,2.6666666666666665,0,1,0.2699999999999996,-0.7300000000000004,0,0
2026-01-19 04:30:00,Gourami,28.89,7.46,4.06,3.0,3.0,2.0,4.0,5.0,2.6666666666666665,0,1,0.05999999999999961,-0.9400000000000004,0,0
2026-01-19 04:45:00,Gourami,28.95,7.76,4.5,3.0,3.0,2.0,4.0,5.0,2.6666666666666665,0,1,0.5,-0.5,0,0
2026-01-19 05:00:00,Gourami,28.7,7.47,4.35,3.0,3.0,2.0,4.0,5.0,2.6666666666666665,0,1,0.34999999999999964,-0.6500000000000004,0,0
2026-01-19 05:15:00,Gourami,28.72,7.65,4.39,3.0,3.0,2.0,4.0,5.0,2.6666666666666665,0,1,0.3899999999999997,-0.6100000000000003,0,0
2026-01-19 05:30:00,Gourami,28.65,7.48,4.76,3.0,3.0,2.0,4.0,5.0,2.6666666666666665,0,1,0.7599999999999998,-0.2400000000000002,0,0
2026-01-19 05:45:00,Gourami,29.0,7.55,4.63,3.0,3.0,2.0,4.0,5.0,2.6666666666666665,0,1,0.6299999999999999,-0.3700000000000001,0,0
2026-01-19 06:00:00,Gourami,28.65,7.35,4.36,3.0,3.0,2.0,4.0,5.0,2.6666666666666665,0,1,0.3600000000000003,-0.6399999999999997,0,0
2026-01-19 06:15:00,Gourami,29.01,7.36,4.4,3.0,3.0,2.0,4.0,5.0,2.6666666666666665,0,1,0.40000000000000036,-0.5999999999999996,0,0
2026-01-19 06:30:00,Gourami,29.19,7.55,4.72,3.0,3.0,2.0,4.0,5.0,2.6666666666666665,0,1,0.7199999999999998,-0.28000000000000025,0,0
2026-01-19 06:45:00,Gourami,28.07,7.73,4.25,3.0,3.0,2.0,4.0,5.0,2.6666666666666665,0,1,0.25,-0.75,0,0
2026-01-19 07:00:00,Gourami,29.0,7.46,4.29,3.0,3.0,2.0,4.0,5.0,2.6666666666666665,0,1,0.29000000000000004,-0.71,0,0
2026-01-19 07:15:00,Gourami,29.66,7.47,4.77,3.0,3.0,2.0,4.0,5.0,2.6666666666666665,0,1,0.7699999999999996,-0.23000000000000043,0,0
2026-01-19 07:30:00,Gourami,29.98,7.58,5.07,3.0,3.0,3.0,4.0,5.0,3.0,0,0,1.0700000000000003,0.07000000000000028,0,0
2026-01-19 07:45:00,Gourami,28.64,7.47,3.67,3.0,3.0,1.0,4.0,5.0,2.3333333333333335,1,0,-0.33000000000000007,-1.33,1,15
2026-01-19 08:00:00,Gourami,29.66,7.5,4.92,3.0,3.0,2.0,4.0,5.0,2.6666666666666665,0,1,0.9199999999999999,-0.08000000000000007,0,0
2026-01-19 08:15:00,Gourami,29.68,7.46,4.47,3.0,3.0,2.0,4.0,5.0,2.6666666666666665,0,1,0.46999999999999975,-0.5300000000000002,0,0
2026-01-19 08:30:00,Gourami,29.36,7.52,4.48,3.0,3.0,2.0,4.0,5.0,2.6666666666666665,0,1,0.4800000000000004,-0.5199999999999996,0,0
2026-01-19 08:45:00,Gourami,29.87,7.42,5.16,3.0,3.0,3.0,4.0,5.0,3.0,0,0,1.1600000000000001,0.16000000000000014,0,0
2026-01-19 09:00:00,Gourami,30.16,7.75,5.63,2.0,3.0,3.0,4.0,5.0,2.6666666666666665,0,0,1.63,0.6299999999999999,0,0
2026-01-19 09:15:00,Gourami,30.15,7.52,5.84,2.0,3.0,3.0,4.0,5.0,2.6666666666666665,0,0,1.8399999999999999,0.8399999999999999,0,0
2026-01-19 09:30:00,Gourami,29.97,7.67,5.83,3.0,3.0,3.0,4.0,5.0,3.0,0,0,1.83,0.8300000000000001,0,0
2026-01-19 09:45:00,Gourami,30.24,7.56,5.35,2.0,3.0,3.0,4.0,5.0,2.6666666666666665,0,0,1.3499999999999996,0.34999999999999964,0,0
2026-01-19 10:00:00,Gourami,30.14,7.77,5.37,2.0,3.0,3.0,4.0,5.0,2.6666666666666665,0,0,1.37,0.3700000000000001,0,0
2026-01-19 10:15:00,Gourami,30.48,7.72,5.65,2.0,3.0,3.0,4.0,5.0,2.6666666666666665,0,0,1.6500000000000004,0.6500000000000004,0,0
2026-01-19 10:30:00,Gourami,30.22,7.83,5.77,2.0,3.0,3.0,4.0,5.0,2.6666666666666665,0,0,1.7699999999999996,0.7699999999999996,0,0
2026-01-19 10:45:00,Gourami,30.11,7.8,5.6,2.0,3.0,3.0,4.0,5.0,2.6666666666666665,0,0,1.5999999999999996,0.5999999999999996,0,0
2026-01-19 11:00:00,Gourami,30.37,7.8,6.34,2.0,3.0,3.0,4.0,5.0,2.6666666666666665,0,0,2.34,1.3399999999999999,0,0
2026-01-19 11:15:00,Gourami,30.19,7.79,6.08,2.0,3.0,3.0,4.0,5.0,2.6666666666666665,0,0,2.08,1.08,0,0
2026-01-19 11:30:00,Gourami,30.46,7.6,6.08,2.0,3.0,3.0,4.0,5.0,2.6666666666666665,0,0,2.08,1.08,0,0
2026-01-19 11:45:00,Gourami,30.2,7.68,5.89,2.0,3.0,3.0,4.0,5.0,2.6666666666666665,0,0,1.8899999999999997,0.8899999999999997,0,0
2026-01-19 12:00:00,Gourami,30.7,7.61,6.12,2.0,3.0,3.0,4.0,5.0,2.6666666666666665,0,0,2.12,1.12,0,0
2026-01-19 12:15:00,Gourami,30.4,7.71,5.95,2.0,3.0,3.0,4.0,5.0,2.6666666666666665,0,0,1.9500000000000002,0.9500000000000002,0,0
2026-01-19 12:30:00,Gourami,29.9,7.64,6.0,3.0,3.0,3.0,4.0,5.0,3.0,0,0,2.0,1.0,0,0
2026-01-19 12:45:00,Gourami,30.23,7.83,6.47,2.0,3.0,3.0,4.0,5.0,2.6666666666666665,0,0,2.4699999999999998,1.4699999999999998,0,0
2026-01-19 13:00:00,Gourami,30.33,7.64,5.93,2.0,3.0,3.0,4.0,5.0,2.6666666666666665,0,0,1.9299999999999997,0.9299999999999997,0,0
2026-01-19 13:15:00,Gourami,30.2,7.66,5.87,2.0,3.0,3.0,4.0,5.0,2.6666666666666665,0,0,1.87,0.8700000000000001,0,0
2026-01-19 13:30:00,Gourami,30.14,7.53,6.41,2.0,3.0,3.0,4.0,5.0,2.6666666666666665,0,0,2.41,1.4100000000000001,0,0
2026-01-19 13:45:00,Gourami,30.14,7.83,6.03,2.0,3.0,3.0,4.0,5.0,2.6666666666666665,0,0,2.0300000000000002,1.0300000000000002,0,0
2026-01-19 14:00:00,Gourami,30.03,7.63,5.99,2.0,3.0,3.0,4.0,5.0,2.6666666666666665,0,0,1.9900000000000002,0.9900000000000002,0,0
2026-01-19 14:15:00,Gourami,29.98,7.69,6.19,3.0,3.0,3.0,4.0,5.0,3.0,0,0,2.1900000000000004,1.1900000000000004,0,0
2026-01-19 14:30:00,Gourami,29.99,7.64,6.14,3.0,3.0,3.0,4.0,5.0,3.0,0,0,2.1399999999999997,1.1399999999999997,0,0
2026-01-19 14:45:00,Gourami,29.18,7.56,5.84,3.0,3.0,3.0,4.0,5.0,3.0,0,0,1.8399999999999999,0.8399999999999999,0,0
2026-01-19 15:00:00,Gourami,29.57,7.71,5.92,3.0,3.0,3.0,4.0,5.0,3.0,0,0,1.92,0.9199999999999999,0,0
2026-01-19 15:15:00,Gourami,28.94,7.62,6.06,3.0,3.0,3.0,4.0,5.0,3.0,0,0,2.0599999999999996,1.0599999999999996,0,0
2026-01-19 15:30:00,Gourami,29.11,7.83,5.62,3.0,3.0,3.0,4.0,5.0,3.0,0,0,1.62,0.6200000000000001,0,0
2026-01-19 15:45:00,Gourami,28.97,7.57,5.97,3.0,3.0,3.0,4.0,5.0,3.0,0,0,1.9699999999999998,0.9699999999999998,0,0
2026-01-19 16:00:00,Gourami,28.95,7.69,5.64,3.0,3.0,3.0,4.0,5.0,3.0,0,0,1.6399999999999997,0.6399999999999997,0,0
2026-01-19 16:15:00,Gourami,28.97,7.63,5.4,3.0,3.0,3.0,4.0,5.0,3.0,0,0,1.4000000000000004,0.40000000000000036,0,0
2026-01-19 16:30:00,Gourami,28.61,7.79,5.62,3.0,3.0,3.0,4.0,5.0,3.0,0,0,1.62,0.6200000000000001,0,0
2026-01-19 16:45:00,Gourami,28.54,7.93,5.34,3.0,3.0,3.0,4.0,5.0,3.0,0,0,1.3399999999999999,0.33999999999999986,0,0
2026-01-19 17:00:00,Gourami,28.89,7.53,5.54,3.0,3.0,3.0,4.0,5.0,3.0,0,0,1.54,0.54,0,0
2026-01-19 17:15:00,Gourami,28.49,7.73,5.34,3.0,3.0,3.0,4.0,5.0,3.0,0,0,1.3399999999999999,0.33999999999999986,0,0
2026-01-19 17:30:00,Gourami,28.21,7.61,5.2,3.0,3.0,3.0,4.0,5.0,3.0,0,0,1.2000000000000002,0.20000000000000018,0,0
2026-01-19 17:45:00,Gourami,27.7,7.79,5.53,3.0,3.0,3.0,4.0,5.0,3.0,0,0,1.5300000000000002,0.5300000000000002,0,0
2026-01-19 18:00:00,Gourami,27.83,7.6,4.3,3.0,3.0,2.0,4.0,5.0,2.6666666666666665,0,1,0.2999999999999998,-0.7000000000000002,0,0
2026-01-19 18:15:00,Gourami,27.69,7.4,4.85,3.0,3.0,2.0,4.0,5.0,2.6666666666666665,0,1,0.8499999999999996,-0.15000000000000036,0,0
2026-01-19 18:30:00,Gourami,28.36,7.51,5.15,3.0,3.0,3.0,4.0,5.0,3.0,0,0,1.1500000000000004,0.15000000000000036,0,0
2026-01-19 18:45:00,Gourami,28.08,7.7,5.31,3.0,3.0,3.0,4.0,5.0,3.0,0,0,1.3099999999999996,0.3099999999999996,0,0
2026-01-19 19:00:00,Gourami,27.53,7.49,4.92,3.0,3.0,2.0,4.0,5.0,2.6666666666666665,0,1,0.9199999999999999,-0.08000000000000007,0,0
2026-01-19 19:15:00,Gourami,27.19,7.66,5.1,3.0,3.0,3.0,4.0,5.0,3.0,0,0,1.0999999999999996,0.09999999999999964,0,0
2026-01-19 19:30:00,Gourami,27.17,7.56,5.07,3.0,3.0,3.0,4.0,5.0,3.0,0,0,1.0700000000000003,0.07000000000000028,0,0
2026-01-19 19:45:00,Gourami,27.47,7.51,4.79,3.0,3.0,2.0,4.0,5.0,2.6666666666666665,0,1,0.79,-0.20999999999999996,0,0
2026-01-19 20:00:00,Gourami,27.26,7.63,5.08,3.0,3.0,3.0,4.0,5.0,3.0,0,0,1.08,0.08000000000000007,0,0
2026-01-19 20:15:00,Gourami,27.18,7.61,4.69,3.0,3.0,2.0,4.0,5.0,2.6666666666666665,0,1,0.6900000000000004,-0.3099999999999996,0,0
2026-01-19 20:30:00,Gourami,27.45,7.69,5.07,3.0,3.0,3.0,4.0,5.0,3.0,0,0,1.0700000000000003,0.07000000000000028,0,0
2026-01-19 20:45:00,Gourami,27.44,7.58,4.38,3.0,3.0,2.0,4.0,5.0,2.6666666666666665,0,1,0.3799999999999999,-0.6200000000000001,0,0
2026-01-19 21:00:00,Gourami,27.26,7.56,4.32,3.0,3.0,2.0,4.0,5.0,2.6666666666666665,0,1,0.3200000000000003,-0.6799999999999997,0,0
2026-01-19 21:15:00,Gourami,27.16,7.52,4.64,3.0,3.0,2.0,4.0,5.0,2.6666666666666665,0,1,0.6399999999999997,-0.3600000000000003,0,0
2026-01-19 21:30:00,Gourami,26.95,7.59,4.62,3.0,3.0,2.0,4.0,5.0,2.6666666666666665,0,1,0.6200000000000001,-0.3799999999999999,0,0
2026-01-19 21:45:00,Gourami,27.28,7.53,4.24,3.0,3.0,2.0,4.0,5.0,2.6666666666666665,0,1,0.2400000000000002,-0.7599999999999998,0,0
2026-01-19 22:00:00,Gourami,27.0,7.57,4.18,3.0,3.0,2.0,4.0,5.0,2.6666666666666665,0,1,0.17999999999999972,-0.8200000000000003,0,0
2026-01-19 22:15:00,Gourami,27.02,7.57,3.87,3.0,3.0,1.0,4.0,5.0,2.3333333333333335,1,0,-0.1299999999999999,-1.13,1,15
2026-01-19 22:30:00,Gourami,27.54,7.5,4.34,3.0,3.0,2.0,4.0,5.0,2.6666666666666665,0,1,0.33999999999999986,-0.6600000000000001,0,0
2026-01-19 22:45:00,Gourami,27.11,7.71,4.07,3.0,3.0,2.0,4.0,5.0,2.6666666666666665,0,1,0.07000000000000028,-0.9299999999999997,0,0
2026-01-19 23:00:00,Gourami,27.11,7.56,3.89,3.0,3.0,1.0,4.0,5.0,2.3333333333333335,1,0,-0.10999999999999988,-1.1099999999999999,1,15
2026-01-19 23:15:00,Gourami,27.02,7.62,3.79,3.0,3.0,1.0,4.0,5.0,2.3333333333333335,1,0,-0.20999999999999996,-1.21,2,30
2026-01-19 23:30:00,Gourami,27.46,7.55,3.81,3.0,3.0,1.0,4.0,5.0,2.3333333333333335,1,0,-0.18999999999999995,-1.19,3,45
2026-01-19 23:45:00,Gourami,26.79,7.51,3.69,3.0,3.0,1.0,4.0,5.0,2.3333333333333335,1,0,-0.31000000000000005,-1.31,4,60
2026-01-20 00:00:00,Gourami,27.05,7.68,3.95,3.0,3.0,1.0,4.0,5.0,2.3333333333333335,1,0,-0.04999999999999982,-1.0499999999999998,5,75
2026-01-20 00:15:00,Gourami,27.17,7.74,3.9,3.0,3.0,1.0,4.0,5.0,2.3333333333333335,1,0,-0.10000000000000009,-1.1,6,90
2026-01-20 00:30:00,Gourami,26.98,7.69,3.92,3.0,3.0,1.0,4.0,5.0,2.3333333333333335,1,0,-0.08000000000000007,-1.08,7,105
2026-01-20 00:45:00,Gourami,27.4,7.34,3.72,3.0,3.0,1.0,4.0,5.0,2.3333333333333335,1,0,-0.2799999999999998,-1.2799999999999998,8,120
2026-01-20 01:00:00,Gourami,27.18,7.56,3.84,3.0,3.0,1.0,4.0,5.0,2.3333333333333335,1,0,-0.16000000000000014,-1.1600000000000001,9,135
2026-01-20 01:15:00,Gourami,27.43,7.49,4.05,3.0,3.0,2.0,4.0,5.0,2.6666666666666665,0,1,0.04999999999999982,-0.9500000000000002,0,0
2026-01-20 01:30:00,Gourami,27.18,7.71,3.99,3.0,3.0,1.0,4.0,5.0,2.3333333333333335,1,0,-0.009999999999999787,-1.0099999999999998,1,15
2026-01-20 01:45:00,Gourami,27.01,7.61,3.52,3.0,3.0,1.0,4.0,5.0,2.3333333333333335,1,0,-0.48,-1.48,2,30
2026-01-20 02:00:00,Gourami,28.23,7.62,3.53,3.0,3.0,1.0,4.0,5.0,2.3333333333333335,1,0,-0.4700000000000002,-1.4700000000000002,3,45
2026-01-20 02:15:00,Gourami,27.47,7.48,3.31,3.0,3.0,1.0,4.0,5.0,2.3333333333333335,1,0,-0.69,-1.69,4,60
2026-01-20 02:30:00,Gourami,27.59,7.48,3.46,3.0,3.0,1.0,4.0,5.0,2.3333333333333335,1,0,-0.54,-1.54,5,75
2026-01-20 02:45:00,Gourami,28.22,7.53,4.21,3.0,3.0,2.0,4.0,5.0,2.6666666666666665,0,1,0.20999999999999996,-0.79,0,0
2026-01-20 03:00:00,Gourami,28.08,7.51,4.0,3.0,3.0,2.0,4.0,5.0,2.6666666666666665,0,1,0.0,-1.0,0,0
2026-01-20 03:15:00,Gourami,28.09,7.33,3.87,3.0,3.0,1.0,4.0,5.0,2.3333333333333335,1,0,-0.1299999999999999,-1.13,1,15
2026-01-20 03:30:00,Gourami,28.45,7.38,4.47,3.0,3.0,2.0,4.0,5.0,2.6666666666666665,0,1,0.46999999999999975,-0.5300000000000002,0,0
2026-01-20 03:45:00,Gourami,28.1,7.45,3.63,3.0,3.0,1.0,4.0,5.0,2.3333333333333335,1,0,-0.3700000000000001,-1.37,1,15
2026-01-20 04:00:00,Gourami,28.34,7.3,3.96,3.0,3.0,1.0,4.0,5.0,2.3333333333333335,1,0,-0.040000000000000036,-1.04,2,30
2026-01-20 04:15:00,Gourami,28.39,7.42,4.11,3.0,3.0,2.0,4.0,5.0,2.6666666666666665,0,1,0.11000000000000032,-0.8899999999999997,0,0
2026-01-20 04:30:00,Gourami,27.77,7.55,4.34,3.0,3.0,2.0,4.0,5.0,2.6666666666666665,0,1,0.33999999999999986,-0.6600000000000001,0,0
2026-01-20 04:45:00,Gourami,28.46,7.51,4.5,3.0,3.0,2.0,4.0,5.0,2.6666666666666665,0,1,0.5,-0.5,0,0
2026-01-20 05:00:00,Gourami,28.74,7.53,4.3,3.0,3.0,2.0,4.0,5.0,2.6666666666666665,0,1,0.2999999999999998,-0.7000000000000002,0,0
2026-01-20 05:15:00,Gourami,28.63,7.51,4.27,3.0,3.0,2.0,4.0,5.0,2.6666666666666665,0,1,0.2699999999999996,-0.7300000000000004,0,0
2026-01-20 05:30:00,Gourami,28.68,7.61,4.72,3.0,3.0,2.0,4.0,5.0,2.6666666666666665,0,1,0.7199999999999998,-0.28000000000000025,0,0
2026-01-20 05:45:00,Gourami,28.91,7.44,5.32,3.0,3.0,3.0,4.0,5.0,3.0,0,0,1.3200000000000003,0.3200000000000003,0,0
2026-01-20 06:00:00,Gourami,29.16,7.61,4.89,3.0,3.0,2.0,4.0,5.0,2.6666666666666665,0,1,0.8899999999999997,-0.11000000000000032,0,0
2026-01-20 06:15:00,Gourami,29.12,7.48,4.92,3.0,3.0,2.0,4.0,5.0,2.6666666666666665,0,1,0.9199999999999999,-0.08000000000000007,0,0
2026-01-20 06:30:00,Gourami,29.2,7.69,4.75,3.0,3.0,2.0,4.0,5.0,2.6666666666666665,0,1,0.75,-0.25,0,0
2026-01-20 06:45:00,Gourami,29.78,7.56,4.88,3.0,3.0,2.0,4.0,5.0,2.6666666666666665,0,1,0.8799999999999999,-0.1200000000000001,0,0
2026-01-20 07:00:00,Gourami,29.44,7.7,4.65,3.0,3.0,2.0,4.0,5.0,2.6666666666666665,0,1,0.6500000000000004,-0.34999999999999964,0,0
2026-01-20 07:15:00,Gourami,29.67,7.34,5.22,3.0,3.0,3.0,4.0,5.0,3.0,0,0,1.2199999999999998,0.21999999999999975,0,0
2026-01-20 07:30:00,Gourami,29.43,7.64,4.88,3.0,3.0,2.0,4.0,5.0,2.6666666666666665,0,1,0.8799999999999999,-0.1200000000000001,0,0
2026-01-20 07:45:00,Gourami,29.58,7.62,5.26,3.0,3.0,3.0,4.0,5.0,3.0,0,0,1.2599999999999998,0.2599999999999998,0,0
2026-01-20 08:00:00,Gourami,29.77,7.64,5.28,3.0,3.0,3.0,4.0,5.0,3.0,0,0,1.2800000000000002,0.28000000000000025,0,0
2026-01-20 08:15:00,Gourami,29.7,7.47,5.65,3.0,3.0,3.0,4.0,5.0,3.0,0,0,1.6500000000000004,0.6500000000000004,0,0
2026-01-20 08:30:00,Gourami,29.79,7.59,4.52,3.0,3.0,2.0,4.0,5.0,2.6666666666666665,0,1,0.5199999999999996,-0.4800000000000004,0,0
2026-01-20 08:45:00,Gourami,29.64,7.56,4.76,3.0,3.0,2.0,4.0,5.0,2.6666666666666665,0,1,0.7599999999999998,-0.2400000000000002,0,0
2026-01-20 09:00:00,Gourami,29.99,7.6,5.03,3.0,3.0,3.0,4.0,5.0,3.0,0,0,1.0300000000000002,0.03000000000000025,0,0
2026-01-20 09:15:00,Gourami,30.09,7.55,5.12,2.0,3.0,3.0,4.0,5.0,2.6666666666666665,0,0,1.12,0.1200000000000001,0,0
2026-01-20 09:30:00,Gourami,30.12,7.54,5.75,2.0,3.0,3.0,4.0,5.0,2.6666666666666665,0,0,1.75,0.75,0,0
2026-01-20 09:45:00,Gourami,30.48,7.5,5.67,2.0,3.0,3.0,4.0,5.0,2.6666666666666665,0,0,1.67,0.6699999999999999,0,0
2026-01-20 10:00:00,Gourami,30.18,7.67,5.7,2.0,3.0,3.0,4.0,5.0,2.6666666666666665,0,0,1.7000000000000002,0.7000000000000002,0,0
2026-01-20 10:15:00,Gourami,30.46,7.57,5.89,2.0,3.0,3.0,4.0,5.0,2.6666666666666665,0,0,1.8899999999999997,0.8899999999999997,0,0
2026-01-20 10:30:00,Gourami,30.05,7.67,5.78,2.0,3.0,3.0,4.0,5.0,2.6666666666666665,0,0,1.7800000000000002,0.7800000000000002,0,0
2026-01-20 10:45:00,Gourami,29.88,7.66,6.02,3.0,3.0,3.0,4.0,5.0,3.0,0,0,2.0199999999999996,1.0199999999999996,0,0
2026-01-20 11:00:00,Gourami,29.94,7.69,6.06,3.0,3.0,3.0,4.0,5.0,3.0,0,0,2.0599999999999996,1.0599999999999996,0,0
2026-01-20 11:15:00,Gourami,29.96,7.8,5.89,3.0,3.0,3.0,4.0,5.0,3.0,0,0,1.8899999999999997,0.8899999999999997,0,0
2026-01-20 11:30:00,Gourami,29.96,7.73,6.06,3.0,3.0,3.0,4.0,5.0,3.0,0,0,2.0599999999999996,1.0599999999999996,0,0
2026-01-20 11:45:00,Gourami,30.12,7.55,5.93,2.0,3.0,3.0,4.0,5.0,2.6666666666666665,0,0,1.9299999999999997,0.9299999999999997,0,0
2026-01-20 12:00:00,Gourami,30.26,7.7,5.74,2.0,3.0,3.0,4.0,5.0,2.6666666666666665,0,0,1.7400000000000002,0.7400000000000002,0,0
2026-01-20 12:15:00,Gourami,30.38,7.89,6.15,2.0,3.0,3.0,4.0,5.0,2.6666666666666665,0,0,2.1500000000000004,1.1500000000000004,0,0
2026-01-20 12:30:00,Gourami,29.8,7.84,6.36,3.0,3.0,3.0,4.0,5.0,3.0,0,0,2.3600000000000003,1.3600000000000003,0,0
2026-01-20 12:45:00,Gourami,29.83,7.62,6.42,3.0,3.0,3.0,4.0,5.0,3.0,0,0,2.42,1.42,0,0
2026-01-20 13:00:00,Gourami,29.87,7.78,6.21,3.0,3.0,3.0,4.0,5.0,3.0,0,0,2.21,1.21,0,0
2026-01-20 13:15:00,Gourami,29.86,7.63,5.44,3.0,3.0,3.0,4.0,5.0,3.0,0,0,1.4400000000000004,0.4400000000000004,0,0
2026-01-20 13:30:00,Gourami,29.89,7.74,6.13,3.0,3.0,3.0,4.0,5.0,3.0,0,0,2.13,1.13,0,0
2026-01-20 13:45:00,Gourami,30.17,7.67,6.21,2.0,3.0,3.0,4.0,5.0,2.6666666666666665,0,0,2.21,1.21,0,0
2026-01-20 14:00:00,Gourami,29.85,7.74,5.83,3.0,3.0,3.0,4.0,5.0,3.0,0,0,1.83,0.8300000000000001,0,0
2026-01-20 14:15:00,Gourami,29.61,7.69,5.81,3.0,3.0,3.0,4.0,5.0,3.0,0,0,1.8099999999999996,0.8099999999999996,0,0
2026-01-20 14:30:00,Gourami,29.3,7.69,5.98,3.0,3.0,3.0,4.0,5.0,3.0,0,0,1.9800000000000004,0.9800000000000004,0,0
2026-01-20 14:45:00,Gourami,29.63,7.73,5.62,3.0,3.0,3.0,4.0,5.0,3.0,0,0,1.62,0.6200000000000001,0,0
2026-01-20 15:00:00,Gourami,29.38,7.72,6.29,3.0,3.0,3.0,4.0,5.0,3.0,0,0,2.29,1.29,0,0
2026-01-20 15:15:00,Gourami,29.57,7.88,5.96,3.0,3.0,3.0,4.0,5.0,3.0,0,0,1.96,0.96,0,0
2026-01-20 15:30:00,Gourami,29.21,7.77,5.66,3.0,3.0,3.0,4.0,5.0,3.0,0,0,1.6600000000000001,0.6600000000000001,0,0
2026-01-20 15:45:00,Gourami,29.23,7.72,5.41,3.0,3.0,3.0,4.0,5.0,3.0,0,0,1.4100000000000001,0.41000000000000014,0,0
2026-01-20 16:00:00,Gourami,29.36,7.78,5.82,3.0,3.0,3.0,4.0,5.0,3.0,0,0,1.8200000000000003,0.8200000000000003,0,0
2026-01-20 16:15:00,Gourami,29.3,7.68,5.6,3.0,3.0,3.0,4.0,5.0,3.0,0,0,1.5999999999999996,0.5999999999999996,0,0
2026-01-20 16:30:00,Gourami,29.1,7.73,5.71,3.0,3.0,3.0,4.0,5.0,3.0,0,0,1.71,0.71,0,0
2026-01-20 16:45:00,Gourami,28.73,7.78,6.04,3.0,3.0,3.0,4.0,5.0,3.0,0,0,2.04,1.04,0,0
2026-01-20 17:00:00,Gourami,28.91,7.77,5.68,3.0,3.0,3.0,4.0,5.0,3.0,0,0,1.6799999999999997,0.6799999999999997,0,0
2026-01-20 17:15:00,Gourami,28.36,7.69,5.82,3.0,3.0,3.0,4.0,5.0,3.0,0,0,1.8200000000000003,0.8200000000000003,0,0
2026-01-20 17:30:00,Gourami,28.13,7.74,5.32,3.0,3.0,3.0,4.0,5.0,3.0,0,0,1.3200000000000003,0.3200000000000003,0,0
2026-01-20 17:45:00,Gourami,28.41,7.72,4.98,3.0,3.0,2.0,4.0,5.0,2.6666666666666665,0,1,0.9800000000000004,-0.019999999999999574,0,0
2026-01-20 18:00:00,Gourami,28.11,7.62,5.23,3.0,3.0,3.0,4.0,5.0,3.0,0,0,1.2300000000000004,0.23000000000000043,0,0
2026-01-20 18:15:00,Gourami,28.16,7.72,5.3,3.0,3.0,3.0,4.0,5.0,3.0,0,0,1.2999999999999998,0.2999999999999998,0,0
2026-01-20 18:30:00,Gourami,28.21,7.64,4.84,3.0,3.0,2.0,4.0,5.0,2.6666666666666665,0,1,0.8399999999999999,-0.16000000000000014,0,0
2026-01-20 18:45:00,Gourami,28.32,7.8,5.29,3.0,3.0,3.0,4.0,5.0,3.0,0,0,1.29,0.29000000000000004,0,0
2026-01-20 19:00:00,Gourami,27.53,7.52,4.61,3.0,3.0,2.0,4.0,5.0,2.6666666666666665,0,1,0.6100000000000003,-0.3899999999999997,0,0
2026-01-20 19:15:00,Gourami,28.05,7.53,5.01,3.0,3.0,3.0,4.0,5.0,3.0,0,0,1.0099999999999998,0.009999999999999787,0,0
2026-01-20 19:30:00,Gourami,27.8,7.67,4.69,3.0,3.0,2.0,4.0,5.0,2.6666666666666665,0,1,0.6900000000000004,-0.3099999999999996,0,0
2026-01-20 19:45:00,Gourami,27.6,7.65,4.6,3.0,3.0,2.0,4.0,5.0,2.6666666666666665,0,1,0.5999999999999996,-0.40000000000000036,0,0
2026-01-20 20:00:00,Gourami,27.63,7.49,4.8,3.0,3.0,2.0,4.0,5.0,2.6666666666666665,0,1,0.7999999999999998,-0.20000000000000018,0,0
2026-01-20 20:15:00,Gourami,27.45,7.65,4.28,3.0,3.0,2.0,4.0,5.0,2.6666666666666665,0,1,0.28000000000000025,-0.7199999999999998,0,0
2026-01-20 20:30:00,Gourami,27.35,7.54,4.23,3.0,3.0,2.0,4.0,5.0,2.6666666666666665,0,1,0.23000000000000043,-0.7699999999999996,0,0
2026-01-20 20:45:00,Gourami,27.14,7.69,4.33,3.0,3.0,2.0,4.0,5.0,2.6666666666666665,0,1,0.33000000000000007,-0.6699999999999999,0,0
2026-01-20 21:00:00,Gourami,27.25,7.62,4.66,3.0,3.0,2.0,4.0,5.0,2.6666666666666665,0,1,0.6600000000000001,-0.33999999999999986,0,0
2026-01-20 21:15:00,Gourami,27.21,7.55,4.23,3.0,3.0,2.0,4.0,5.0,2.6666666666666665,0,1,0.23000000000000043,-0.7699999999999996,0,0
2026-01-20 21:30:00,Gourami,27.26,7.58,4.0,3.0,3.0,2.0,4.0,5.0,2.6666666666666665,0,1,0.0,-1.0,0,0
2026-01-20 21:45:00,Gourami,27.42,7.45,3.93,3.0,3.0,1.0,4.0,5.0,2.3333333333333335,1,0,-0.06999999999999984,-1.0699999999999998,1,15
2026-01-20 22:00:00,Gourami,26.8,7.61,4.0,3.0,3.0,2.0,4.0,5.0,2.6666666666666665,0,1,0.0,-1.0,0,0
2026-01-20 22:15:00,Gourami,26.73,7.45,3.91,3.0,3.0,1.0,4.0,5.0,2.3333333333333335,1,0,-0.08999999999999986,-1.0899999999999999,1,15
2026-01-20 22:30:00,Gourami,27.22,7.44,4.14,3.0,3.0,2.0,4.0,5.0,2.6666666666666665,0,1,0.13999999999999968,-0.8600000000000003,0,0
2026-01-20 22:45:00,Gourami,27.17,7.33,3.74,3.0,3.0,1.0,4.0,5.0,2.3333333333333335,1,0,-0.2599999999999998,-1.2599999999999998,1,15
2026-01-20 23:00:00,Gourami,27.02,7.69,4.21,3.0,3.0,2.0,4.0,5.0,2.6666666666666665,0,1,0.20999999999999996,-0.79,0,0
2026-01-20 23:15:00,Gourami,26.77,7.47,4.02,3.0,3.0,2.0,4.0,5.0,2.6666666666666665,0,1,0.019999999999999574,-0.9800000000000004,0,0
2026-01-20 23:30:00,Gourami,27.16,7.68,3.92,3.0,3.0,1.0,4.0,5.0,2.3333333333333335,1,0,-0.08000000000000007,-1.08,1,15
2026-01-20 23:45:00,Gourami,26.91,7.28,3.99,3.0,3.0,1.0,4.0,5.0,2.3333333333333335,1,0,-0.009999999999999787,-1.0099999999999998,2,30
2026-01-21 00:00:00,Gourami,27.44,7.72,3.73,3.0,3.0,1.0,4.0,5.0,2.3333333333333335,1,0,-0.27,-1.27,3,45
2026-01-21 00:15:00,Gourami,26.91,7.46,3.7,3.0,3.0,1.0,4.0,5.0,2.3333333333333335,1,0,-0.2999999999999998,-1.2999999999999998,4,60
2026-01-21 00:30:00,Gourami,27.42,7.57,4.1,3.0,3.0,2.0,4.0,5.0,2.6666666666666665,0,1,0.09999999999999964,-0.9000000000000004,0,0
2026-01-21 00:45:00,Gourami,27.7,7.47,4.23,3.0,3.0,2.0,4.0,5.0,2.6666666666666665,0,1,0.23000000000000043,-0.7699999999999996,0,0
2026-01-21 01:00:00,Gourami,27.41,7.53,3.95,3.0,3.0,1.0,4.0,5.0,2.3333333333333335,1,0,-0.04999999999999982,-1.0499999999999998,1,15
2026-01-21 01:15:00,Gourami,27.53,7.49,4.11,3.0,3.0,2.0,4.0,5.0,2.6666666666666665,0,1,0.11000000000000032,-0.8899999999999997,0,0
2026-01-21 01:30:00,Gourami,27.93,7.7,4.43,3.0,3.0,2.0,4.0,5.0,2.6666666666666665,0,1,0.4299999999999997,-0.5700000000000003,0,0
2026-01-21 01:45:00,Gourami,27.94,7.31,3.38,3.0,3.0,1.0,4.0,5.0,2.3333333333333335,1,0,-0.6200000000000001,-1.62,1,15
2026-01-21 02:00:00,Gourami,27.69,7.55,4.12,3.0,3.0,2.0,4.0,5.0,2.6666666666666665,0,1,0.1200000000000001,-0.8799999999999999,0,0
2026-01-21 02:15:00,Gourami,27.99,7.45,3.54,3.0,3.0,1.0,4.0,5.0,2.3333333333333335,1,0,-0.45999999999999996,-1.46,1,15
2026-01-21 02:30:00,Gourami,27.55,7.6,4.02,3.0,3.0,2.0,4.0,5.0,2.6666666666666665,0,1,0.019999999999999574,-0.9800000000000004,0,0
2026-01-21 02:45:00,Gourami,28.0,7.64,4.04,3.0,3.0,2.0,4.0,5.0,2.6666666666666665,0,1,0.040000000000000036,-0.96,0,0
2026-01-21 03:00:00,Gourami,27.84,7.73,4.27,3.0,3.0,2.0,4.0,5.0,2.6666666666666665,0,1,0.2699999999999996,-0.7300000000000004,0,0
2026-01-21 03:15:00,Gourami,28.02,7.53,4.06,3.0,3.0,2.0,4.0,5.0,2.6666666666666665,0,1,0.05999999999999961,-0.9400000000000004,0,0
2026-01-21 03:30:00,Gourami,28.01,7.48,4.28,3.0,3.0,2.0,4.0,5.0,2.6666666666666665,0,1,0.28000000000000025,-0.7199999999999998,0,0
2026-01-21 03:45:00,Gourami,27.92,7.57,3.76,3.0,3.0,1.0,4.0,5.0,2.3333333333333335,1,0,-0.2400000000000002,-1.2400000000000002,1,15
2026-01-21 04:00:00,Gourami,28.06,7.71,4.13,3.0,3.0,2.0,4.0,5.0,2.6666666666666665,0,1,0.1299999999999999,-0.8700000000000001,0,0
2026-01-21 04:15:00,Gourami,28.3,7.37,4.23,3.0,3.0,2.0,4.0,5.0,2.6666666666666665,0,1,0.23000000000000043,-0.7699999999999996,0,0
2026-01-21 04:30:00,Gourami,28.58,7.42,4.44,3.0,3.0,2.0,4.0,5.0,2.6666666666666665,0,1,0.4400000000000004,-0.5599999999999996,0,0
2026-01-21 04:45:00,Gourami,28.82,7.74,4.24,3.0,3.0,2.0,4.0,5.0,2.6666666666666665,0,1,0.2400000000000002,-0.7599999999999998,0,0
2026-01-21 05:00:00,Gourami,28.74,7.47,3.97,3.0,3.0,1.0,4.0,5.0,2.3333333333333335,1,0,-0.029999999999999805,-1.0299999999999998,1,15
2026-01-21 05:15:00,Gourami,28.84,7.54,4.59,3.0,3.0,2.0,4.0,5.0,2.6666666666666665,0,1,0.5899999999999999,-0.41000000000000014,0,0
2026-01-21 05:30:00,Gourami,28.87,7.49,4.5,3.0,3.0,2.0,4.0,5.0,2.6666666666666665,0,1,0.5,-0.5,0,0
2026-01-21 05:45:00,Gourami,29.01,7.51,4.64,3.0,3.0,2.0,4.0,5.0,2.6666666666666665,0,1,0.6399999999999997,-0.3600000000000003,0,0
2026-01-21 06:00:00,Gourami,29.27,7.41,4.77,3.0,3.0,2.0,4.0,5.0,2.6666666666666665,0,1,0.7699999999999996,-0.23000000000000043,0,0
2026-01-21 06:15:00,Gourami,29.29,7.49,5.14,3.0,3.0,3.0,4.0,5.0,3.0,0,0,1.1399999999999997,0.13999999999999968,0,0
2026-01-21 06:30:00,Gourami,29.18,7.46,4.37,3.0,3.0,2.0,4.0,5.0,2.6666666666666665,0,1,0.3700000000000001,-0.6299999999999999,0,0
2026-01-21 06:45:00,Gourami,29.21,7.7,4.41,3.0,3.0,2.0,4.0,5.0,2.6666666666666665,0,1,0.41000000000000014,-0.5899999999999999,0,0
2026-01-21 07:00:00,Gourami,29.98,7.58,4.96,3.0,3.0,2.0,4.0,5.0,2.6666666666666665,0,1,0.96,-0.040000000000000036,0,0
2026-01-21 07:15:00,Gourami,29.44,7.54,5.46,3.0,3.0,3.0,4.0,5.0,3.0,0,0,1.46,0.45999999999999996,0,0
2026-01-21 07:30:00,Gourami,29.55,7.54,5.44,3.0,3.0,3.0,4.0,5.0,3.0,0,0,1.4400000000000004,0.4400000000000004,0,0
2026-01-21 07:45:00,Gourami,29.94,7.63,4.87,3.0,3.0,2.0,4.0,5.0,2.6666666666666665,0,1,0.8700000000000001,-0.1299999999999999,0,0
2026-01-21 08:00:00,Gourami,29.77,7.49,5.02,3.0,3.0,3.0,4.0,5.0,3.0,0,0,1.0199999999999996,0.019999999999999574,0,0
2026-01-21 08:15:00,Gourami,29.53,7.71,4.63,3.0,3.0,2.0,4.0,5.0,2.6666666666666665,0,1,0.6299999999999999,-0.3700000000000001,0,0
2026-01-21 08:30:00,Gourami,29.62,7.35,5.31,3.0,3.0,3.0,4.0,5.0,3.0,0,0,1.3099999999999996,0.3099999999999996,0,0
2026-01-21 08:45:00,Gourami,30.22,7.36,5.59,2.0,3.0,3.0,4.0,5.0,2.6666666666666665,0,0,1.5899999999999999,0.5899999999999999,0,0
2026-01-21 09:00:00,Gourami,29.85,7.69,5.78,3.0,3.0,3.0,4.0,5.0,3.0,0,0,1.7800000000000002,0.7800000000000002,0,0
2026-01-21 09:15:00,Gourami,30.1,7.62,5.08,2.0,3.0,3.0,4.0,5.0,2.6666666666666665,0,0,1.08,0.08000000000000007,0,0
2026-01-21 09:30:00,Gourami,29.39,7.29,4.83,3.0,3.0,2.0,4.0,5.0,2.6666666666666665,0,1,0.8300000000000001,-0.16999999999999993,0,0
2026-01-21 09:45:00,Gourami,30.08,7.63,5.57,2.0,3.0,3.0,4.0,5.0,2.6666666666666665,0,0,1.5700000000000003,0.5700000000000003,0,0
2026-01-21 10:00:00,Gourami,30.34,7.69,5.54,2.0,3.0,3.0,4.0,5.0,2.6666666666666665,0,0,1.54,0.54,0,0
2026-01-21 10:15:00,Gourami,30.2,7.64,5.84,2.0,3.0,3.0,4.0,5.0,2.6666666666666665,0,0,1.8399999999999999,0.8399999999999999,0,0
2026-01-21 10:30:00,Gourami,30.31,7.6,5.58,2.0,3.0,3.0,4.0,5.0,2.6666666666666665,0,0,1.58,0.5800000000000001,0,0
2026-01-21 10:45:00,Gourami,29.53,7.69,5.34,3.0,3.0,3.0,4.0,5.0,3.0,0,0,1.3399999999999999,0.33999999999999986,0,0
2026-01-21 11:00:00,Gourami,30.0,7.7,5.6,3.0,3.0,3.0,4.0,5.0,3.0,0,0,1.5999999999999996,0.5999999999999996,0,0
2026-01-21 11:15:00,Gourami,30.12,7.79,5.63,2.0,3.0,3.0,4.0,5.0,2.6666666666666665,0,0,1.63,0.6299999999999999,0,0
2026-01-21 11:30:00,Gourami,30.26,7.76,6.22,2.0,3.0,3.0,4.0,5.0,2.6666666666666665,0,0,2.2199999999999998,1.2199999999999998,0,0
2026-01-21 11:45:00,Gourami,30.1,7.62,6.34,2.0,3.0,3.0,4.0,5.0,2.6666666666666665,0,0,2.34,1.3399999999999999,0,0
2026-01-21 12:00:00,Gourami,29.64,7.51,5.47,3.0,3.0,3.0,4.0,5.0,3.0,0,0,1.4699999999999998,0.46999999999999975,0,0
2026-01-21 12:15:00,Gourami,29.81,7.56,5.43,3.0,3.0,3.0,4.0,5.0,3.0,0,0,1.4299999999999997,0.4299999999999997,0,0
2026-01-21 12:30:00,Gourami,29.12,7.45,4.71,3.0,3.0,2.0,4.0,5.0,2.6666666666666665,0,1,0.71,-0.29000000000000004,0,0
2026-01-21 12:45:00,Gourami,30.07,7.67,5.91,2.0,3.0,3.0,4.0,5.0,2.6666666666666665,0,0,1.9100000000000001,0.9100000000000001,0,0
2026-01-21 13:00:00,Gourami,29.86,7.73,5.68,3.0,3.0,3.0,4.0,5.0,3.0,0,0,1.6799999999999997,0.6799999999999997,0,0
2026-01-21 13:15:00,Gourami,29.99,7.71,5.58,3.0,3.0,3.0,4.0,5.0,3.0,0,0,1.58,0.5800000000000001,0,0
2026-01-21 13:30:00,Gourami,29.29,7.49,5.2,3.0,3.0,3.0,4.0,5.0,3.0,0,0,1.2000000000000002,0.20000000000000018,0,0
2026-01-21 13:45:00,Gourami,29.23,7.53,5.49,3.0,3.0,3.0,4.0,5.0,3.0,0,0,1.4900000000000002,0.4900000000000002,0,0
2026-01-21 14:00:00,Gourami,29.69,7.73,5.64,3.0,3.0,3.0,4.0,5.0,3.0,0,0,1.6399999999999997,0.6399999999999997,0,0
2026-01-21 14:15:00,Gourami,29.64,7.65,5.51,3.0,3.0,3.0,4.0,5.0,3.0,0,0,1.5099999999999998,0.5099999999999998,0,0
2026-01-21 14:30:00,Gourami,29.03,7.55,5.44,3.0,3.0,3.0,4.0,5.0,3.0,0,0,1.4400000000000004,0.4400000000000004,0,0
2026-01-21 14:45:00,Gourami,29.5,7.75,5.88,3.0,3.0,3.0,4.0,5.0,3.0,0,0,1.88,0.8799999999999999,0,0
2026-01-21 15:00:00,Gourami,29.59,7.67,5.66,3.0,3.0,3.0,4.0,5.0,3.0,0,0,1.6600000000000001,0.6600000000000001,0,0
2026-01-21 15:15:00,Gourami,29.13,7.99,6.01,3.0,3.0,3.0,4.0,5.0,3.0,0,0,2.01,1.0099999999999998,0,0
2026-01-21 15:30:00,Gourami,29.24,7.64,5.78,3.0,3.0,3.0,4.0,5.0,3.0,0,0,1.7800000000000002,0.7800000000000002,0,0
2026-01-21 15:45:00,Gourami,29.04,7.79,5.8,3.0,3.0,3.0,4.0,5.0,3.0,0,0,1.7999999999999998,0.7999999999999998,0,0
2026-01-21 16:00:00,Gourami,29.13,7.96,5.64,3.0,3.0,3.0,4.0,5.0,3.0,0,0,1.6399999999999997,0.6399999999999997,0,0
2026-01-21 16:15:00,Gourami,29.23,7.96,6.12,3.0,3.0,3.0,4.0,5.0,3.0,0,0,2.12,1.12,0,0
2026-01-21 16:30:00,Gourami,28.58,7.64,5.66,3.0,3.0,3.0,4.0,5.0,3.0,0,0,1.6600000000000001,0.6600000000000001,0,0
2026-01-21 16:45:00,Gourami,28.76,7.81,5.64,3.0,3.0,3.0,4.0,5.0,3.0,0,0,1.6399999999999997,0.6399999999999997,0,0
2026-01-21 17:00:00,Gourami,28.47,7.59,5.63,3.0,3.0,3.0,4.0,5.0,3.0,0,0,1.63,0.6299999999999999,0,0
2026-01-21 17:15:00,Gourami,28.57,7.67,5.31,3.0,3.0,3.0,4.0,5.0,3.0,0,0,1.3099999999999996,0.3099999999999996,0,0
2026-01-21 17:30:00,Gourami,28.29,7.71,5.63,3.0,3.0,3.0,4.0,5.0,3.0,0,0,1.63,0.6299999999999999,0,0
2026-01-21 17:45:00,Gourami,28.15,7.85,5.07,3.0,3.0,3.0,4.0,5.0,3.0,0,0,1.0700000000000003,0.07000000000000028,0,0
2026-01-21 18:00:00,Gourami,28.17,7.77,5.37,3.0,3.0,3.0,4.0,5.0,3.0,0,0,1.37,0.3700000000000001,0,0
2026-01-21 18:15:00,Gourami,27.84,7.48,5.07,3.0,3.0,3.0,4.0,5.0,3.0,0,0,1.0700000000000003,0.07000000000000028,0,0
2026-01-21 18:30:00,Gourami,28.18,7.96,4.91,3.0,3.0,2.0,4.0,5.0,2.6666666666666665,0,1,0.9100000000000001,-0.08999999999999986,0,0
2026-01-21 18:45:00,Gourami,27.95,7.5,4.93,3.0,3.0,2.0,4.0,5.0,2.6666666666666665,0,1,0.9299999999999997,-0.07000000000000028,0,0
2026-01-21 19:00:00,Gourami,27.9,7.67,5.19,3.0,3.0,3.0,4.0,5.0,3.0,0,0,1.1900000000000004,0.1900000000000004,0,0
2026-01-21 19:15:00,Gourami,27.38,7.51,4.67,3.0,3.0,2.0,4.0,5.0,2.6666666666666665,0,1,0.6699999999999999,-0.33000000000000007,0,0
2026-01-21 19:30:00,Gourami,27.28,7.56,4.73,3.0,3.0,2.0,4.0,5.0,2.6666666666666665,0,1,0.7300000000000004,-0.2699999999999996,0,0
2026-01-21 19:45:00,Gourami,27.58,7.6,4.37,3.0,3.0,2.0,4.0,5.0,2.6666666666666665,0,1,0.3700000000000001,-0.6299999999999999,0,0
2026-01-21 20:00:00,Gourami,27.19,7.61,4.41,3.0,3.0,2.0,4.0,5.0,2.6666666666666665,0,1,0.41000000000000014,-0.5899999999999999,0,0
2026-01-21 20:15:00,Gourami,27.91,7.63,4.48,3.0,3.0,2.0,4.0,5.0,2.6666666666666665,0,1,0.4800000000000004,-0.5199999999999996,0,0
2026-01-21 20:30:00,Gourami,27.24,7.54,4.41,3.0,3.0,2.0,4.0,5.0,2.6666666666666665,0,1,0.41000000000000014,-0.5899999999999999,0,0
2026-01-21 20:45:00,Gourami,27.08,7.61,4.21,3.0,3.0,2.0,4.0,5.0,2.6666666666666665,0,1,0.20999999999999996,-0.79,0,0
2026-01-21 21:00:00,Gourami,26.97,7.44,4.37,3.0,3.0,2.0,4.0,5.0,2.6666666666666665,0,1,0.3700000000000001,-0.6299999999999999,0,0
2026-01-21 21:15:00,Gourami,27.38,7.58,4.14,3.0,3.0,2.0,4.0,5.0,2.6666666666666665,0,1,0.13999999999999968,-0.8600000000000003,0,0
2026-01-21 21:30:00,Gourami,27.26,7.42,4.3,3.0,3.0,2.0,4.0,5.0,2.6666666666666665,0,1,0.2999999999999998,-0.7000000000000002,0,0
2026-01-21 21:45:00,Gourami,27.54,7.33,3.98,3.0,3.0,1.0,4.0,5.0,2.3333333333333335,1,0,-0.020000000000000018,-1.02,1,15
2026-01-21 22:00:00,Gourami,26.85,7.63,3.95,3.0,3.0,1.0,4.0,5.0,2.3333333333333335,1,0,-0.04999999999999982,-1.0499999999999998,2,30
2026-01-21 22:15:00,Gourami,26.83,7.33,3.96,3.0,3.0,1.0,4.0,5.0,2.3333333333333335,1,0,-0.040000000000000036,-1.04,3,45
2026-01-21 22:30:00,Gourami,26.92,7.56,4.06,3.0,3.0,2.0,4.0,5.0,2.6666666666666665,0,1,0.05999999999999961,-0.9400000000000004,0,0
2026-01-21 22:45:00,Gourami,26.64,7.46,4.24,3.0,3.0,2.0,4.0,5.0,2.6666666666666665,0,1,0.2400000000000002,-0.7599999999999998,0,0
2026-01-21 23:00:00,Gourami,27.32,7.55,4.18,3.0,3.0,2.0,4.0,5.0,2.6666666666666665,0,1,0.17999999999999972,-0.8200000000000003,0,0
2026-01-21 23:15:00,Gourami,27.07,7.52,3.94,3.0,3.0,1.0,4.0,5.0,2.3333333333333335,1,0,-0.06000000000000005,-1.06,1,15
2026-01-21 23:30:00,Gourami,26.93,7.57,3.4,3.0,3.0,1.0,4.0,5.0,2.3333333333333335,1,0,-0.6000000000000001,-1.6,2,30
2026-01-21 23:45:00,Gourami,26.8,7.61,3.75,3.0,3.0,1.0,4.0,5.0,2.3333333333333335,1,0,-0.25,-1.25,3,45
2026-01-22 00:00:00,Gourami,27.56,7.31,4.02,3.0,3.0,2.0,4.0,5.0,2.6666666666666665,0,1,0.019999999999999574,-0.9800000000000004,0,0
2026-01-22 00:15:00,Gourami,26.88,7.48,4.05,3.0,3.0,2.0,4.0,5.0,2.6666666666666665,0,1,0.04999999999999982,-0.9500000000000002,0,0
2026-01-22 00:30:00,Gourami,27.51,7.43,4.48,3.0,3.0,2.0,4.0,5.0,2.6666666666666665,0,1,0.4800000000000004,-0.5199999999999996,0,0
2026-01-22 00:45:00,Gourami,27.29,7.63,3.7,3.0,3.0,1.0,4.0,5.0,2.3333333333333335,1,0,-0.2999999999999998,-1.2999999999999998,1,15
2026-01-22 01:00:00,Gourami,27.0,7.54,3.6,3.0,3.0,1.0,4.0,5.0,2.3333333333333335,1,0,-0.3999999999999999,-1.4,2,30
2026-01-22 01:15:00,Gourami,27.62,7.28,3.62,3.0,3.0,1.0,4.0,5.0,2.3333333333333335,1,0,-0.3799999999999999,-1.38,3,45
2026-01-22 01:30:00,Gourami,27.41,7.5,3.51,3.0,3.0,1.0,4.0,5.0,2.3333333333333335,1,0,-0.4900000000000002,-1.4900000000000002,4,60
2026-01-22 01:45:00,Gourami,27.7,7.45,3.58,3.0,3.0,1.0,4.0,5.0,2.3333333333333335,1,0,-0.41999999999999993,-1.42,5,75
2026-01-22 02:00:00,Gourami,27.74,7.43,3.71,3.0,3.0,1.0,4.0,5.0,2.3333333333333335,1,0,-0.29000000000000004,-1.29,6,90
2026-01-22 02:15:00,Gourami,27.61,7.2,3.24,3.0,3.0,1.0,4.0,5.0,2.3333333333333335,1,0,-0.7599999999999998,-1.7599999999999998,7,105
2026-01-22 02:30:00,Gourami,27.81,7.64,3.9,3.0,3.0,1.0,4.0,5.0,2.3333333333333335,1,0,-0.10000000000000009,-1.1,8,120
2026-01-22 02:45:00,Gourami,27.62,7.59,3.99,3.0,3.0,1.0,4.0,5.0,2.3333333333333335,1,0,-0.009999999999999787,-1.0099999999999998,9,135
2026-01-22 03:00:00,Gourami,27.69,7.56,3.75,3.0,3.0,1.0,4.0,5.0,2.3333333333333335,1,0,-0.25,-1.25,10,150
2026-01-22 03:15:00,Gourami,28.1,7.44,4.16,3.0,3.0,2.0,4.0,5.0,2.6666666666666665,0,1,0.16000000000000014,-0.8399999999999999,0,0
2026-01-22 03:30:00,Gourami,28.11,7.56,4.01,3.0,3.0,2.0,4.0,5.0,2.6666666666666665,0,1,0.009999999999999787,-0.9900000000000002,0,0
2026-01-22 03:45:00,Gourami,28.05,7.48,4.08,3.0,3.0,2.0,4.0,5.0,2.6666666666666665,0,1,0.08000000000000007,-0.9199999999999999,0,0
2026-01-22 04:00:00,Gourami,28.04,7.46,4.04,3.0,3.0,2.0,4.0,5.0,2.6666666666666665,0,1,0.040000000000000036,-0.96,0,0
2026-01-22 04:15:00,Gourami,28.52,7.57,3.54,3.0,3.0,1.0,4.0,5.0,2.3333333333333335,1,0,-0.45999999999999996,-1.46,1,15
2026-01-22 04:30:00,Gourami,28.27,7.45,4.5,3.0,3.0,2.0,4.0,5.0,2.6666666666666665,0,1,0.5,-0.5,0,0
2026-01-22 04:45:00,Gourami,28.76,7.27,4.07,3.0,3.0,2.0,4.0,5.0,2.6666666666666665,0,1,0.07000000000000028,-0.9299999999999997,0,0
2026-01-22 05:00:00,Gourami,28.41,7.49,4.56,3.0,3.0,2.0,4.0,5.0,2.6666666666666665,0,1,0.5599999999999996,-0.4400000000000004,0,0
2026-01-22 05:15:00,Gourami,28.79,7.65,4.28,3.0,3.0,2.0,4.0,5.0,2.6666666666666665,0,1,0.28000000000000025,-0.7199999999999998,0,0
2026-01-22 05:30:00,Gourami,29.28,7.47,4.51,3.0,3.0,2.0,4.0,5.0,2.6666666666666665,0,1,0.5099999999999998,-0.4900000000000002,0,0
2026-01-22 05:45:00,Gourami,28.99,7.33,4.56,3.0,3.0,2.0,4.0,5.0,2.6666666666666665,0,1,0.5599999999999996,-0.4400000000000004,0,0
2026-01-22 06:00:00,Gourami,29.19,7.48,4.33,3.0,3.0,2.0,4.0,5.0,2.6666666666666665,0,1,0.33000000000000007,-0.6699999999999999,0,0
2026-01-22 06:15:00,Gourami,29.51,7.46,4.73,3.0,3.0,2.0,4.0,5.0,2.6666666666666665,0,1,0.7300000000000004,-0.2699999999999996,0,0
2026-01-22 06:30:00,Gourami,29.17,7.46,4.23,3.0,3.0,2.0,4.0,5.0,2.6666666666666665,0,1,0.23000000000000043,-0.7699999999999996,0,0
2026-01-22 06:45:00,Gourami,29.73,7.72,5.01,3.0,3.0,3.0,4.0,5.0,3.0,0,0,1.0099999999999998,0.009999999999999787,0,0
2026-01-22 07:00:00,Gourami,29.71,7.68,4.54,3.0,3.0,2.0,4.0,5.0,2.6666666666666665,0,1,0.54,-0.45999999999999996,0,0
2026-01-22 07:15:00,Gourami,29.25,7.64,5.14,3.0,3.0,3.0,4.0,5.0,3.0,0,0,1.1399999999999997,0.13999999999999968,0,0
2026-01-22 07:30:00,Gourami,29.76,7.68,5.03,3.0,3.0,3.0,4.0,5.0,3.0,0,0,1.0300000000000002,0.03000000000000025,0,0
2026-01-22 07:45:00,Gourami,29.84,7.67,5.15,3.0,3.0,3.0,4.0,5.0,3.0,0,0,1.1500000000000004,0.15000000000000036,0,0
2026-01-22 08:00:00,Gourami,29.83,7.71,5.06,3.0,3.0,3.0,4.0,5.0,3.0,0,0,1.0599999999999996,0.05999999999999961,0,0
2026-01-22 08:15:00,Gourami,29.66,7.62,5.6,3.0,3.0,3.0,4.0,5.0,3.0,0,0,1.5999999999999996,0.5999999999999996,0,0
2026-01-22 08:30:00,Gourami,29.95,7.55,5.3,3.0,3.0,3.0,4.0,5.0,3.0,0,0,1.2999999999999998,0.2999999999999998,0,0
2026-01-22 08:45:00,Gourami,29.85,7.69,5.7,3.0,3.0,3.0,4.0,5.0,3.0,0,0,1.7000000000000002,0.7000000000000002,0,0
2026-01-22 09:00:00,Gourami,30.05,7.64,5.4,2.0,3.0,3.0,4.0,5.0,2.6666666666666665,0,0,1.4000000000000004,0.40000000000000036,0,0
2026-01-22 09:15:00,Gourami,30.01,7.52,5.45,2.0,3.0,3.0,4.0,5.0,2.6666666666666665,0,0,1.4500000000000002,0.4500000000000002,0,0
2026-01-22 09:30:00,Gourami,29.79,7.69,5.89,3.0,3.0,3.0,4.0,5.0,3.0,0,0,1.8899999999999997,0.8899999999999997,0,0
2026-01-22 09:45:00,Gourami,29.95,7.73,5.67,3.0,3.0,3.0,4.0,5.0,3.0,0,0,1.67,0.6699999999999999,0,0
2026-01-22 10:00:00,Gourami,30.25,7.69,5.86,2.0,3.0,3.0,4.0,5.0,2.6666666666666665,0,0,1.8600000000000003,0.8600000000000003,0,0
2026-01-22 10:15:00,Gourami,30.49,7.69,5.66,2.0,3.0,3.0,4.0,5.0,2.6666666666666665,0,0,1.6600000000000001,0.6600000000000001,0,0
2026-01-22 10:30:00,Gourami,30.47,7.69,5.66,2.0,3.0,3.0,4.0,5.0,2.6666666666666665,0,0,1.6600000000000001,0.6600000000000001,0,0
2026-01-22 10:45:00,Gourami,30.44,7.68,5.96,2.0,3.0,3.0,4.0,5.0,2.6666666666666665,0,0,1.96,0.96,0,0
2026-01-22 11:00:00,Gourami,30.14,7.68,5.78,2.0,3.0,3.0,4.0,5.0,2.6666666666666665,0,0,1.7800000000000002,0.7800000000000002,0,0
2026-01-22 11:15:00,Gourami,30.19,7.51,6.07,2.0,3.0,3.0,4.0,5.0,2.6666666666666665,0,0,2.0700000000000003,1.0700000000000003,0,0
2026-01-22 11:30:00,Gourami,30.5,7.58,5.95,2.0,3.0,3.0,4.0,5.0,2.6666666666666665,0,0,1.9500000000000002,0.9500000000000002,0,0
2026-01-22 11:45:00,Gourami,30.22,7.93,6.0,2.0,3.0,3.0,4.0,5.0,2.6666666666666665,0,0,2.0,1.0,0,0
2026-01-22 12:00:00,Gourami,30.08,7.74,6.34,2.0,3.0,3.0,4.0,5.0,2.6666666666666665,0,0,2.34,1.3399999999999999,0,0
2026-01-22 12:15:00,Gourami,30.73,7.73,6.23,2.0,3.0,3.0,4.0,5.0,2.6666666666666665,0,0,2.2300000000000004,1.2300000000000004,0,0
2026-01-22 12:30:00,Gourami,30.45,7.74,5.77,2.0,3.0,3.0,4.0,5.0,2.6666666666666665,0,0,1.7699999999999996,0.7699999999999996,0,0
2026-01-22 12:45:00,Gourami,30.24,7.68,6.03,2.0,3.0,3.0,4.0,5.0,2.6666666666666665,0,0,2.0300000000000002,1.0300000000000002,0,0
2026-01-22 13:00:00,Gourami,30.18,7.51,6.13,2.0,3.0,3.0,4.0,5.0,2.6666666666666665,0,0,2.13,1.13,0,0
2026-01-22 13:15:00,Gourami,30.06,7.97,5.88,2.0,3.0,3.0,4.0,5.0,2.6666666666666665,0,0,1.88,0.8799999999999999,0,0
2026-01-22 13:30:00,Gourami,29.92,7.67,6.18,3.0,3.0,3.0,4.0,5.0,3.0,0,0,2.1799999999999997,1.1799999999999997,0,0
2026-01-22 13:45:00,Gourami,29.68,7.73,6.33,3.0,3.0,3.0,4.0,5.0,3.0,0,0,2.33,1.33,0,0
2026-01-22 14:00:00,Gourami,30.04,7.84,5.67,2.0,3.0,3.0,4.0,5.0,2.6666666666666665,0,0,1.67,0.6699999999999999,0,0
2026-01-22 14:15:00,Gourami,29.37,7.78,5.81,3.0,3.0,3.0,4.0,5.0,3.0,0,0,1.8099999999999996,0.8099999999999996,0,0
2026-01-22 14:30:00,Gourami,29.74,7.57,6.09,3.0,3.0,3.0,4.0,5.0,3.0,0,0,2.09,1.0899999999999999,0,0
2026-01-22 14:45:00,Gourami,29.48,7.69,5.98,3.0,3.0,3.0,4.0,5.0,3.0,0,0,1.9800000000000004,0.9800000000000004,0,0
2026-01-22 15:00:00,Gourami,29.42,7.65,6.06,3.0,3.0,3.0,4.0,5.0,3.0,0,0,2.0599999999999996,1.0599999999999996,0,0
2026-01-22 15:15:00,Gourami,29.58,7.89,5.98,3.0,3.0,3.0,4.0,5.0,3.0,0,0,1.9800000000000004,0.9800000000000004,0,0
2026-01-22 15:30:00,Gourami,29.62,7.62,5.84,3.0,3.0,3.0,4.0,5.0,3.0,0,0,1.8399999999999999,0.8399999999999999,0,0
2026-01-22 15:45:00,Gourami,29.57,7.61,5.77,3.0,3.0,3.0,4.0,5.0,3.0,0,0,1.7699999999999996,0.7699999999999996,0,0
2026-01-22 16:00:00,Gourami,29.11,7.76,5.68,3.0,3.0,3.0,4.0,5.0,3.0,0,0,1.6799999999999997,0.6799999999999997,0,0
2026-01-22 16:15:00,Gourami,28.77,7.62,5.31,3.0,3.0,3.0,4.0,5.0,3.0,0,0,1.3099999999999996,0.3099999999999996,0,0
2026-01-22 16:30:00,Gourami,29.02,7.72,5.34,3.0,3.0,3.0,4.0,5.0,3.0,0,0,1.3399999999999999,0.33999999999999986,0,0
2026-01-22 16:45:00,Gourami,28.6,7.62,5.68,3.0,3.0,3.0,4.0,5.0,3.0,0,0,1.6799999999999997,0.6799999999999997,0,0
2026-01-22 17:00:00,Gourami,28.64,7.71,6.02,3.0,3.0,3.0,4.0,5.0,3.0,0,0,2.0199999999999996,1.0199999999999996,0,0
2026-01-22 17:15:00,Gourami,28.72,7.59,5.35,3.0,3.0,3.0,4.0,5.0,3.0,0,0,1.3499999999999996,0.34999999999999964,0,0
2026-01-22 17:30:00,Gourami,28.75,7.51,5.33,3.0,3.0,3.0,4.0,5.0,3.0,0,0,1.33,0.33000000000000007,0,0
2026-01-22 17:45:00,Gourami,28.51,7.62,5.57,3.0,3.0,3.0,4.0,5.0,3.0,0,0,1.5700000000000003,0.5700000000000003,0,0
2026-01-22 18:00:00,Gourami,28.04,7.74,5.18,3.0,3.0,3.0,4.0,5.0,3.0,0,0,1.1799999999999997,0.17999999999999972,0,0
2026-01-22 18:15:00,Gourami,28.66,7.52,5.02,3.0,3.0,3.0,4.0,5.0,3.0,0,0,1.0199999999999996,0.019999999999999574,0,0
2026-01-22 18:30:00,Gourami,28.25,7.56,5.13,3.0,3.0,3.0,4.0,5.0,3.0,0,0,1.13,0.1299999999999999,0,0
2026-01-22 18:45:00,Gourami,27.4,7.7,5.12,3.0,3.0,3.0,4.0,5.0,3.0,0,0,1.12,0.1200000000000001,0,0
2026-01-22 19:00:00,Gourami,27.71,7.63,5.05,3.0,3.0,3.0,4.0,5.0,3.0,0,0,1.0499999999999998,0.04999999999999982,0,0
2026-01-22 19:15:00,Gourami,27.95,7.85,4.83,3.0,3.0,2.0,4.0,5.0,2.6666666666666665,0,1,0.8300000000000001,-0.16999999999999993,0,0
2026-01-22 19:30:00,Gourami,27.72,7.66,4.94,3.0,3.0,2.0,4.0,5.0,2.6666666666666665,0,1,0.9400000000000004,-0.05999999999999961,0,0
2026-01-22 19:45:00,Gourami,27.57,7.58,4.52,3.0,3.0,2.0,4.0,5.0,2.6666666666666665,0,1,0.5199999999999996,-0.4800000000000004,0,0
2026-01-22 20:00:00,Gourami,27.77,7.42,4.58,3.0,3.0,2.0,4.0,5.0,2.6666666666666665,0,1,0.5800000000000001,-0.41999999999999993,0,0
2026-01-22 20:15:00,Gourami,27.13,7.42,4.52,3.0,3.0,2.0,4.0,5.0,2.6666666666666665,0,1,0.5199999999999996,-0.4800000000000004,0,0
2026-01-22 20:30:00,Gourami,27.35,7.49,4.29,3.0,3.0,2.0,4.0,5.0,2.6666666666666665,0,1,0.29000000000000004,-0.71,0,0
2026-01-22 20:45:00,Gourami,26.95,7.53,4.61,3.0,3.0,2.0,4.0,5.0,2.6666666666666665,0,1,0.6100000000000003,-0.3899999999999997,0,0
2026-01-22 21:00:00,Gourami,27.42,7.7,4.26,3.0,3.0,2.0,4.0,5.0,2.6666666666666665,0,1,0.2599999999999998,-0.7400000000000002,0,0
2026-01-22 21:15:00,Gourami,27.42,7.56,4.04,3.0,3.0,2.0,4.0,5.0,2.6666666666666665,0,1,0.040000000000000036,-0.96,0,0
2026-01-22 21:30:00,Gourami,27.22,7.42,3.92,3.0,3.0,1.0,4.0,5.0,2.3333333333333335,1,0,-0.08000000000000007,-1.08,1,15
2026-01-22 21:45:00,Gourami,27.32,7.59,4.31,3.0,3.0,2.0,4.0,5.0,2.6666666666666665,0,1,0.3099999999999996,-0.6900000000000004,0,0
2026-01-22 22:00:00,Gourami,26.93,7.63,4.36,3.0,3.0,2.0,4.0,5.0,2.6666666666666665,0,1,0.3600000000000003,-0.6399999999999997,0,0
2026-01-22 22:15:00,Gourami,26.79,7.59,3.59,3.0,3.0,1.0,4.0,5.0,2.3333333333333335,1,0,-0.41000000000000014,-1.4100000000000001,1,15
2026-01-22 22:30:00,Gourami,27.28,7.59,3.91,3.0,3.0,1.0,4.0,5.0,2.3333333333333335,1,0,-0.08999999999999986,-1.0899999999999999,2,30
2026-01-22 22:45:00,Gourami,27.14,7.45,4.2,3.0,3.0,2.0,4.0,5.0,2.6666666666666665,0,1,0.20000000000000018,-0.7999999999999998,0,0
2026-01-22 23:00:00,Gourami,26.58,7.46,3.47,3.0,3.0,1.0,4.0,5.0,2.3333333333333335,1,0,-0.5299999999999998,-1.5299999999999998,1,15
2026-01-22 23:15:00,Gourami,26.73,7.6,3.55,3.0,3.0,1.0,4.0,5.0,2.3333333333333335,1,0,-0.4500000000000002,-1.4500000000000002,2,30
2026-01-22 23:30:00,Gourami,26.76,7.35,3.39,3.0,3.0,1.0,4.0,5.0,2.3333333333333335,1,0,-0.6099999999999999,-1.6099999999999999,3,45
2026-01-22 23:45:00,Gourami,26.32,7.42,3.43,3.0,3.0,1.0,4.0,5.0,2.3333333333333335,1,0,-0.5699999999999998,-1.5699999999999998,4,60
2026-01-23 00:00:00,Gourami,27.29,7.5,3.95,3.0,3.0,1.0,4.0,5.0,2.3333333333333335,1,0,-0.04999999999999982,-1.0499999999999998,5,75
2026-01-23 00:15:00,Gourami,26.84,7.3,3.24,3.0,3.0,1.0,4.0,5.0,2.3333333333333335,1,0,-0.7599999999999998,-1.7599999999999998,6,90
2026-01-23 00:30:00,Gourami,27.37,7.57,3.6,3.0,3.0,1.0,4.0,5.0,2.3333333333333335,1,0,-0.3999999999999999,-1.4,7,105
2026-01-23 00:45:00,Gourami,27.1,7.16,3.18,3.0,3.0,1.0,4.0,5.0,2.3333333333333335,1,0,-0.8199999999999998,-1.8199999999999998,8,120
2026-01-23 01:00:00,Gourami,27.22,7.45,3.46,3.0,3.0,1.0,4.0,5.0,2.3333333333333335,1,0,-0.54,-1.54,9,135
2026-01-23 01:15:00,Gourami,27.93,7.55,3.51,3.0,3.0,1.0,4.0,5.0,2.3333333333333335,1,0,-0.4900000000000002,-1.4900000000000002,10,150
2026-01-23 01:30:00,Gourami,27.45,7.47,3.88,3.0,3.0,1.0,4.0,5.0,2.3333333333333335,1,0,-0.1200000000000001,-1.12,11,165
2026-01-23 01:45:00,Gourami,27.68,7.57,3.82,3.0,3.0,1.0,4.0,5.0,2.3333333333333335,1,0,-0.18000000000000016,-1.1800000000000002,12,180
2026-01-23 02:00:00,Gourami,27.54,7.42,3.5,3.0,3.0,1.0,4.0,5.0,2.3333333333333335,1,0,-0.5,-1.5,13,195
2026-01-23 02:15:00,Gourami,26.66,7.15,2.1,3.0,3.0,1.0,4.0,5.0,2.3333333333333335,1,0,-1.9,-2.9,14,210
2026-01-23 02:30:00,Gourami,27.12,7.3,3.74,3.0,3.0,1.0,4.0,5.0,2.3333333333333335,1,0,-0.2599999999999998,-1.2599999999999998,15,225
2026-01-23 02:45:00,Gourami,26.69,7.13,2.25,3.0,3.0,1.0,4.0,5.0,2.3333333333333335,1,0,-1.75,-2.75,16,240
2026-01-23 03:00:00,Gourami,27.97,7.5,3.59,3.0,3.0,1.0,4.0,5.0,2.3333333333333335,1,0,-0.41000000000000014,-1.4100000000000001,17,255
2026-01-23 03:15:00,Gourami,27.91,7.34,3.48,3.0,3.0,1.0,4.0,5.0,2.3333333333333335,1,0,-0.52,-1.52,18,270
2026-01-23 03:30:00,Gourami,27.96,7.31,4.39,3.0,3.0,2.0,4.0,5.0,2.6666666666666665,0,1,0.3899999999999997,-0.6100000000000003,0,0
2026-01-23 03:45:00,Gourami,28.61,7.54,4.9,3.0,3.0,2.0,4.0,5.0,2.6666666666666665,0,1,0.9000000000000004,-0.09999999999999964,0,0
2026-01-23 04:00:00,Gourami,27.56,7.31,3.13,3.0,3.0,1.0,4.0,5.0,2.3333333333333335,1,0,-0.8700000000000001,-1.87,1,15
2026-01-23 04:15:00,Gourami,28.35,7.45,4.04,3.0,3.0,2.0,4.0,5.0,2.6666666666666665,0,1,0.040000000000000036,-0.96,0,0
2026-01-23 04:30:00,Gourami,28.15,7.41,3.52,3.0,3.0,1.0,4.0,5.0,2.3333333333333335,1,0,-0.48,-1.48,1,15
2026-01-23 04:45:00,Gourami,28.44,7.69,4.21,3.0,3.0,2.0,4.0,5.0,2.6666666666666665,0,1,0.20999999999999996,-0.79,0,0
2026-01-23 05:00:00,Gourami,28.73,7.61,3.86,3.0,3.0,1.0,4.0,5.0,2.3333333333333335,1,0,-0.14000000000000012,-1.1400000000000001,1,15
2026-01-23 05:15:00,Gourami,28.4,7.47,4.31,3.0,3.0,2.0,4.0,5.0,2.6666666666666665,0,1,0.3099999999999996,-0.6900000000000004,0,0
2026-01-23 05:30:00,Gourami,28.34,7.5,4.31,3.0,3.0,2.0,4.0,5.0,2.6666666666666665,0,1,0.3099999999999996,-0.6900000000000004,0,0
2026-01-23 05:45:00,Gourami,28.86,7.38,4.22,3.0,3.0,2.0,4.0,5.0,2.6666666666666665,0,1,0.21999999999999975,-0.7800000000000002,0,0
2026-01-23 06:00:00,Gourami,29.11,7.51,4.2,3.0,3.0,2.0,4.0,5.0,2.6666666666666665,0,1,0.20000000000000018,-0.7999999999999998,0,0
2026-01-23 06:15:00,Gourami,29.03,7.47,4.73,3.0,3.0,2.0,4.0,5.0,2.6666666666666665,0,1,0.7300000000000004,-0.2699999999999996,0,0
2026-01-23 06:30:00,Gourami,29.42,7.53,4.76,3.0,3.0,2.0,4.0,5.0,2.6666666666666665,0,1,0.7599999999999998,-0.2400000000000002,0,0
2026-01-23 06:45:00,Gourami,29.18,7.49,5.02,3.0,3.0,3.0,4.0,5.0,3.0,0,0,1.0199999999999996,0.019999999999999574,0,0
2026-01-23 07:00:00,Gourami,29.17,7.49,4.89,3.0,3.0,2.0,4.0,5.0,2.6666666666666665,0,1,0.8899999999999997,-0.11000000000000032,0,0
2026-01-23 07:15:00,Gourami,29.88,7.47,4.82,3.0,3.0,2.0,4.0,5.0,2.6666666666666665,0,1,0.8200000000000003,-0.17999999999999972,0,0
2026-01-23 07:30:00,Gourami,30.11,7.65,5.16,2.0,3.0,3.0,4.0,5.0,2.6666666666666665,0,0,1.1600000000000001,0.16000000000000014,0,0
2026-01-23 07:45:00,Gourami,29.98,7.73,5.25,3.0,3.0,3.0,4.0,5.0,3.0,0,0,1.25,0.25,0,0
2026-01-23 08:00:00,Gourami,30.2,7.83,4.96,2.0,3.0,2.0,4.0,5.0,2.3333333333333335,0,1,0.96,-0.040000000000000036,0,0
2026-01-23 08:15:00,Gourami,29.87,7.56,5.37,3.0,3.0,3.0,4.0,5.0,3.0,0,0,1.37,0.3700000000000001,0,0
2026-01-23 08:30:00,Gourami,29.96,7.82,5.29,3.0,3.0,3.0,4.0,5.0,3.0,0,0,1.29,0.29000000000000004,0,0
2026-01-23 08:45:00,Gourami,29.92,7.66,5.71,3.0,3.0,3.0,4.0,5.0,3.0,0,0,1.71,0.71,0,0
2026-01-23 09:00:00,Gourami,30.52,7.83,5.82,2.0,3.0,3.0,4.0,5.0,2.6666666666666665,0,0,1.8200000000000003,0.8200000000000003,0,0
2026-01-23 09:15:00,Gourami,30.2,7.53,5.59,2.0,3.0,3.0,4.0,5.0,2.6666666666666665,0,0,1.5899999999999999,0.5899999999999999,0,0
2026-01-23 09:30:00,Gourami,30.48,7.69,5.72,2.0,3.0,3.0,4.0,5.0,2.6666666666666665,0,0,1.7199999999999998,0.7199999999999998,0,0
2026-01-23 09:45:00,Gourami,29.92,7.55,5.41,3.0,3.0,3.0,4.0,5.0,3.0,0,0,1.4100000000000001,0.41000000000000014,0,0
2026-01-23 10:00:00,Gourami,30.05,7.68,5.3,2.0,3.0,3.0,4.0,5.0,2.6666666666666665,0,0,1.2999999999999998,0.2999999999999998,0,0
2026-01-23 10:15:00,Gourami,30.04,7.71,5.84,2.0,3.0,3.0,4.0,5.0,2.6666666666666665,0,0,1.8399999999999999,0.8399999999999999,0,0
2026-01-23 10:30:00,Gourami,30.32,7.86,5.73,2.0,3.0,3.0,4.0,5.0,2.6666666666666665,0,0,1.7300000000000004,0.7300000000000004,0,0
2026-01-23 10:45:00,Gourami,30.29,7.67,5.48,2.0,3.0,3.0,4.0,5.0,2.6666666666666665,0,0,1.4800000000000004,0.4800000000000004,0,0
2026-01-23 11:00:00,Gourami,30.55,7.63,5.59,2.0,3.0,3.0,4.0,5.0,2.6666666666666665,0,0,1.5899999999999999,0.5899999999999999,0,0
2026-01-23 11:15:00,Gourami,29.98,7.63,5.65,3.0,3.0,3.0,4.0,5.0,3.0,0,0,1.6500000000000004,0.6500000000000004,0,0
2026-01-23 11:30:00,Gourami,30.23,7.72,5.78,2.0,3.0,3.0,4.0,5.0,2.6666666666666665,0,0,1.7800000000000002,0.7800000000000002,0,0
2026-01-23 11:45:00,Gourami,30.41,7.75,6.31,2.0,3.0,3.0,4.0,5.0,2.6666666666666665,0,0,2.3099999999999996,1.3099999999999996,0,0
2026-01-23 12:00:00,Gourami,30.05,7.87,5.87,2.0,3.0,3.0,4.0,5.0,2.6666666666666665,0,0,1.87,0.8700000000000001,0,0
2026-01-23 12:15:00,Gourami,30.14,7.74,6.16,2.0,3.0,3.0,4.0,5.0,2.6666666666666665,0,0,2.16,1.1600000000000001,0,0
2026-01-23 12:30:00,Gourami,30.14,7.88,6.0,2.0,3.0,3.0,4.0,5.0,2.6666666666666665,0,0,2.0,1.0,0,0
2026-01-23 12:45:00,Gourami,30.16,7.75,6.36,2.0,3.0,3.0,4.0,5.0,2.6666666666666665,0,0,2.3600000000000003,1.3600000000000003,0,0
2026-01-23 13:00:00,Gourami,29.63,7.88,5.8,3.0,3.0,3.0,4.0,5.0,3.0,0,0,1.7999999999999998,0.7999999999999998,0,0
2026-01-23 13:15:00,Gourami,29.76,7.86,6.41,3.0,3.0,3.0,4.0,5.0,3.0,0,0,2.41,1.4100000000000001,0,0
2026-01-23 13:30:00,Gourami,30.1,7.67,6.58,2.0,3.0,3.0,4.0,5.0,2.6666666666666665,0,0,2.58,1.58,0,0
2026-01-23 13:45:00,Gourami,29.75,7.42,5.75,3.0,3.0,3.0,4.0,5.0,3.0,0,0,1.75,0.75,0,0
2026-01-23 14:00:00,Gourami,29.88,7.67,6.07,3.0,3.0,3.0,4.0,5.0,3.0,0,0,2.0700000000000003,1.0700000000000003,0,0
2026-01-23 14:15:00,Gourami,28.79,7.53,5.42,3.0,3.0,3.0,4.0,5.0,3.0,0,0,1.42,0.41999999999999993,0,0
2026-01-23 14:30:00,Gourami,29.58,7.82,6.01,3.0,3.0,3.0,4.0,5.0,3.0,0,0,2.01,1.0099999999999998,0,0
2026-01-23 14:45:00,Gourami,29.77,7.67,5.66,3.0,3.0,3.0,4.0,5.0,3.0,0,0,1.6600000000000001,0.6600000000000001,0,0
2026-01-23 15:00:00,Gourami,29.31,7.67,5.54,3.0,3.0,3.0,4.0,5.0,3.0,0,0,1.54,0.54,0,0
2026-01-23 15:15:00,Gourami,29.0,7.96,5.6,3.0,3.0,3.0,4.0,5.0,3.0,0,0,1.5999999999999996,0.5999999999999996,0,0
2026-01-23 15:30:00,Gourami,29.33,7.66,5.7,3.0,3.0,3.0,4.0,5.0,3.0,0,0,1.7000000000000002,0.7000000000000002,0,0
2026-01-23 15:45:00,Gourami,29.11,7.81,5.43,3.0,3.0,3.0,4.0,5.0,3.0,0,0,1.4299999999999997,0.4299999999999997,0,0
2026-01-23 16:00:00,Gourami,29.3,8.06,5.47,3.0,3.0,3.0,4.0,5.0,3.0,0,0,1.4699999999999998,0.46999999999999975,0,0
2026-01-23 16:15:00,Gourami,29.06,7.78,5.42,3.0,3.0,3.0,4.0,5.0,3.0,0,0,1.42,0.41999999999999993,0,0
2026-01-23 16:30:00,Gourami,28.82,7.68,5.97,3.0,3.0,3.0,4.0,5.0,3.0,0,0,1.9699999999999998,0.9699999999999998,0,0
2026-01-23 16:45:00,Gourami,29.0,7.56,5.85,3.0,3.0,3.0,4.0,5.0,3.0,0,0,1.8499999999999996,0.8499999999999996,0,0
2026-01-23 17:00:00,Gourami,28.71,7.64,5.04,3.0,3.0,3.0,4.0,5.0,3.0,0,0,1.04,0.040000000000000036,0,0
2026-01-23 17:15:00,Gourami,28.75,7.58,5.48,3.0,3.0,3.0,4.0,5.0,3.0,0,0,1.4800000000000004,0.4800000000000004,0,0
2026-01-23 17:30:00,Gourami,28.26,7.63,5.04,3.0,3.0,3.0,4.0,5.0,3.0,0,0,1.04,0.040000000000000036,0,0
2026-01-23 17:45:00,Gourami,28.26,7.63,4.96,3.0,3.0,2.0,4.0,5.0,2.6666666666666665,0,1,0.96,-0.040000000000000036,0,0
2026-01-23 18:00:00,Gourami,28.06,7.68,5.12,3.0,3.0,3.0,4.0,5.0,3.0,0,0,1.12,0.1200000000000001,0,0
2026-01-23 18:15:00,Gourami,28.51,7.63,5.37,3.0,3.0,3.0,4.0,5.0,3.0,0,0,1.37,0.3700000000000001,0,0
2026-01-23 18:30:00,Gourami,28.0,7.53,5.17,3.0,3.0,3.0,4.0,5.0,3.0,0,0,1.17,0.16999999999999993,0,0
2026-01-23 18:45:00,Gourami,27.94,7.69,4.99,3.0,3.0,2.0,4.0,5.0,2.6666666666666665,0,1,0.9900000000000002,-0.009999999999999787,0,0
2026-01-23 19:00:00,Gourami,28.13,7.89,4.54,3.0,3.0,2.0,4.0,5.0,2.6666666666666665,0,1,0.54,-0.45999999999999996,0,0
2026-01-23 19:15:00,Gourami,27.54,7.49,4.66,3.0,3.0,2.0,4.0,5.0,2.6666666666666665,0,1,0.6600000000000001,-0.33999999999999986,0,0
2026-01-23 19:30:00,Gourami,27.69,7.62,4.81,3.0,3.0,2.0,4.0,5.0,2.6666666666666665,0,1,0.8099999999999996,-0.1900000000000004,0,0
2026-01-23 19:45:00,Gourami,27.37,7.64,4.54,3.0,3.0,2.0,4.0,5.0,2.6666666666666665,0,1,0.54,-0.45999999999999996,0,0
2026-01-23 20:00:00,Gourami,27.56,7.78,4.54,3.0,3.0,2.0,4.0,5.0,2.6666666666666665,0,1,0.54,-0.45999999999999996,0,0
2026-01-23 20:15:00,Gourami,27.52,7.45,4.3,3.0,3.0,2.0,4.0,5.0,2.6666666666666665,0,1,0.2999999999999998,-0.7000000000000002,0,0
2026-01-23 20:30:00,Gourami,27.33,7.77,4.41,3.0,3.0,2.0,4.0,5.0,2.6666666666666665,0,1,0.41000000000000014,-0.5899999999999999,0,0
2026-01-23 20:45:00,Gourami,27.51,7.43,4.28,3.0,3.0,2.0,4.0,5.0,2.6666666666666665,0,1,0.28000000000000025,-0.7199999999999998,0,0
2026-01-23 21:00:00,Gourami,27.13,7.78,4.28,3.0,3.0,2.0,4.0,5.0,2.6666666666666665,0,1,0.28000000000000025,-0.7199999999999998,0,0
2026-01-23 21:15:00,Gourami,27.08,7.42,4.18,3.0,3.0,2.0,4.0,5.0,2.6666666666666665,0,1,0.17999999999999972,-0.8200000000000003,0,0
2026-01-23 21:30:00,Gourami,27.31,7.66,4.56,3.0,3.0,2.0,4.0,5.0,2.6666666666666665,0,1,0.5599999999999996,-0.4400000000000004,0,0
2026-01-23 21:45:00,Gourami,27.52,7.54,4.42,3.0,3.0,2.0,4.0,5.0,2.6666666666666665,0,1,0.41999999999999993,-0.5800000000000001,0,0
2026-01-23 22:00:00,Gourami,27.34,7.62,4.04,3.0,3.0,2.0,4.0,5.0,2.6666666666666665,0,1,0.040000000000000036,-0.96,0,0
2026-01-23 22:15:00,Gourami,26.7,7.48,3.67,3.0,3.0,1.0,4.0,5.0,2.3333333333333335,1,0,-0.33000000000000007,-1.33,1,15
2026-01-23 22:30:00,Gourami,26.61,7.44,3.49,3.0,3.0,1.0,4.0,5.0,2.3333333333333335,1,0,-0.5099999999999998,-1.5099999999999998,2,30
2026-01-23 22:45:00,Gourami,26.45,7.29,3.41,3.0,3.0,1.0,4.0,5.0,2.3333333333333335,1,0,-0.5899999999999999,-1.5899999999999999,3,45
2026-01-23 23:00:00,Gourami,25.81,7.31,2.52,3.0,3.0,1.0,4.0,5.0,2.3333333333333335,1,0,-1.48,-2.48,4,60
2026-01-23 23:15:00,Gourami,27.28,7.48,4.01,3.0,3.0,2.0,4.0,5.0,2.6666666666666665,0,1,0.009999999999999787,-0.9900000000000002,0,0
2026-01-23 23:30:00,Gourami,26.99,7.4,3.07,3.0,3.0,1.0,4.0,5.0,2.3333333333333335,1,0,-0.9300000000000002,-1.9300000000000002,1,15
2026-01-23 23:45:00,Gourami,26.71,7.48,2.92,3.0,3.0,1.0,4.0,5.0,2.3333333333333335,1,0,-1.08,-2.08,2,30
2026-01-24 00:00:00,Gourami,26.83,7.27,3.6,3.0,3.0,1.0,4.0,5.0,2.3333333333333335,1,0,-0.3999999999999999,-1.4,3,45
2026-01-24 00:15:00,Gourami,26.99,7.35,3.08,3.0,3.0,1.0,4.0,5.0,2.3333333333333335,1,0,-0.9199999999999999,-1.92,4,60
2026-01-24 00:30:00,Gourami,26.75,7.31,3.07,3.0,3.0,1.0,4.0,5.0,2.3333333333333335,1,0,-0.9300000000000002,-1.9300000000000002,5,75
2026-01-24 00:45:00,Gourami,25.93,7.06,2.67,3.0,3.0,1.0,4.0,5.0,2.3333333333333335,1,0,-1.33,-2.33,6,90
2026-01-24 01:00:00,Gourami,27.2,7.35,3.86,3.0,3.0,1.0,4.0,5.0,2.3333333333333335,1,0,-0.14000000000000012,-1.1400000000000001,7,105
2026-01-24 01:15:00,Gourami,27.4,7.3,3.25,3.0,3.0,1.0,4.0,5.0,2.3333333333333335,1,0,-0.75,-1.75,8,120
2026-01-24 01:30:00,Gourami,27.56,7.37,3.68,3.0,3.0,1.0,4.0,5.0,2.3333333333333335,1,0,-0.31999999999999984,-1.3199999999999998,9,135
2026-01-24 01:45:00,Gourami,27.12,7.36,3.37,3.0,3.0,1.0,4.0,5.0,2.3333333333333335,1,0,-0.6299999999999999,-1.63,10,150
2026-01-24 02:00:00,Gourami,26.94,7.33,2.46,3.0,3.0,1.0,4.0,5.0,2.3333333333333335,1,0,-1.54,-2.54,11,165
2026-01-24 02:15:00,Gourami,27.32,7.32,2.9,3.0,3.0,1.0,4.0,5.0,2.3333333333333335,1,0,-1.1,-2.1,12,180
2026-01-24 02:30:00,Gourami,27.71,7.48,3.23,3.0,3.0,1.0,4.0,5.0,2.3333333333333335,1,0,-0.77,-1.77,13,195
2026-01-24 02:45:00,Gourami,26.8,7.34,2.4,3.0,3.0,1.0,4.0,5.0,2.3333333333333335,1,0,-1.6,-2.6,14,210
2026-01-24 03:00:00,Gourami,27.84,7.54,3.73,3.0,3.0,1.0,4.0,5.0,2.3333333333333335,1,0,-0.27,-1.27,15,225
2026-01-24 03:15:00,Gourami,27.67,7.41,4.11,3.0,3.0,2.0,4.0,5.0,2.6666666666666665,0,1,0.11000000000000032,-0.8899999999999997,0,0
2026-01-24 03:30:00,Gourami,27.2,7.17,2.59,3.0,3.0,1.0,4.0,5.0,2.3333333333333335,1,0,-1.4100000000000001,-2.41,1,15
2026-01-24 03:45:00,Gourami,27.86,7.44,3.04,3.0,3.0,1.0,4.0,5.0,2.3333333333333335,1,0,-0.96,-1.96,2,30
2026-01-24 04:00:00,Gourami,28.48,7.57,3.69,3.0,3.0,1.0,4.0,5.0,2.3333333333333335,1,0,-0.31000000000000005,-1.31,3,45
2026-01-24 04:15:00,Gourami,28.72,7.47,3.67,3.0,3.0,1.0,4.0,5.0,2.3333333333333335,1,0,-0.33000000000000007,-1.33,4,60
2026-01-24 04:30:00,Gourami,28.35,7.61,3.82,3.0,3.0,1.0,4.0,5.0,2.3333333333333335,1,0,-0.18000000000000016,-1.1800000000000002,5,75
2026-01-24 04:45:00,Gourami,28.68,7.41,4.46,3.0,3.0,2.0,4.0,5.0,2.6666666666666665,0,1,0.45999999999999996,-0.54,0,0
2026-01-24 05:00:00,Gourami,28.66,7.64,4.33,3.0,3.0,2.0,4.0,5.0,2.6666666666666665,0,1,0.33000000000000007,-0.6699999999999999,0,0
2026-01-24 05:15:00,Gourami,29.03,7.4,4.13,3.0,3.0,2.0,4.0,5.0,2.6666666666666665,0,1,0.1299999999999999,-0.8700000000000001,0,0
2026-01-24 05:30:00,Gourami,28.69,7.54,4.68,3.0,3.0,2.0,4.0,5.0,2.6666666666666665,0,1,0.6799999999999997,-0.3200000000000003,0,0
2026-01-24 05:45:00,Gourami,28.96,7.67,4.14,3.0,3.0,2.0,4.0,5.0,2.6666666666666665,0,1,0.13999999999999968,-0.8600000000000003,0,0
2026-01-24 06:00:00,Gourami,29.31,7.67,4.71,3.0,3.0,2.0,4.0,5.0,2.6666666666666665,0,1,0.71,-0.29000000000000004,0,0
2026-01-24 06:15:00,Gourami,29.5,7.62,4.12,3.0,3.0,2.0,4.0,5.0,2.6666666666666665,0,1,0.1200000000000001,-0.8799999999999999,0,0
2026-01-24 06:30:00,Gourami,29.45,7.79,4.8,3.0,3.0,2.0,4.0,5.0,2.6666666666666665,0,1,0.7999999999999998,-0.20000000000000018,0,0
2026-01-24 06:45:00,Gourami,29.48,7.63,4.99,3.0,3.0,2.0,4.0,5.0,2.6666666666666665,0,1,0.9900000000000002,-0.009999999999999787,0,0
2026-01-24 07:00:00,Gourami,29.56,7.6,4.7,3.0,3.0,2.0,4.0,5.0,2.6666666666666665,0,1,0.7000000000000002,-0.2999999999999998,0,0
2026-01-24 07:15:00,Gourami,28.92,7.29,4.74,3.0,3.0,2.0,4.0,5.0,2.6666666666666665,0,1,0.7400000000000002,-0.2599999999999998,0,0
2026-01-24 07:30:00,Gourami,29.79,7.56,5.17,3.0,3.0,3.0,4.0,5.0,3.0,0,0,1.17,0.16999999999999993,0,0
2026-01-24 07:45:00,Gourami,29.96,7.62,5.21,3.0,3.0,3.0,4.0,5.0,3.0,0,0,1.21,0.20999999999999996,0,0
2026-01-24 08:00:00,Gourami,29.8,7.69,5.13,3.0,3.0,3.0,4.0,5.0,3.0,0,0,1.13,0.1299999999999999,0,0
2026-01-24 08:15:00,Gourami,30.24,7.58,5.34,2.0,3.0,3.0,4.0,5.0,2.6666666666666665,0,0,1.3399999999999999,0.33999999999999986,0,0
2026-01-24 08:30:00,Gourami,30.04,7.75,5.46,2.0,3.0,3.0,4.0,5.0,2.6666666666666665,0,0,1.46,0.45999999999999996,0,0
2026-01-24 08:45:00,Gourami,30.13,7.44,5.55,2.0,3.0,3.0,4.0,5.0,2.6666666666666665,0,0,1.5499999999999998,0.5499999999999998,0,0
2026-01-24 09:00:00,Gourami,30.44,7.6,5.08,2.0,3.0,3.0,4.0,5.0,2.6666666666666665,0,0,1.08,0.08000000000000007,0,0
2026-01-24 09:15:00,Gourami,30.67,7.62,5.72,2.0,3.0,3.0,4.0,5.0,2.6666666666666665,0,0,1.7199999999999998,0.7199999999999998,0,0
2026-01-24 09:30:00,Gourami,29.96,7.71,5.69,3.0,3.0,3.0,4.0,5.0,3.0,0,0,1.6900000000000004,0.6900000000000004,0,0
2026-01-24 09:45:00,Gourami,30.24,7.62,5.47,2.0,3.0,3.0,4.0,5.0,2.6666666666666665,0,0,1.4699999999999998,0.46999999999999975,0,0
2026-01-24 10:00:00,Gourami,30.1,7.67,5.54,2.0,3.0,3.0,4.0,5.0,2.6666666666666665,0,0,1.54,0.54,0,0
2026-01-24 10:15:00,Gourami,30.43,7.77,5.59,2.0,3.0,3.0,4.0,5.0,2.6666666666666665,0,0,1.5899999999999999,0.5899999999999999,0,0
2026-01-24 10:30:00,Gourami,30.26,7.58,5.75,2.0,3.0,3.0,4.0,5.0,2.6666666666666665,0,0,1.75,0.75,0,0
2026-01-24 10:45:00,Gourami,30.02,7.63,5.67,2.0,3.0,3.0,4.0,5.0,2.6666666666666665,0,0,1.67,0.6699999999999999,0,0
2026-01-24 11:00:00,Gourami,30.32,7.57,5.88,2.0,3.0,3.0,4.0,5.0,2.6666666666666665,0,0,1.88,0.8799999999999999,0,0
2026-01-24 11:15:00,Gourami,30.58,7.6,6.37,2.0,3.0,3.0,4.0,5.0,2.6666666666666665,0,0,2.37,1.37,0,0
2026-01-24 11:30:00,Gourami,30.66,7.77,5.77,2.0,3.0,3.0,4.0,5.0,2.6666666666666665,0,0,1.7699999999999996,0.7699999999999996,0,0
2026-01-24 11:45:00,Gourami,30.29,7.63,5.93,2.0,3.0,3.0,4.0,5.0,2.6666666666666665,0,0,1.9299999999999997,0.9299999999999997,0,0
2026-01-24 12:00:00,Gourami,30.28,7.59,5.86,2.0,3.0,3.0,4.0,5.0,2.6666666666666665,0,0,1.8600000000000003,0.8600000000000003,0,0
2026-01-24 12:15:00,Gourami,30.31,7.89,5.74,2.0,3.0,3.0,4.0,5.0,2.6666666666666665,0,0,1.7400000000000002,0.7400000000000002,0,0
2026-01-24 12:30:00,Gourami,30.73,7.77,6.15,2.0,3.0,3.0,4.0,5.0,2.6666666666666665,0,0,2.1500000000000004,1.1500000000000004,0,0
2026-01-24 12:45:00,Gourami,30.05,7.74,5.87,2.0,3.0,3.0,4.0,5.0,2.6666666666666665,0,0,1.87,0.8700000000000001,0,0
2026-01-24 13:00:00,Gourami,29.88,7.7,5.31,3.0,3.0,3.0,4.0,5.0,3.0,0,0,1.3099999999999996,0.3099999999999996,0,0
2026-01-24 13:15:00,Gourami,29.71,7.68,6.44,3.0,3.0,3.0,4.0,5.0,3.0,0,0,2.4400000000000004,1.4400000000000004,0,0
2026-01-24 13:30:00,Gourami,29.93,7.79,6.15,3.0,3.0,3.0,4.0,5.0,3.0,0,0,2.1500000000000004,1.1500000000000004,0,0
2026-01-24 13:45:00,Gourami,29.59,7.59,6.0,3.0,3.0,3.0,4.0,5.0,3.0,0,0,2.0,1.0,0,0
2026-01-24 14:00:00,Gourami,30.14,7.54,5.96,2.0,3.0,3.0,4.0,5.0,2.6666666666666665,0,0,1.96,0.96,0,0
2026-01-24 14:15:00,Gourami,30.01,7.59,6.31,2.0,3.0,3.0,4.0,5.0,2.6666666666666665,0,0,2.3099999999999996,1.3099999999999996,0,0
2026-01-24 14:30:00,Gourami,29.54,7.41,5.92,3.0,3.0,3.0,4.0,5.0,3.0,0,0,1.92,0.9199999999999999,0,0
2026-01-24 14:45:00,Gourami,28.64,7.36,4.66,3.0,3.0,2.0,4.0,5.0,2.6666666666666665,0,1,0.6600000000000001,-0.33999999999999986,0,0
2026-01-24 15:00:00,Gourami,27.99,7.4,4.52,3.0,3.0,2.0,4.0,5.0,2.6666666666666665,0,1,0.5199999999999996,-0.4800000000000004,0,0
2026-01-24 15:15:00,Gourami,28.56,7.58,4.64,3.0,3.0,2.0,4.0,5.0,2.6666666666666665,0,1,0.6399999999999997,-0.3600000000000003,0,0
2026-01-24 15:30:00,Gourami,28.4,7.6,4.14,3.0,3.0,2.0,4.0,5.0,2.6666666666666665,0,1,0.13999999999999968,-0.8600000000000003,0,0
2026-01-24 15:45:00,Gourami,28.47,7.59,4.77,3.0,3.0,2.0,4.0,5.0,2.6666666666666665,0,1,0.7699999999999996,-0.23000000000000043,0,0
2026-01-24 16:00:00,Gourami,28.48,7.62,5.28,3.0,3.0,3.0,4.0,5.0,3.0,0,0,1.2800000000000002,0.28000000000000025,0,0
2026-01-24 16:15:00,Gourami,28.52,7.65,5.18,3.0,3.0,3.0,4.0,5.0,3.0,0,0,1.1799999999999997,0.17999999999999972,0,0
2026-01-24 16:30:00,Gourami,27.57,7.37,4.49,3.0,3.0,2.0,4.0,5.0,2.6666666666666665,0,1,0.4900000000000002,-0.5099999999999998,0,0
2026-01-24 16:45:00,Gourami,27.78,7.55,4.79,3.0,3.0,2.0,4.0,5.0,2.6666666666666665,0,1,0.79,-0.20999999999999996,0,0
2026-01-24 17:00:00,Gourami,28.2,7.5,4.54,3.0,3.0,2.0,4.0,5.0,2.6666666666666665,0,1,0.54,-0.45999999999999996,0,0
2026-01-24 17:15:00,Gourami,27.79,7.42,4.1,3.0,3.0,2.0,4.0,5.0,2.6666666666666665,0,1,0.09999999999999964,-0.9000000000000004,0,0
2026-01-24 17:30:00,Gourami,27.33,7.49,4.24,3.0,3.0,2.0,4.0,5.0,2.6666666666666665,0,1,0.2400000000000002,-0.7599999999999998,0,0
2026-01-24 17:45:00,Gourami,28.0,7.57,4.7,3.0,3.0,2.0,4.0,5.0,2.6666666666666665,0,1,0.7000000000000002,-0.2999999999999998,0,0
2026-01-24 18:00:00,Gourami,27.18,7.52,3.85,3.0,3.0,1.0,4.0,5.0,2.3333333333333335,1,0,-0.1499999999999999,-1.15,1,15
2026-01-24 18:15:00,Gourami,27.97,7.4,4.02,3.0,3.0,2.0,4.0,5.0,2.6666666666666665,0,1,0.019999999999999574,-0.9800000000000004,0,0
2026-01-24 18:30:00,Gourami,27.66,7.25,4.27,3.0,3.0,2.0,4.0,5.0,2.6666666666666665,0,1,0.2699999999999996,-0.7300000000000004,0,0
2026-01-24 18:45:00,Gourami,27.37,7.27,4.04,3.0,3.0,2.0,4.0,5.0,2.6666666666666665,0,1,0.040000000000000036,-0.96,0,0
2026-01-24 19:00:00,Gourami,26.84,7.27,3.91,3.0,3.0,1.0,4.0,5.0,2.3333333333333335,1,0,-0.08999999999999986,-1.0899999999999999,1,15
2026-01-24 19:15:00,Gourami,26.43,7.23,3.49,3.0,3.0,1.0,4.0,5.0,2.3333333333333335,1,0,-0.5099999999999998,-1.5099999999999998,2,30
2026-01-24 19:30:00,Gourami,26.72,7.31,3.11,3.0,3.0,1.0,4.0,5.0,2.3333333333333335,1,0,-0.8900000000000001,-1.8900000000000001,3,45
2026-01-24 19:45:00,Gourami,26.82,7.24,3.6,3.0,3.0,1.0,4.0,5.0,2.3333333333333335,1,0,-0.3999999999999999,-1.4,4,60
2026-01-24 20:00:00,Gourami,27.0,7.41,3.83,3.0,3.0,1.0,4.0,5.0,2.3333333333333335,1,0,-0.16999999999999993,-1.17,5,75
2026-01-24 20:15:00,Gourami,26.96,7.48,3.5,3.0,3.0,1.0,4.0,5.0,2.3333333333333335,1,0,-0.5,-1.5,6,90
2026-01-24 20:30:00,Gourami,26.94,7.27,3.81,3.0,3.0,1.0,4.0,5.0,2.3333333333333335,1,0,-0.18999999999999995,-1.19,7,105
2026-01-24 20:45:00,Gourami,26.37,7.46,2.75,3.0,3.0,1.0,4.0,5.0,2.3333333333333335,1,0,-1.25,-2.25,8,120
2026-01-24 21:00:00,Gourami,26.5,7.49,3.12,3.0,3.0,1.0,4.0,5.0,2.3333333333333335,1,0,-0.8799999999999999,-1.88,9,135
2026-01-24 21:15:00,Gourami,26.53,7.44,2.98,3.0,3.0,1.0,4.0,5.0,2.3333333333333335,1,0,-1.02,-2.02,10,150
2026-01-24 21:30:00,Gourami,26.19,7.24,2.73,3.0,3.0,1.0,4.0,5.0,2.3333333333333335,1,0,-1.27,-2.27,11,165
2026-01-24 21:45:00,Gourami,25.66,7.28,3.13,3.0,3.0,1.0,4.0,5.0,2.3333333333333335,1,0,-0.8700000000000001,-1.87,12,180
2026-01-24 22:00:00,Gourami,26.34,7.34,2.84,3.0,3.0,1.0,4.0,5.0,2.3333333333333335,1,0,-1.1600000000000001,-2.16,13,195
2026-01-24 22:15:00,Gourami,26.52,7.29,3.42,3.0,3.0,1.0,4.0,5.0,2.3333333333333335,1,0,-0.5800000000000001,-1.58,14,210
2026-01-24 22:30:00,Gourami,25.81,7.33,3.02,3.0,3.0,1.0,4.0,5.0,2.3333333333333335,1,0,-0.98,-1.98,15,225
2026-01-24 22:45:00,Gourami,26.73,7.3,3.59,3.0,3.0,1.0,4.0,5.0,2.3333333333333335,1,0,-0.41000000000000014,-1.4100000000000001,16,240
2026-01-24 23:00:00,Gourami,25.97,7.3,2.45,3.0,3.0,1.0,4.0,5.0,2.3333333333333335,1,0,-1.5499999999999998,-2.55,17,255
2026-01-24 23:15:00,Gourami,25.92,7.39,1.75,3.0,3.0,1.0,4.0,5.0,2.3333333333333335,1,0,-2.25,-3.25,18,270
2026-01-24 23:30:00,Gourami,26.79,7.14,2.74,3.0,3.0,1.0,4.0,5.0,2.3333333333333335,1,0,-1.2599999999999998,-2.26,19,285
2026-01-24 23:45:00,Gourami,26.82,7.25,2.88,3.0,3.0,1.0,4.0,5.0,2.3333333333333335,1,0,-1.12,-2.12,20,300
2026-01-25 00:00:00,Gourami,26.43,7.27,3.22,3.0,3.0,1.0,4.0,5.0,2.3333333333333335,1,0,-0.7799999999999998,-1.7799999999999998,21,315
2026-01-25 00:15:00,Gourami,26.21,7.21,2.28,3.0,3.0,1.0,4.0,5.0,2.3333333333333335,1,0,-1.7200000000000002,-2.72,22,330
2026-01-25 00:30:00,Gourami,26.2,7.35,2.05,3.0,3.0,1.0,4.0,5.0,2.3333333333333335,1,0,-1.9500000000000002,-2.95,23,345
2026-01-25 00:45:00,Gourami,26.75,7.32,2.85,3.0,3.0,1.0,4.0,5.0,2.3333333333333335,1,0,-1.15,-2.15,24,360
2026-01-25 01:00:00,Gourami,26.05,7.3,2.67,3.0,3.0,1.0,4.0,5.0,2.3333333333333335,1,0,-1.33,-2.33,25,375
2026-01-25 01:15:00,Gourami,26.12,7.41,2.32,3.0,3.0,1.0,4.0,5.0,2.3333333333333335,1,0,-1.6800000000000002,-2.68,26,390
2026-01-25 01:30:00,Gourami,26.21,7.34,2.24,3.0,3.0,1.0,4.0,5.0,2.3333333333333335,1,0,-1.7599999999999998,-2.76,27,405
2026-01-25 01:45:00,Gourami,25.97,7.36,2.37,3.0,3.0,1.0,4.0,5.0,2.3333333333333335,1,0,-1.63,-2.63,28,420
2026-01-25 02:00:00,Gourami,26.33,7.3,2.51,3.0,3.0,1.0,4.0,5.0,2.3333333333333335,1,0,-1.4900000000000002,-2.49,29,435
2026-01-25 02:15:00,Gourami,26.94,7.24,3.23,3.0,3.0,1.0,4.0,5.0,2.3333333333333335,1,0,-0.77,-1.77,30,450
2026-01-25 02:30:00,Gourami,26.75,7.36,1.98,3.0,3.0,1.0,4.0,5.0,2.3333333333333335,1,0,-2.02,-3.02,31,465
2026-01-25 02:45:00,Gourami,27.11,7.2,2.51,3.0,3.0,1.0,4.0,5.0,2.3333333333333335,1,0,-1.4900000000000002,-2.49,32,480
2026-01-25 03:00:00,Gourami,27.42,7.58,3.07,3.0,3.0,1.0,4.0,5.0,2.3333333333333335,1,0,-0.9300000000000002,-1.9300000000000002,33,495
2026-01-25 03:15:00,Gourami,26.89,7.28,2.84,3.0,3.0,1.0,4.0,5.0,2.3333333333333335,1,0,-1.1600000000000001,-2.16,34,510
2026-01-25 03:30:00,Gourami,26.96,7.25,2.86,3.0,3.0,1.0,4.0,5.0,2.3333333333333335,1,0,-1.1400000000000001,-2.14,35,525
2026-01-25 03:45:00,Gourami,27.32,7.05,2.67,3.0,3.0,1.0,4.0,5.0,2.3333333333333335,1,0,-1.33,-2.33,36,540
2026-01-25 04:00:00,Gourami,27.94,7.18,3.54,3.0,3.0,1.0,4.0,5.0,2.3333333333333335,1,0,-0.45999999999999996,-1.46,37,555
2026-01-25 04:15:00,Gourami,28.1,7.32,2.77,3.0,3.0,1.0,4.0,5.0,2.3333333333333335,1,0,-1.23,-2.23,38,570
2026-01-25 04:30:00,Gourami,28.02,7.41,3.13,3.0,3.0,1.0,4.0,5.0,2.3333333333333335,1,0,-0.8700000000000001,-1.87,39,585
2026-01-25 04:45:00,Gourami,27.48,7.18,2.61,3.0,3.0,1.0,4.0,5.0,2.3333333333333335,1,0,-1.3900000000000001,-2.39,40,600
2026-01-25 05:00:00,Gourami,28.31,7.29,3.46,3.0,3.0,1.0,4.0,5.0,2.3333333333333335,1,0,-0.54,-1.54,41,615
2026-01-25 05:15:00,Gourami,27.79,7.25,3.38,3.0,3.0,1.0,4.0,5.0,2.3333333333333335,1,0,-0.6200000000000001,-1.62,42,630
2026-01-25 05:30:00,Gourami,27.78,7.22,2.96,3.0,3.0,1.0,4.0,5.0,2.3333333333333335,1,0,-1.04,-2.04,43,645
2026-01-25 05:45:00,Gourami,28.37,7.35,3.54,3.0,3.0,1.0,4.0,5.0,2.3333333333333335,1,0,-0.45999999999999996,-1.46,44,660
2026-01-25 06:00:00,Gourami,28.53,7.14,4.04,3.0,3.0,2.0,4.0,5.0,2.6666666666666665,0,1,0.040000000000000036,-0.96,0,0
2026-01-25 06:15:00,Gourami,27.96,7.36,3.31,3.0,3.0,1.0,4.0,5.0,2.3333333333333335,1,0,-0.69,-1.69,1,15
2026-01-25 06:30:00,Gourami,28.7,7.6,3.48,3.0,3.0,1.0,4.0,5.0,2.3333333333333335,1,0,-0.52,-1.52,2,30
2026-01-25 06:45:00,Gourami,28.1,7.4,3.43,3.0,3.0,1.0,4.0,5.0,2.3333333333333335,1,0,-0.5699999999999998,-1.5699999999999998,3,45
2026-01-25 07:00:00,Gourami,28.59,7.19,3.63,3.0,3.0,1.0,4.0,5.0,2.3333333333333335,1,0,-0.3700000000000001,-1.37,4,60
2026-01-25 07:15:00,Gourami,29.0,7.43,3.75,3.0,3.0,1.0,4.0,5.0,2.3333333333333335,1,0,-0.25,-1.25,5,75
2026-01-25 07:30:00,Gourami,28.73,7.33,3.28,3.0,3.0,1.0,4.0,5.0,2.3333333333333335,1,0,-0.7200000000000002,-1.7200000000000002,6,90
2026-01-25 07:45:00,Gourami,28.94,7.31,4.42,3.0,3.0,2.0,4.0,5.0,2.6666666666666665,0,1,0.41999999999999993,-0.5800000000000001,0,0
2026-01-25 08:00:00,Gourami,28.45,7.28,4.01,3.0,3.0,2.0,4.0,5.0,2.6666666666666665,0,1,0.009999999999999787,-0.9900000000000002,0,0
2026-01-25 08:15:00,Gourami,28.6,7.27,3.71,3.0,3.0,1.0,4.0,5.0,2.3333333333333335,1,0,-0.29000000000000004,-1.29,1,15
2026-01-25 08:30:00,Gourami,29.3,7.67,4.79,3.0,3.0,2.0,4.0,5.0,2.6666666666666665,0,1,0.79,-0.20999999999999996,0,0
2026-01-25 08:45:00,Gourami,28.93,7.52,4.08,3.0,3.0,2.0,4.0,5.0,2.6666666666666665,0,1,0.08000000000000007,-0.9199999999999999,0,0
2026-01-25 09:00:00,Gourami,29.94,7.74,4.24,3.0,3.0,2.0,4.0,5.0,2.6666666666666665,0,1,0.2400000000000002,-0.7599999999999998,0,0
2026-01-25 09:15:00,Gourami,29.33,7.48,4.67,3.0,3.0,2.0,4.0,5.0,2.6666666666666665,0,1,0.6699999999999999,-0.33000000000000007,0,0
2026-01-25 09:30:00,Gourami,29.68,7.34,4.69,3.0,3.0,2.0,4.0,5.0,2.6666666666666665,0,1,0.6900000000000004,-0.3099999999999996,0,0
2026-01-25 09:45:00,Gourami,29.15,7.43,4.53,3.0,3.0,2.0,4.0,5.0,2.6666666666666665,0,1,0.5300000000000002,-0.46999999999999975,0,0
2026-01-25 10:00:00,Gourami,28.89,7.51,4.24,3.0,3.0,2.0,4.0,5.0,2.6666666666666665,0,1,0.2400000000000002,-0.7599999999999998,0,0
2026-01-25 10:15:00,Gourami,29.17,7.4,4.28,3.0,3.0,2.0,4.0,5.0,2.6666666666666665,0,1,0.28000000000000025,-0.7199999999999998,0,0
2026-01-25 10:30:00,Gourami,29.21,7.4,4.59,3.0,3.0,2.0,4.0,5.0,2.6666666666666665,0,1,0.5899999999999999,-0.41000000000000014,0,0
2026-01-25 10:45:00,Gourami,29.1,7.57,4.6,3.0,3.0,2.0,4.0,5.0,2.6666666666666665,0,1,0.5999999999999996,-0.40000000000000036,0,0
2026-01-25 11:00:00,Gourami,29.51,7.3,4.85,3.0,3.0,2.0,4.0,5.0,2.6666666666666665,0,1,0.8499999999999996,-0.15000000000000036,0,0
2026-01-25 11:15:00,Gourami,29.45,7.37,4.43,3.0,3.0,2.0,4.0,5.0,2.6666666666666665,0,1,0.4299999999999997,-0.5700000000000003,0,0
2026-01-25 11:30:00,Gourami,29.93,7.59,5.02,3.0,3.0,3.0,4.0,5.0,3.0,0,0,1.0199999999999996,0.019999999999999574,0,0
2026-01-25 11:45:00,Gourami,29.54,7.58,4.72,3.0,3.0,2.0,4.0,5.0,2.6666666666666665,0,1,0.7199999999999998,-0.28000000000000025,0,0
2026-01-25 12:00:00,Gourami,29.37,7.45,4.28,3.0,3.0,2.0,4.0,5.0,2.6666666666666665,0,1,0.28000000000000025,-0.7199999999999998,0,0
2026-01-25 12:15:00,Gourami,28.91,7.39,4.57,3.0,3.0,2.0,4.0,5.0,2.6666666666666665,0,1,0.5700000000000003,-0.4299999999999997,0,0
2026-01-25 12:30:00,Gourami,29.41,7.49,5.31,3.0,3.0,3.0,4.0,5.0,3.0,0,0,1.3099999999999996,0.3099999999999996,0,0
2026-01-25 12:45:00,Gourami,29.06,7.5,5.19,3.0,3.0,3.0,4.0,5.0,3.0,0,0,1.1900000000000004,0.1900000000000004,0,0
2026-01-25 13:00:00,Gourami,29.57,7.39,4.87,3.0,3.0,2.0,4.0,5.0,2.6666666666666665,0,1,0.8700000000000001,-0.1299999999999999,0,0
2026-01-25 13:15:00,Gourami,29.55,7.43,5.04,3.0,3.0,3.0,4.0,5.0,3.0,0,0,1.04,0.040000000000000036,0,0
2026-01-25 13:30:00,Gourami,30.15,7.59,5.54,2.0,3.0,3.0,4.0,5.0,2.6666666666666665,0,0,1.54,0.54,0,0
2026-01-25 13:45:00,Gourami,29.91,7.88,6.15,3.0,3.0,3.0,4.0,5.0,3.0,0,0,2.1500000000000004,1.1500000000000004,0,0
2026-01-25 14:00:00,Gourami,29.61,7.64,5.82,3.0,3.0,3.0,4.0,5.0,3.0,0,0,1.8200000000000003,0.8200000000000003,0,0
2026-01-25 14:15:00,Gourami,29.42,7.75,6.04,3.0,3.0,3.0,4.0,5.0,3.0,0,0,2.04,1.04,0,0
2026-01-25 14:30:00,Gourami,29.64,7.98,5.76,3.0,3.0,3.0,4.0,5.0,3.0,0,0,1.7599999999999998,0.7599999999999998,0,0
2026-01-25 14:45:00,Gourami,29.78,7.85,6.04,3.0,3.0,3.0,4.0,5.0,3.0,0,0,2.04,1.04,0,0
2026-01-25 15:00:00,Gourami,29.59,7.78,5.61,3.0,3.0,3.0,4.0,5.0,3.0,0,0,1.6100000000000003,0.6100000000000003,0,0
2026-01-25 15:15:00,Gourami,29.35,7.7,5.88,3.0,3.0,3.0,4.0,5.0,3.0,0,0,1.88,0.8799999999999999,0,0
2026-01-25 15:30:00,Gourami,29.17,7.63,5.6,3.0,3.0,3.0,4.0,5.0,3.0,0,0,1.5999999999999996,0.5999999999999996,0,0
2026-01-25 15:45:00,Gourami,29.24,7.96,5.55,3.0,3.0,3.0,4.0,5.0,3.0,0,0,1.5499999999999998,0.5499999999999998,0,0
2026-01-25 16:00:00,Gourami,28.45,7.42,4.5,3.0,3.0,2.0,4.0,5.0,2.6666666666666665,0,1,0.5,-0.5,0,0
2026-01-25 16:15:00,Gourami,28.66,7.71,5.28,3.0,3.0,3.0,4.0,5.0,3.0,0,0,1.2800000000000002,0.28000000000000025,0,0
2026-01-25 16:30:00,Gourami,29.06,7.63,5.39,3.0,3.0,3.0,4.0,5.0,3.0,0,0,1.3899999999999997,0.3899999999999997,0,0
2026-01-25 16:45:00,Gourami,28.85,7.61,5.43,3.0,3.0,3.0,4.0,5.0,3.0,0,0,1.4299999999999997,0.4299999999999997,0,0
2026-01-25 17:00:00,Gourami,28.31,7.65,5.26,3.0,3.0,3.0,4.0,5.0,3.0,0,0,1.2599999999999998,0.2599999999999998,0,0
2026-01-25 17:15:00,Gourami,28.59,7.58,4.93,3.0,3.0,2.0,4.0,5.0,2.6666666666666665,0,1,0.9299999999999997,-0.07000000000000028,0,0
2026-01-25 17:30:00,Gourami,28.3,7.5,5.07,3.0,3.0,3.0,4.0,5.0,3.0,0,0,1.0700000000000003,0.07000000000000028,0,0
2026-01-25 17:45:00,Gourami,28.35,7.88,5.19,3.0,3.0,3.0,4.0,5.0,3.0,0,0,1.1900000000000004,0.1900000000000004,0,0
2026-01-25 18:00:00,Gourami,28.41,7.62,5.09,3.0,3.0,3.0,4.0,5.0,3.0,0,0,1.0899999999999999,0.08999999999999986,0,0
2026-01-25 18:15:00,Gourami,28.07,7.69,5.13,3.0,3.0,3.0,4.0,5.0,3.0,0,0,1.13,0.1299999999999999,0,0
2026-01-25 18:30:00,Gourami,28.04,7.54,5.12,3.0,3.0,3.0,4.0,5.0,3.0,0,0,1.12,0.1200000000000001,0,0
2026-01-25 18:45:00,Gourami,28.04,7.69,5.17,3.0,3.0,3.0,4.0,5.0,3.0,0,0,1.17,0.16999999999999993,0,0
2026-01-25 19:00:00,Gourami,28.03,7.84,4.83,3.0,3.0,2.0,4.0,5.0,2.6666666666666665,0,1,0.8300000000000001,-0.16999999999999993,0,0
2026-01-25 19:15:00,Gourami,28.22,7.51,4.88,3.0,3.0,2.0,4.0,5.0,2.6666666666666665,0,1,0.8799999999999999,-0.1200000000000001,0,0
2026-01-25 19:30:00,Gourami,28.09,7.53,4.71,3.0,3.0,2.0,4.0,5.0,2.6666666666666665,0,1,0.71,-0.29000000000000004,0,0
2026-01-25 19:45:00,Gourami,27.54,7.6,5.06,3.0,3.0,3.0,4.0,5.0,3.0,0,0,1.0599999999999996,0.05999999999999961,0,0
2026-01-25 20:00:00,Gourami,26.91,7.59,4.32,3.0,3.0,2.0,4.0,5.0,2.6666666666666665,0,1,0.3200000000000003,-0.6799999999999997,0,0
2026-01-25 20:15:00,Gourami,27.21,7.5,4.25,3.0,3.0,2.0,4.0,5.0,2.6666666666666665,0,1,0.25,-0.75,0,0
2026-01-25 20:30:00,Gourami,27.77,7.77,4.87,3.0,3.0,2.0,4.0,5.0,2.6666666666666665,0,1,0.8700000000000001,-0.1299999999999999,0,0
2026-01-25 20:45:00,Gourami,27.57,7.45,4.27,3.0,3.0,2.0,4.0,5.0,2.6666666666666665,0,1,0.2699999999999996,-0.7300000000000004,0,0
2026-01-25 21:00:00,Gourami,27.36,7.69,4.13,3.0,3.0,2.0,4.0,5.0,2.6666666666666665,0,1,0.1299999999999999,-0.8700000000000001,0,0
2026-01-25 21:15:00,Gourami,27.28,7.58,4.32,3.0,3.0,2.0,4.0,5.0,2.6666666666666665,0,1,0.3200000000000003,-0.6799999999999997,0,0
2026-01-25 21:30:00,Gourami,27.73,7.67,4.11,3.0,3.0,2.0,4.0,5.0,2.6666666666666665,0,1,0.11000000000000032,-0.8899999999999997,0,0
2026-01-25 21:45:00,Gourami,27.15,7.54,3.91,3.0,3.0,1.0,4.0,5.0,2.3333333333333335,1,0,-0.08999999999999986,-1.0899999999999999,1,15
2026-01-25 22:00:00,Gourami,27.39,7.58,4.3,3.0,3.0,2.0,4.0,5.0,2.6666666666666665,0,1,0.2999999999999998,-0.7000000000000002,0,0
2026-01-25 22:15:00,Gourami,26.93,7.61,4.04,3.0,3.0,2.0,4.0,5.0,2.6666666666666665,0,1,0.040000000000000036,-0.96,0,0
2026-01-25 22:30:00,Gourami,27.11,7.69,3.79,3.0,3.0,1.0,4.0,5.0,2.3333333333333335,1,0,-0.20999999999999996,-1.21,1,15
2026-01-25 22:45:00,Gourami,26.66,7.35,4.1,3.0,3.0,2.0,4.0,5.0,2.6666666666666665,0,1,0.09999999999999964,-0.9000000000000004,0,0
2026-01-25 23:00:00,Gourami,26.9,7.52,3.73,3.0,3.0,1.0,4.0,5.0,2.3333333333333335,1,0,-0.27,-1.27,1,15
2026-01-25 23:15:00,Gourami,27.03,7.65,3.88,3.0,3.0,1.0,4.0,5.0,2.3333333333333335,1,0,-0.1200000000000001,-1.12,2,30
2026-01-25 23:30:00,Gourami,26.91,7.55,3.61,3.0,3.0,1.0,4.0,5.0,2.3333333333333335,1,0,-0.3900000000000001,-1.3900000000000001,3,45
2026-01-25 23:45:00,Gourami,27.17,7.41,3.62,3.0,3.0,1.0,4.0,5.0,2.3333333333333335,1,0,-0.3799999999999999,-1.38,4,60
2026-01-26 00:00:00,Gourami,27.26,7.47,3.98,3.0,3.0,1.0,4.0,5.0,2.3333333333333335,1,0,-0.020000000000000018,-1.02,5,75
2026-01-26 00:15:00,Gourami,27.09,7.51,3.36,3.0,3.0,1.0,4.0,5.0,2.3333333333333335,1,0,-0.6400000000000001,-1.6400000000000001,6,90
2026-01-26 00:30:00,Gourami,27.22,7.44,3.35,3.0,3.0,1.0,4.0,5.0,2.3333333333333335,1,0,-0.6499999999999999,-1.65,7,105
2026-01-26 00:45:00,Gourami,27.18,7.49,3.88,3.0,3.0,1.0,4.0,5.0,2.3333333333333335,1,0,-0.1200000000000001,-1.12,8,120
2026-01-26 01:00:00,Gourami,27.32,7.56,3.45,3.0,3.0,1.0,4.0,5.0,2.3333333333333335,1,0,-0.5499999999999998,-1.5499999999999998,9,135
2026-01-26 01:15:00,Gourami,27.59,7.6,3.75,3.0,3.0,1.0,4.0,5.0,2.3333333333333335,1,0,-0.25,-1.25,10,150
2026-01-26 01:30:00,Gourami,27.36,7.47,3.45,3.0,3.0,1.0,4.0,5.0,2.3333333333333335,1,0,-0.5499999999999998,-1.5499999999999998,11,165
2026-01-26 01:45:00,Gourami,27.64,7.46,3.57,3.0,3.0,1.0,4.0,5.0,2.3333333333333335,1,0,-0.43000000000000016,-1.4300000000000002,12,180
2026-01-26 02:00:00,Gourami,27.75,7.32,4.2,3.0,3.0,2.0,4.0,5.0,2.6666666666666665,0,1,0.20000000000000018,-0.7999999999999998,0,0
2026-01-26 02:15:00,Gourami,27.22,7.6,3.66,3.0,3.0,1.0,4.0,5.0,2.3333333333333335,1,0,-0.33999999999999986,-1.3399999999999999,1,15
2026-01-26 02:30:00,Gourami,27.57,7.58,3.92,3.0,3.0,1.0,4.0,5.0,2.3333333333333335,1,0,-0.08000000000000007,-1.08,2,30
2026-01-26 02:45:00,Gourami,27.56,7.81,3.55,3.0,3.0,1.0,4.0,5.0,2.3333333333333335,1,0,-0.4500000000000002,-1.4500000000000002,3,45
2026-01-26 03:00:00,Gourami,28.2,7.53,3.65,3.0,3.0,1.0,4.0,5.0,2.3333333333333335,1,0,-0.3500000000000001,-1.35,4,60
2026-01-26 03:15:00,Gourami,28.34,7.41,3.75,3.0,3.0,1.0,4.0,5.0,2.3333333333333335,1,0,-0.25,-1.25,5,75
2026-01-26 03:30:00,Gourami,27.95,7.5,4.55,3.0,3.0,2.0,4.0,5.0,2.6666666666666665,0,1,0.5499999999999998,-0.4500000000000002,0,0
2026-01-26 03:45:00,Gourami,28.31,7.46,4.49,3.0,3.0,2.0,4.0,5.0,2.6666666666666665,0,1,0.4900000000000002,-0.5099999999999998,0,0
2026-01-26 04:00:00,Gourami,28.51,7.45,4.1,3.0,3.0,2.0,4.0,5.0,2.6666666666666665,0,1,0.09999999999999964,-0.9000000000000004,0,0
2026-01-26 04:15:00,Gourami,28.64,7.69,4.1,3.0,3.0,2.0,4.0,5.0,2.6666666666666665,0,1,0.09999999999999964,-0.9000000000000004,0,0
2026-01-26 04:30:00,Gourami,28.5,7.42,3.87,3.0,3.0,1.0,4.0,5.0,2.3333333333333335,1,0,-0.1299999999999999,-1.13,1,15
2026-01-26 04:45:00,Gourami,28.82,7.37,4.15,3.0,3.0,2.0,4.0,5.0,2.6666666666666665,0,1,0.15000000000000036,-0.8499999999999996,0,0
2026-01-26 05:00:00,Gourami,28.44,7.52,3.85,3.0,3.0,1.0,4.0,5.0,2.3333333333333335,1,0,-0.1499999999999999,-1.15,1,15
2026-01-26 05:15:00,Gourami,29.01,7.5,5.0,3.0,3.0,3.0,4.0,5.0,3.0,0,0,1.0,0.0,0,0
2026-01-26 05:30:00,Gourami,29.16,7.29,4.5,3.0,3.0,2.0,4.0,5.0,2.6666666666666665,0,1,0.5,-0.5,0,0
2026-01-26 05:45:00,Gourami,28.98,7.47,4.55,3.0,3.0,2.0,4.0,5.0,2.6666666666666665,0,1,0.5499999999999998,-0.4500000000000002,0,0
2026-01-26 06:00:00,Gourami,29.28,7.63,4.64,3.0,3.0,2.0,4.0,5.0,2.6666666666666665,0,1,0.6399999999999997,-0.3600000000000003,0,0
2026-01-26 06:15:00,Gourami,29.91,7.47,4.78,3.0,3.0,2.0,4.0,5.0,2.6666666666666665,0,1,0.7800000000000002,-0.21999999999999975,0,0
2026-01-26 06:30:00,Gourami,29.1,7.5,4.61,3.0,3.0,2.0,4.0,5.0,2.6666666666666665,0,1,0.6100000000000003,-0.3899999999999997,0,0
2026-01-26 06:45:00,Gourami,29.35,7.55,5.23,3.0,3.0,3.0,4.0,5.0,3.0,0,0,1.2300000000000004,0.23000000000000043,0,0
2026-01-26 07:00:00,Gourami,29.46,7.53,4.82,3.0,3.0,2.0,4.0,5.0,2.6666666666666665,0,1,0.8200000000000003,-0.17999999999999972,0,0
2026-01-26 07:15:00,Gourami,29.53,7.51,4.91,3.0,3.0,2.0,4.0,5.0,2.6666666666666665,0,1,0.9100000000000001,-0.08999999999999986,0,0
2026-01-26 07:30:00,Gourami,29.71,7.72,4.79,3.0,3.0,2.0,4.0,5.0,2.6666666666666665,0,1,0.79,-0.20999999999999996,0,0
2026-01-26 07:45:00,Gourami,30.18,7.68,4.96,2.0,3.0,2.0,4.0,5.0,2.3333333333333335,0,1,0.96,-0.040000000000000036,0,0
2026-01-26 08:00:00,Gourami,30.06,7.6,5.24,2.0,3.0,3.0,4.0,5.0,2.6666666666666665,0,0,1.2400000000000002,0.2400000000000002,0,0
2026-01-26 08:15:00,Gourami,29.93,7.58,5.62,3.0,3.0,3.0,4.0,5.0,3.0,0,0,1.62,0.6200000000000001,0,0
2026-01-26 08:30:00,Gourami,29.82,7.43,5.02,3.0,3.0,3.0,4.0,5.0,3.0,0,0,1.0199999999999996,0.019999999999999574,0,0
2026-01-26 08:45:00,Gourami,30.35,7.66,5.27,2.0,3.0,3.0,4.0,5.0,2.6666666666666665,0,0,1.2699999999999996,0.2699999999999996,0,0
2026-01-26 09:00:00,Gourami,29.76,7.68,5.74,3.0,3.0,3.0,4.0,5.0,3.0,0,0,1.7400000000000002,0.7400000000000002,0,0
2026-01-26 09:15:00,Gourami,30.06,7.56,5.54,2.0,3.0,3.0,4.0,5.0,2.6666666666666665,0,0,1.54,0.54,0,0
2026-01-26 09:30:00,Gourami,30.24,7.55,5.67,2.0,3.0,3.0,4.0,5.0,2.6666666666666665,0,0,1.67,0.6699999999999999,0,0
2026-01-26 09:45:00,Gourami,29.93,7.54,5.68,3.0,3.0,3.0,4.0,5.0,3.0,0,0,1.6799999999999997,0.6799999999999997,0,0
2026-01-26 10:00:00,Gourami,30.4,7.59,5.62,2.0,3.0,3.0,4.0,5.0,2.6666666666666665,0,0,1.62,0.6200000000000001,0,0
2026-01-26 10:15:00,Gourami,30.5,7.75,6.19,2.0,3.0,3.0,4.0,5.0,2.6666666666666665,0,0,2.1900000000000004,1.1900000000000004,0,0
2026-01-26 10:30:00,Gourami,29.93,7.72,5.66,3.0,3.0,3.0,4.0,5.0,3.0,0,0,1.6600000000000001,0.6600000000000001,0,0
2026-01-26 10:45:00,Gourami,30.33,7.8,5.53,2.0,3.0,3.0,4.0,5.0,2.6666666666666665,0,0,1.5300000000000002,0.5300000000000002,0,0
2026-01-26 11:00:00,Gourami,30.13,7.75,5.56,2.0,3.0,3.0,4.0,5.0,2.6666666666666665,0,0,1.5599999999999996,0.5599999999999996,0,0
2026-01-26 11:15:00,Gourami,30.28,7.83,5.91,2.0,3.0,3.0,4.0,5.0,2.6666666666666665,0,0,1.9100000000000001,0.9100000000000001,0,0
2026-01-26 11:30:00,Gourami,30.64,7.56,5.67,2.0,3.0,3.0,4.0,5.0,2.6666666666666665,0,0,1.67,0.6699999999999999,0,0
2026-01-26 11:45:00,Gourami,30.54,7.64,6.02,2.0,3.0,3.0,4.0,5.0,2.6666666666666665,0,0,2.0199999999999996,1.0199999999999996,0,0
2026-01-26 12:00:00,Gourami,30.49,7.86,6.45,2.0,3.0,3.0,4.0,5.0,2.6666666666666665,0,0,2.45,1.4500000000000002,0,0
2026-01-26 12:15:00,Gourami,30.56,7.83,5.81,2.0,3.0,3.0,4.0,5.0,2.6666666666666665,0,0,1.8099999999999996,0.8099999999999996,0,0
2026-01-26 12:30:00,Gourami,30.05,7.81,6.11,2.0,3.0,3.0,4.0,5.0,2.6666666666666665,0,0,2.1100000000000003,1.1100000000000003,0,0
2026-01-26 12:45:00,Gourami,30.06,7.74,5.97,2.0,3.0,3.0,4.0,5.0,2.6666666666666665,0,0,1.9699999999999998,0.9699999999999998,0,0
2026-01-26 13:00:00,Gourami,30.28,7.71,5.41,2.0,3.0,3.0,4.0,5.0,2.6666666666666665,0,0,1.4100000000000001,0.41000000000000014,0,0
2026-01-26 13:15:00,Gourami,29.82,7.72,6.06,3.0,3.0,3.0,4.0,5.0,3.0,0,0,2.0599999999999996,1.0599999999999996,0,0
2026-01-26 13:30:00,Gourami,30.14,7.78,5.97,2.0,3.0,3.0,4.0,5.0,2.6666666666666665,0,0,1.9699999999999998,0.9699999999999998,0,0
2026-01-26 13:45:00,Gourami,30.32,7.55,5.89,2.0,3.0,3.0,4.0,5.0,2.6666666666666665,0,0,1.8899999999999997,0.8899999999999997,0,0
2026-01-26 14:00:00,Gourami,29.46,7.63,6.27,3.0,3.0,3.0,4.0,5.0,3.0,0,0,2.2699999999999996,1.2699999999999996,0,0
2026-01-26 14:15:00,Gourami,29.21,7.7,6.06,3.0,3.0,3.0,4.0,5.0,3.0,0,0,2.0599999999999996,1.0599999999999996,0,0
2026-01-26 14:30:00,Gourami,29.84,7.69,6.1,3.0,3.0,3.0,4.0,5.0,3.0,0,0,2.0999999999999996,1.0999999999999996,0,0
2026-01-26 14:45:00,Gourami,29.69,7.82,5.76,3.0,3.0,3.0,4.0,5.0,3.0,0,0,1.7599999999999998,0.7599999999999998,0,0
2026-01-26 15:00:00,Gourami,29.37,7.45,5.64,3.0,3.0,3.0,4.0,5.0,3.0,0,0,1.6399999999999997,0.6399999999999997,0,0
2026-01-26 15:15:00,Gourami,29.42,7.8,5.96,3.0,3.0,3.0,4.0,5.0,3.0,0,0,1.96,0.96,0,0
2026-01-26 15:30:00,Gourami,29.8,7.8,6.28,3.0,3.0,3.0,4.0,5.0,3.0,0,0,2.2800000000000002,1.2800000000000002,0,0
2026-01-26 15:45:00,Gourami,29.28,7.66,5.75,3.0,3.0,3.0,4.0,5.0,3.0,0,0,1.75,0.75,0,0
2026-01-26 16:00:00,Gourami,29.3,7.61,5.69,3.0,3.0,3.0,4.0,5.0,3.0,0,0,1.6900000000000004,0.6900000000000004,0,0
2026-01-26 16:15:00,Gourami,28.79,7.65,5.84,3.0,3.0,3.0,4.0,5.0,3.0,0,0,1.8399999999999999,0.8399999999999999,0,0
2026-01-26 16:30:00,Gourami,28.95,7.81,5.6,3.0,3.0,3.0,4.0,5.0,3.0,0,0,1.5999999999999996,0.5999999999999996,0,0
2026-01-26 16:45:00,Gourami,29.09,7.56,5.65,3.0,3.0,3.0,4.0,5.0,3.0,0,0,1.6500000000000004,0.6500000000000004,0,0
2026-01-26 17:00:00,Gourami,28.61,7.79,5.2,3.0,3.0,3.0,4.0,5.0,3.0,0,0,1.2000000000000002,0.20000000000000018,0,0
2026-01-26 17:15:00,Gourami,28.73,7.83,5.37,3.0,3.0,3.0,4.0,5.0,3.0,0,0,1.37,0.3700000000000001,0,0
2026-01-26 17:30:00,Gourami,28.23,7.54,5.21,3.0,3.0,3.0,4.0,5.0,3.0,0,0,1.21,0.20999999999999996,0,0
2026-01-26 17:45:00,Gourami,28.3,7.66,5.33,3.0,3.0,3.0,4.0,5.0,3.0,0,0,1.33,0.33000000000000007,0,0
2026-01-26 18:00:00,Gourami,27.94,7.65,5.12,3.0,3.0,3.0,4.0,5.0,3.0,0,0,1.12,0.1200000000000001,0,0
2026-01-26 18:15:00,Gourami,28.62,7.5,4.97,3.0,3.0,2.0,4.0,5.0,2.6666666666666665,0,1,0.9699999999999998,-0.03000000000000025,0,0
2026-01-26 18:30:00,Gourami,27.8,7.65,4.45,3.0,3.0,2.0,4.0,5.0,2.6666666666666665,0,1,0.4500000000000002,-0.5499999999999998,0,0
2026-01-26 18:45:00,Gourami,27.61,7.58,5.27,3.0,3.0,3.0,4.0,5.0,3.0,0,0,1.2699999999999996,0.2699999999999996,0,0
2026-01-26 19:00:00,Gourami,27.51,7.51,5.01,3.0,3.0,3.0,4.0,5.0,3.0,0,0,1.0099999999999998,0.009999999999999787,0,0
2026-01-26 19:15:00,Gourami,28.36,7.31,5.34,3.0,3.0,3.0,4.0,5.0,3.0,0,0,1.3399999999999999,0.33999999999999986,0,0
2026-01-26 19:30:00,Gourami,27.25,7.57,4.92,3.0,3.0,2.0,4.0,5.0,2.6666666666666665,0,1,0.9199999999999999,-0.08000000000000007,0,0
2026-01-26 19:45:00,Gourami,27.4,7.51,4.46,3.0,3.0,2.0,4.0,5.0,2.6666666666666665,0,1,0.45999999999999996,-0.54,0,0
2026-01-26 20:00:00,Gourami,27.38,7.43,4.11,3.0,3.0,2.0,4.0,5.0,2.6666666666666665,0,1,0.11000000000000032,-0.8899999999999997,0,0
2026-01-26 20:15:00,Gourami,27.21,7.61,4.51,3.0,3.0,2.0,4.0,5.0,2.6666666666666665,0,1,0.5099999999999998,-0.4900000000000002,0,0
2026-01-26 20:30:00,Gourami,27.43,7.6,4.38,3.0,3.0,2.0,4.0,5.0,2.6666666666666665,0,1,0.3799999999999999,-0.6200000000000001,0,0
2026-01-26 20:45:00,Gourami,27.52,7.52,4.39,3.0,3.0,2.0,4.0,5.0,2.6666666666666665,0,1,0.3899999999999997,-0.6100000000000003,0,0
2026-01-26 21:00:00,Gourami,27.17,7.52,4.44,3.0,3.0,2.0,4.0,5.0,2.6666666666666665,0,1,0.4400000000000004,-0.5599999999999996,0,0
2026-01-26 21:15:00,Gourami,27.59,7.59,4.21,3.0,3.0,2.0,4.0,5.0,2.6666666666666665,0,1,0.20999999999999996,-0.79,0,0
2026-01-26 21:30:00,Gourami,27.14,7.88,4.0,3.0,3.0,2.0,4.0,5.0,2.6666666666666665,0,1,0.0,-1.0,0,0
2026-01-26 21:45:00,Gourami,26.92,7.54,4.44,3.0,3.0,2.0,4.0,5.0,2.6666666666666665,0,1,0.4400000000000004,-0.5599999999999996,0,0
2026-01-26 22:00:00,Gourami,26.98,7.55,4.44,3.0,3.0,2.0,4.0,5.0,2.6666666666666665,0,1,0.4400000000000004,-0.5599999999999996,0,0
2026-01-26 22:15:00,Gourami,27.34,7.73,3.73,3.0,3.0,1.0,4.0,5.0,2.3333333333333335,1,0,-0.27,-1.27,1,15
2026-01-26 22:30:00,Gourami,27.18,7.51,3.92,3.0,3.0,1.0,4.0,5.0,2.3333333333333335,1,0,-0.08000000000000007,-1.08,2,30
2026-01-26 22:45:00,Gourami,27.12,7.58,3.47,3.0,3.0,1.0,4.0,5.0,2.3333333333333335,1,0,-0.5299999999999998,-1.5299999999999998,3,45
2026-01-26 23:00:00,Gourami,27.08,7.46,4.12,3.0,3.0,2.0,4.0,5.0,2.6666666666666665,0,1,0.1200000000000001,-0.8799999999999999,0,0
2026-01-26 23:15:00,Gourami,27.55,7.47,3.8,3.0,3.0,1.0,4.0,5.0,2.3333333333333335,1,0,-0.20000000000000018,-1.2000000000000002,1,15
2026-01-26 23:30:00,Gourami,27.46,7.43,3.82,3.0,3.0,1.0,4.0,5.0,2.3333333333333335,1,0,-0.18000000000000016,-1.1800000000000002,2,30
2026-01-26 23:45:00,Gourami,26.97,7.38,3.51,3.0,3.0,1.0,4.0,5.0,2.3333333333333335,1,0,-0.4900000000000002,-1.4900000000000002,3,45
2026-01-27 00:00:00,Gourami,26.89,7.66,3.5,3.0,3.0,1.0,4.0,5.0,2.3333333333333335,1,0,-0.5,-1.5,4,60
2026-01-27 00:15:00,Gourami,27.45,7.45,3.78,3.0,3.0,1.0,4.0,5.0,2.3333333333333335,1,0,-0.2200000000000002,-1.2200000000000002,5,75
2026-01-27 00:30:00,Gourami,27.41,7.31,3.89,3.0,3.0,1.0,4.0,5.0,2.3333333333333335,1,0,-0.10999999999999988,-1.1099999999999999,6,90
2026-01-27 00:45:00,Gourami,27.4,7.28,3.41,3.0,3.0,1.0,4.0,5.0,2.3333333333333335,1,0,-0.5899999999999999,-1.5899999999999999,7,105
2026-01-27 01:00:00,Gourami,26.98,7.35,3.49,3.0,3.0,1.0,4.0,5.0,2.3333333333333335,1,0,-0.5099999999999998,-1.5099999999999998,8,120
2026-01-27 01:15:00,Gourami,27.66,7.69,3.74,3.0,3.0,1.0,4.0,5.0,2.3333333333333335,1,0,-0.2599999999999998,-1.2599999999999998,9,135
2026-01-27 01:30:00,Gourami,27.11,7.6,3.71,3.0,3.0,1.0,4.0,5.0,2.3333333333333335,1,0,-0.29000000000000004,-1.29,10,150
2026-01-27 01:45:00,Gourami,27.42,7.4,3.93,3.0,3.0,1.0,4.0,5.0,2.3333333333333335,1,0,-0.06999999999999984,-1.0699999999999998,11,165
2026-01-27 02:00:00,Gourami,27.7,7.46,3.5,3.0,3.0,1.0,4.0,5.0,2.3333333333333335,1,0,-0.5,-1.5,12,180
2026-01-27 02:15:00,Gourami,27.99,7.5,3.55,3.0,3.0,1.0,4.0,5.0,2.3333333333333335,1,0,-0.4500000000000002,-1.4500000000000002,13,195
2026-01-27 02:30:00,Gourami,27.67,7.55,3.57,3.0,3.0,1.0,4.0,5.0,2.3333333333333335,1,0,-0.43000000000000016,-1.4300000000000002,14,210
2026-01-27 02:45:00,Gourami,28.04,7.71,4.27,3.0,3.0,2.0,4.0,5.0,2.6666666666666665,0,1,0.2699999999999996,-0.7300000000000004,0,0
2026-01-27 03:00:00,Gourami,27.76,7.39,3.99,3.0,3.0,1.0,4.0,5.0,2.3333333333333335,1,0,-0.009999999999999787,-1.0099999999999998,1,15
2026-01-27 03:15:00,Gourami,27.77,7.4,3.85,3.0,3.0,1.0,4.0,5.0,2.3333333333333335,1,0,-0.1499999999999999,-1.15,2,30
2026-01-27 03:30:00,Gourami,28.22,7.36,3.78,3.0,3.0,1.0,4.0,5.0,2.3333333333333335,1,0,-0.2200000000000002,-1.2200000000000002,3,45
2026-01-27 03:45:00,Gourami,27.94,7.26,3.8,3.0,3.0,1.0,4.0,5.0,2.3333333333333335,1,0,-0.20000000000000018,-1.2000000000000002,4,60
2026-01-27 04:00:00,Gourami,28.3,7.46,4.23,3.0,3.0,2.0,4.0,5.0,2.6666666666666665,0,1,0.23000000000000043,-0.7699999999999996,0,0
2026-01-27 04:15:00,Gourami,28.68,7.58,3.94,3.0,3.0,1.0,4.0,5.0,2.3333333333333335,1,0,-0.06000000000000005,-1.06,1,15
2026-01-27 04:30:00,Gourami,28.63,7.46,4.6,3.0,3.0,2.0,4.0,5.0,2.6666666666666665,0,1,0.5999999999999996,-0.40000000000000036,0,0
2026-01-27 04:45:00,Gourami,27.96,7.28,3.52,3.0,3.0,1.0,4.0,5.0,2.3333333333333335,1,0,-0.48,-1.48,1,15
2026-01-27 05:00:00,Gourami,28.69,7.67,4.21,3.0,3.0,2.0,4.0,5.0,2.6666666666666665,0,1,0.20999999999999996,-0.79,0,0
2026-01-27 05:15:00,Gourami,28.68,7.34,3.54,3.0,3.0,1.0,4.0,5.0,2.3333333333333335,1,0,-0.45999999999999996,-1.46,1,15
2026-01-27 05:30:00,Gourami,28.08,7.49,3.61,3.0,3.0,1.0,4.0,5.0,2.3333333333333335,1,0,-0.3900000000000001,-1.3900000000000001,2,30
2026-01-27 05:45:00,Gourami,29.18,7.47,4.65,3.0,3.0,2.0,4.0,5.0,2.6666666666666665,0,1,0.6500000000000004,-0.34999999999999964,0,0
2026-01-27 06:00:00,Gourami,29.3,7.56,4.79,3.0,3.0,2.0,4.0,5.0,2.6666666666666665,0,1,0.79,-0.20999999999999996,0,0
2026-01-27 06:15:00,Gourami,29.41,7.53,4.49,3.0,3.0,2.0,4.0,5.0,2.6666666666666665,0,1,0.4900000000000002,-0.5099999999999998,0,0
2026-01-27 06:30:00,Gourami,29.26,7.48,4.41,3.0,3.0,2.0,4.0,5.0,2.6666666666666665,0,1,0.41000000000000014,-0.5899999999999999,0,0
2026-01-27 06:45:00,Gourami,29.2,7.34,4.78,3.0,3.0,2.0,4.0,5.0,2.6666666666666665,0,1,0.7800000000000002,-0.21999999999999975,0,0
2026-01-27 07:00:00,Gourami,29.6,7.52,5.14,3.0,3.0,3.0,4.0,5.0,3.0,0,0,1.1399999999999997,0.13999999999999968,0,0
2026-01-27 07:15:00,Gourami,29.46,7.63,4.99,3.0,3.0,2.0,4.0,5.0,2.6666666666666665,0,1,0.9900000000000002,-0.009999999999999787,0,0
2026-01-27 07:30:00,Gourami,30.04,7.53,4.67,2.0,3.0,2.0,4.0,5.0,2.3333333333333335,0,1,0.6699999999999999,-0.33000000000000007,0,0
2026-01-27 07:45:00,Gourami,29.54,7.61,5.13,3.0,3.0,3.0,4.0,5.0,3.0,0,0,1.13,0.1299999999999999,0,0
2026-01-27 08:00:00,Gourami,29.93,7.61,5.52,3.0,3.0,3.0,4.0,5.0,3.0,0,0,1.5199999999999996,0.5199999999999996,0,0
2026-01-27 08:15:00,Gourami,30.2,7.41,4.94,2.0,3.0,2.0,4.0,5.0,2.3333333333333335,0,1,0.9400000000000004,-0.05999999999999961,0,0
2026-01-27 08:30:00,Gourami,29.9,7.46,5.27,3.0,3.0,3.0,4.0,5.0,3.0,0,0,1.2699999999999996,0.2699999999999996,0,0
2026-01-27 08:45:00,Gourami,30.07,7.62,5.1,2.0,3.0,3.0,4.0,5.0,2.6666666666666665,0,0,1.0999999999999996,0.09999999999999964,0,0
2026-01-27 09:00:00,Gourami,30.21,7.37,5.48,2.0,3.0,3.0,4.0,5.0,2.6666666666666665,0,0,1.4800000000000004,0.4800000000000004,0,0
2026-01-27 09:15:00,Gourami,30.08,7.69,5.66,2.0,3.0,3.0,4.0,5.0,2.6666666666666665,0,0,1.6600000000000001,0.6600000000000001,0,0
2026-01-27 09:30:00,Gourami,29.88,7.81,6.12,3.0,3.0,3.0,4.0,5.0,3.0,0,0,2.12,1.12,0,0
2026-01-27 09:45:00,Gourami,30.17,7.65,5.82,2.0,3.0,3.0,4.0,5.0,2.6666666666666665,0,0,1.8200000000000003,0.8200000000000003,0,0
2026-01-27 10:00:00,Gourami,30.33,7.74,5.82,2.0,3.0,3.0,4.0,5.0,2.6666666666666665,0,0,1.8200000000000003,0.8200000000000003,0,0
2026-01-27 10:15:00,Gourami,30.39,7.66,5.7,2.0,3.0,3.0,4.0,5.0,2.6666666666666665,0,0,1.7000000000000002,0.7000000000000002,0,0
2026-01-27 10:30:00,Gourami,30.49,7.51,5.59,2.0,3.0,3.0,4.0,5.0,2.6666666666666665,0,0,1.5899999999999999,0.5899999999999999,0,0
2026-01-27 10:45:00,Gourami,30.14,7.53,5.97,2.0,3.0,3.0,4.0,5.0,2.6666666666666665,0,0,1.9699999999999998,0.9699999999999998,0,0
2026-01-27 11:00:00,Gourami,30.54,7.83,5.69,2.0,3.0,3.0,4.0,5.0,2.6666666666666665,0,0,1.6900000000000004,0.6900000000000004,0,0
2026-01-27 11:15:00,Gourami,30.46,7.74,6.19,2.0,3.0,3.0,4.0,5.0,2.6666666666666665,0,0,2.1900000000000004,1.1900000000000004,0,0
2026-01-27 11:30:00,Gourami,30.3,7.67,5.59,2.0,3.0,3.0,4.0,5.0,2.6666666666666665,0,0,1.5899999999999999,0.5899999999999999,0,0
2026-01-27 11:45:00,Gourami,30.52,7.65,5.98,2.0,3.0,3.0,4.0,5.0,2.6666666666666665,0,0,1.9800000000000004,0.9800000000000004,0,0
2026-01-27 12:00:00,Gourami,30.23,7.75,5.9,2.0,3.0,3.0,4.0,5.0,2.6666666666666665,0,0,1.9000000000000004,0.9000000000000004,0,0
2026-01-27 12:15:00,Gourami,30.4,7.73,5.94,2.0,3.0,3.0,4.0,5.0,2.6666666666666665,0,0,1.9400000000000004,0.9400000000000004,0,0
2026-01-27 12:30:00,Gourami,30.26,7.73,6.06,2.0,3.0,3.0,4.0,5.0,2.6666666666666665,0,0,2.0599999999999996,1.0599999999999996,0,0
2026-01-27 12:45:00,Gourami,29.77,7.83,6.06,3.0,3.0,3.0,4.0,5.0,3.0,0,0,2.0599999999999996,1.0599999999999996,0,0
2026-01-27 13:00:00,Gourami,30.52,7.81,5.73,2.0,3.0,3.0,4.0,5.0,2.6666666666666665,0,0,1.7300000000000004,0.7300000000000004,0,0
2026-01-27 13:15:00,Gourami,29.9,7.74,6.35,3.0,3.0,3.0,4.0,5.0,3.0,0,0,2.3499999999999996,1.3499999999999996,0,0
2026-01-27 13:30:00,Gourami,30.1,7.66,6.12,2.0,3.0,3.0,4.0,5.0,2.6666666666666665,0,0,2.12,1.12,0,0
2026-01-27 13:45:00,Gourami,29.72,7.66,6.16,3.0,3.0,3.0,4.0,5.0,3.0,0,0,2.16,1.1600000000000001,0,0
2026-01-27 14:00:00,Gourami,29.9,7.7,6.11,3.0,3.0,3.0,4.0,5.0,3.0,0,0,2.1100000000000003,1.1100000000000003,0,0
2026-01-27 14:15:00,Gourami,29.77,7.61,5.91,3.0,3.0,3.0,4.0,5.0,3.0,0,0,1.9100000000000001,0.9100000000000001,0,0
2026-01-27 14:30:00,Gourami,29.54,7.7,6.07,3.0,3.0,3.0,4.0,5.0,3.0,0,0,2.0700000000000003,1.0700000000000003,0,0
2026-01-27 14:45:00,Gourami,29.53,7.65,5.19,3.0,3.0,3.0,4.0,5.0,3.0,0,0,1.1900000000000004,0.1900000000000004,0,0
2026-01-27 15:00:00,Gourami,29.51,7.76,6.02,3.0,3.0,3.0,4.0,5.0,3.0,0,0,2.0199999999999996,1.0199999999999996,0,0
2026-01-27 15:15:00,Gourami,29.43,7.81,5.68,3.0,3.0,3.0,4.0,5.0,3.0,0,0,1.6799999999999997,0.6799999999999997,0,0
2026-01-27 15:30:00,Gourami,29.18,7.89,5.62,3.0,3.0,3.0,4.0,5.0,3.0,0,0,1.62,0.6200000000000001,0,0
2026-01-27 15:45:00,Gourami,29.59,7.53,6.2,3.0,3.0,3.0,4.0,5.0,3.0,0,0,2.2,1.2000000000000002,0,0
2026-01-27 16:00:00,Gourami,29.18,7.65,5.4,3.0,3.0,3.0,4.0,5.0,3.0,0,0,1.4000000000000004,0.40000000000000036,0,0
2026-01-27 16:15:00,Gourami,28.99,7.54,5.77,3.0,3.0,3.0,4.0,5.0,3.0,0,0,1.7699999999999996,0.7699999999999996,0,0
2026-01-27 16:30:00,Gourami,29.26,7.65,5.37,3.0,3.0,3.0,4.0,5.0,3.0,0,0,1.37,0.3700000000000001,0,0
2026-01-27 16:45:00,Gourami,28.95,7.54,5.77,3.0,3.0,3.0,4.0,5.0,3.0,0,0,1.7699999999999996,0.7699999999999996,0,0
2026-01-27 17:00:00,Gourami,28.73,7.69,5.85,3.0,3.0,3.0,4.0,5.0,3.0,0,0,1.8499999999999996,0.8499999999999996,0,0
2026-01-27 17:15:00,Gourami,28.8,7.68,5.5,3.0,3.0,3.0,4.0,5.0,3.0,0,0,1.5,0.5,0,0
2026-01-27 17:30:00,Gourami,29.05,7.67,5.25,3.0,3.0,3.0,4.0,5.0,3.0,0,0,1.25,0.25,0,0
2026-01-27 17:45:00,Gourami,28.42,7.62,5.15,3.0,3.0,3.0,4.0,5.0,3.0,0,0,1.1500000000000004,0.15000000000000036,0,0
2026-01-27 18:00:00,Gourami,28.69,7.89,4.46,3.0,3.0,2.0,4.0,5.0,2.6666666666666665,0,1,0.45999999999999996,-0.54,0,0
2026-01-27 18:15:00,Gourami,28.44,7.59,5.31,3.0,3.0,3.0,4.0,5.0,3.0,0,0,1.3099999999999996,0.3099999999999996,0,0
2026-01-27 18:30:00,Gourami,27.9,7.77,4.9,3.0,3.0,2.0,4.0,5.0,2.6666666666666665,0,1,0.9000000000000004,-0.09999999999999964,0,0
2026-01-27 18:45:00,Gourami,27.89,7.52,5.08,3.0,3.0,3.0,4.0,5.0,3.0,0,0,1.08,0.08000000000000007,0,0
2026-01-27 19:00:00,Gourami,27.85,7.74,4.44,3.0,3.0,2.0,4.0,5.0,2.6666666666666665,0,1,0.4400000000000004,-0.5599999999999996,0,0
2026-01-27 19:15:00,Gourami,27.5,7.61,4.9,3.0,3.0,2.0,4.0,5.0,2.6666666666666665,0,1,0.9000000000000004,-0.09999999999999964,0,0
2026-01-27 19:30:00,Gourami,28.24,7.33,4.27,3.0,3.0,2.0,4.0,5.0,2.6666666666666665,0,1,0.2699999999999996,-0.7300000000000004,0,0
2026-01-27 19:45:00,Gourami,28.18,7.65,5.2,3.0,3.0,3.0,4.0,5.0,3.0,0,0,1.2000000000000002,0.20000000000000018,0,0
2026-01-27 20:00:00,Gourami,27.81,7.84,4.25,3.0,3.0,2.0,4.0,5.0,2.6666666666666665,0,1,0.25,-0.75,0,0
2026-01-27 20:15:00,Gourami,27.56,7.33,4.7,3.0,3.0,2.0,4.0,5.0,2.6666666666666665,0,1,0.7000000000000002,-0.2999999999999998,0,0
2026-01-27 20:30:00,Gourami,27.09,7.59,4.53,3.0,3.0,2.0,4.0,5.0,2.6666666666666665,0,1,0.5300000000000002,-0.46999999999999975,0,0
2026-01-27 20:45:00,Gourami,26.93,7.61,4.31,3.0,3.0,2.0,4.0,5.0,2.6666666666666665,0,1,0.3099999999999996,-0.6900000000000004,0,0
2026-01-27 21:00:00,Gourami,27.3,7.69,4.59,3.0,3.0,2.0,4.0,5.0,2.6666666666666665,0,1,0.5899999999999999,-0.41000000000000014,0,0
2026-01-27 21:15:00,Gourami,27.88,7.51,4.09,3.0,3.0,2.0,4.0,5.0,2.6666666666666665,0,1,0.08999999999999986,-0.9100000000000001,0,0
2026-01-27 21:30:00,Gourami,27.29,7.58,4.15,3.0,3.0,2.0,4.0,5.0,2.6666666666666665,0,1,0.15000000000000036,-0.8499999999999996,0,0
2026-01-27 21:45:00,Gourami,27.29,7.5,4.14,3.0,3.0,2.0,4.0,5.0,2.6666666666666665,0,1,0.13999999999999968,-0.8600000000000003,0,0
2026-01-27 22:00:00,Gourami,27.06,7.4,3.89,3.0,3.0,1.0,4.0,5.0,2.3333333333333335,1,0,-0.10999999999999988,-1.1099999999999999,1,15
2026-01-27 22:15:00,Gourami,27.55,7.49,3.82,3.0,3.0,1.0,4.0,5.0,2.3333333333333335,1,0,-0.18000000000000016,-1.1800000000000002,2,30
2026-01-27 22:30:00,Gourami,26.87,7.46,4.11,3.0,3.0,2.0,4.0,5.0,2.6666666666666665,0,1,0.11000000000000032,-0.8899999999999997,0,0
2026-01-27 22:45:00,Gourami,27.23,7.63,3.48,3.0,3.0,1.0,4.0,5.0,2.3333333333333335,1,0,-0.52,-1.52,1,15
2026-01-27 23:00:00,Gourami,27.12,7.49,4.18,3.0,3.0,2.0,4.0,5.0,2.6666666666666665,0,1,0.17999999999999972,-0.8200000000000003,0,0
2026-01-27 23:15:00,Gourami,26.85,7.52,3.71,3.0,3.0,1.0,4.0,5.0,2.3333333333333335,1,0,-0.29000000000000004,-1.29,1,15
2026-01-27 23:30:00,Gourami,27.45,7.53,3.88,3.0,3.0,1.0,4.0,5.0,2.3333333333333335,1,0,-0.1200000000000001,-1.12,2,30
2026-01-27 23:45:00,Gourami,27.5,7.58,3.52,3.0,3.0,1.0,4.0,5.0,2.3333333333333335,1,0,-0.48,-1.48,3,45
2026-01-28 00:00:00,Gourami,27.21,7.33,3.77,3.0,3.0,1.0,4.0,5.0,2.3333333333333335,1,0,-0.22999999999999998,-1.23,4,60
2026-01-28 00:15:00,Gourami,27.2,7.57,3.78,3.0,3.0,1.0,4.0,5.0,2.3333333333333335,1,0,-0.2200000000000002,-1.2200000000000002,5,75
2026-01-28 00:30:00,Gourami,26.96,7.5,3.67,3.0,3.0,1.0,4.0,5.0,2.3333333333333335,1,0,-0.33000000000000007,-1.33,6,90
2026-01-28 00:45:00,Gourami,27.21,7.45,3.52,3.0,3.0,1.0,4.0,5.0,2.3333333333333335,1,0,-0.48,-1.48,7,105
2026-01-28 01:00:00,Gourami,26.84,7.27,3.98,3.0,3.0,1.0,4.0,5.0,2.3333333333333335,1,0,-0.020000000000000018,-1.02,8,120
2026-01-28 01:15:00,Gourami,27.41,7.62,3.47,3.0,3.0,1.0,4.0,5.0,2.3333333333333335,1,0,-0.5299999999999998,-1.5299999999999998,9,135
2026-01-28 01:30:00,Gourami,27.48,7.52,3.83,3.0,3.0,1.0,4.0,5.0,2.3333333333333335,1,0,-0.16999999999999993,-1.17,10,150
2026-01-28 01:45:00,Gourami,27.52,7.55,3.35,3.0,3.0,1.0,4.0,5.0,2.3333333333333335,1,0,-0.6499999999999999,-1.65,11,165
2026-01-28 02:00:00,Gourami,27.63,7.36,3.7,3.0,3.0,1.0,4.0,5.0,2.3333333333333335,1,0,-0.2999999999999998,-1.2999999999999998,12,180
2026-01-28 02:15:00,Gourami,27.52,7.25,3.93,3.0,3.0,1.0,4.0,5.0,2.3333333333333335,1,0,-0.06999999999999984,-1.0699999999999998,13,195
2026-01-28 02:30:00,Gourami,27.65,7.56,3.69,3.0,3.0,1.0,4.0,5.0,2.3333333333333335,1,0,-0.31000000000000005,-1.31,14,210
2026-01-28 02:45:00,Gourami,27.67,7.46,3.95,3.0,3.0,1.0,4.0,5.0,2.3333333333333335,1,0,-0.04999999999999982,-1.0499999999999998,15,225
2026-01-28 03:00:00,Gourami,28.1,7.44,3.8,3.0,3.0,1.0,4.0,5.0,2.3333333333333335,1,0,-0.20000000000000018,-1.2000000000000002,16,240
2026-01-28 03:15:00,Gourami,28.26,7.43,4.04,3.0,3.0,2.0,4.0,5.0,2.6666666666666665,0,1,0.040000000000000036,-0.96,0,0
2026-01-28 03:30:00,Gourami,28.2,7.53,3.84,3.0,3.0,1.0,4.0,5.0,2.3333333333333335,1,0,-0.16000000000000014,-1.1600000000000001,1,15
2026-01-28 03:45:00,Gourami,28.23,7.51,3.85,3.0,3.0,1.0,4.0,5.0,2.3333333333333335,1,0,-0.1499999999999999,-1.15,2,30
2026-01-28 04:00:00,Gourami,28.11,7.42,3.76,3.0,3.0,1.0,4.0,5.0,2.3333333333333335,1,0,-0.2400000000000002,-1.2400000000000002,3,45
2026-01-28 04:15:00,Gourami,28.81,7.57,4.17,3.0,3.0,2.0,4.0,5.0,2.6666666666666665,0,1,0.16999999999999993,-0.8300000000000001,0,0
2026-01-28 04:30:00,Gourami,28.47,7.66,3.24,3.0,3.0,1.0,4.0,5.0,2.3333333333333335,1,0,-0.7599999999999998,-1.7599999999999998,1,15
2026-01-28 04:45:00,Gourami,28.5,7.33,4.47,3.0,3.0,2.0,4.0,5.0,2.6666666666666665,0,1,0.46999999999999975,-0.5300000000000002,0,0
2026-01-28 05:00:00,Gourami,28.45,7.79,4.24,3.0,3.0,2.0,4.0,5.0,2.6666666666666665,0,1,0.2400000000000002,-0.7599999999999998,0,0
2026-01-28 05:15:00,Gourami,29.22,7.42,3.9,3.0,3.0,1.0,4.0,5.0,2.3333333333333335,1,0,-0.10000000000000009,-1.1,1,15
2026-01-28 05:30:00,Gourami,28.82,7.47,4.48,3.0,3.0,2.0,4.0,5.0,2.6666666666666665,0,1,0.4800000000000004,-0.5199999999999996,0,0
2026-01-28 05:45:00,Gourami,29.27,7.37,4.4,3.0,3.0,2.0,4.0,5.0,2.6666666666666665,0,1,0.40000000000000036,-0.5999999999999996,0,0
2026-01-28 06:00:00,Gourami,29.63,7.48,4.13,3.0,3.0,2.0,4.0,5.0,2.6666666666666665,0,1,0.1299999999999999,-0.8700000000000001,0,0
2026-01-28 06:15:00,Gourami,28.93,7.47,4.6,3.0,3.0,2.0,4.0,5.0,2.6666666666666665,0,1,0.5999999999999996,-0.40000000000000036,0,0
2026-01-28 06:30:00,Gourami,29.03,7.47,4.61,3.0,3.0,2.0,4.0,5.0,2.6666666666666665,0,1,0.6100000000000003,-0.3899999999999997,0,0
2026-01-28 06:45:00,Gourami,29.35,7.37,4.63,3.0,3.0,2.0,4.0,5.0,2.6666666666666665,0,1,0.6299999999999999,-0.3700000000000001,0,0
2026-01-28 07:00:00,Gourami,29.73,7.35,4.74,3.0,3.0,2.0,4.0,5.0,2.6666666666666665,0,1,0.7400000000000002,-0.2599999999999998,0,0
2026-01-28 07:15:00,Gourami,29.32,7.46,4.72,3.0,3.0,2.0,4.0,5.0,2.6666666666666665,0,1,0.7199999999999998,-0.28000000000000025,0,0
2026-01-28 07:30:00,Gourami,29.54,7.77,5.14,3.0,3.0,3.0,4.0,5.0,3.0,0,0,1.1399999999999997,0.13999999999999968,0,0
2026-01-28 07:45:00,Gourami,29.6,7.7,4.88,3.0,3.0,2.0,4.0,5.0,2.6666666666666665,0,1,0.8799999999999999,-0.1200000000000001,0,0
2026-01-28 08:00:00,Gourami,29.91,7.52,5.07,3.0,3.0,3.0,4.0,5.0,3.0,0,0,1.0700000000000003,0.07000000000000028,0,0
2026-01-28 08:15:00,Gourami,29.69,7.64,5.24,3.0,3.0,3.0,4.0,5.0,3.0,0,0,1.2400000000000002,0.2400000000000002,0,0
2026-01-28 08:30:00,Gourami,29.74,7.67,5.1,3.0,3.0,3.0,4.0,5.0,3.0,0,0,1.0999999999999996,0.09999999999999964,0,0
2026-01-28 08:45:00,Gourami,30.08,7.61,5.41,2.0,3.0,3.0,4.0,5.0,2.6666666666666665,0,0,1.4100000000000001,0.41000000000000014,0,0
2026-01-28 09:00:00,Gourami,30.3,7.59,5.13,2.0,3.0,3.0,4.0,5.0,2.6666666666666665,0,0,1.13,0.1299999999999999,0,0
2026-01-28 09:15:00,Gourami,30.48,7.76,4.98,2.0,3.0,2.0,4.0,5.0,2.3333333333333335,0,1,0.9800000000000004,-0.019999999999999574,0,0
2026-01-28 09:30:00,Gourami,29.84,7.53,5.46,3.0,3.0,3.0,4.0,5.0,3.0,0,0,1.46,0.45999999999999996,0,0
2026-01-28 09:45:00,Gourami,30.35,7.74,5.57,2.0,3.0,3.0,4.0,5.0,2.6666666666666665,0,0,1.5700000000000003,0.5700000000000003,0,0
2026-01-28 10:00:00,Gourami,29.7,7.67,5.43,3.0,3.0,3.0,4.0,5.0,3.0,0,0,1.4299999999999997,0.4299999999999997,0,0
2026-01-28 10:15:00,Gourami,30.42,7.64,5.65,2.0,3.0,3.0,4.0,5.0,2.6666666666666665,0,0,1.6500000000000004,0.6500000000000004,0,0
2026-01-28 10:30:00,Gourami,30.04,7.48,5.71,2.0,3.0,3.0,4.0,5.0,2.6666666666666665,0,0,1.71,0.71,0,0
2026-01-28 10:45:00,Gourami,30.08,7.65,5.65,2.0,3.0,3.0,4.0,5.0,2.6666666666666665,0,0,1.6500000000000004,0.6500000000000004,0,0
2026-01-28 11:00:00,Gourami,29.82,7.52,5.76,3.0,3.0,3.0,4.0,5.0,3.0,0,0,1.7599999999999998,0.7599999999999998,0,0
2026-01-28 11:15:00,Gourami,30.05,7.5,5.68,2.0,3.0,3.0,4.0,5.0,2.6666666666666665,0,0,1.6799999999999997,0.6799999999999997,0,0
2026-01-28 11:30:00,Gourami,29.89,7.63,4.99,3.0,3.0,2.0,4.0,5.0,2.6666666666666665,0,1,0.9900000000000002,-0.009999999999999787,0,0
2026-01-28 11:45:00,Gourami,30.27,7.64,6.04,2.0,3.0,3.0,4.0,5.0,2.6666666666666665,0,0,2.04,1.04,0,0
2026-01-28 12:00:00,Gourami,30.02,7.76,5.39,2.0,3.0,3.0,4.0,5.0,2.6666666666666665,0,0,1.3899999999999997,0.3899999999999997,0,0
2026-01-28 12:15:00,Gourami,29.64,7.51,5.43,3.0,3.0,3.0,4.0,5.0,3.0,0,0,1.4299999999999997,0.4299999999999997,0,0
2026-01-28 12:30:00,Gourami,30.41,7.61,5.96,2.0,3.0,3.0,4.0,5.0,2.6666666666666665,0,0,1.96,0.96,0,0
2026-01-28 12:45:00,Gourami,29.56,7.63,4.8,3.0,3.0,2.0,4.0,5.0,2.6666666666666665,0,1,0.7999999999999998,-0.20000000000000018,0,0
2026-01-28 13:00:00,Gourami,30.22,7.8,5.79,2.0,3.0,3.0,4.0,5.0,2.6666666666666665,0,0,1.79,0.79,0,0
2026-01-28 13:15:00,Gourami,30.31,7.55,5.1,2.0,3.0,3.0,4.0,5.0,2.6666666666666665,0,0,1.0999999999999996,0.09999999999999964,0,0
2026-01-28 13:30:00,Gourami,30.13,7.64,5.85,2.0,3.0,3.0,4.0,5.0,2.6666666666666665,0,0,1.8499999999999996,0.8499999999999996,0,0
2026-01-28 13:45:00,Gourami,29.92,7.86,5.63,3.0,3.0,3.0,4.0,5.0,3.0,0,0,1.63,0.6299999999999999,0,0
2026-01-28 14:00:00,Gourami,29.37,7.64,5.66,3.0,3.0,3.0,4.0,5.0,3.0,0,0,1.6600000000000001,0.6600000000000001,0,0
2026-01-28 14:15:00,Gourami,29.45,7.43,5.21,3.0,3.0,3.0,4.0,5.0,3.0,0,0,1.21,0.20999999999999996,0,0
2026-01-28 14:30:00,Gourami,29.25,7.66,5.44,3.0,3.0,3.0,4.0,5.0,3.0,0,0,1.4400000000000004,0.4400000000000004,0,0
2026-01-28 14:45:00,Gourami,29.74,7.76,5.97,3.0,3.0,3.0,4.0,5.0,3.0,0,0,1.9699999999999998,0.9699999999999998,0,0
2026-01-28 15:00:00,Gourami,29.44,7.85,6.24,3.0,3.0,3.0,4.0,5.0,3.0,0,0,2.24,1.2400000000000002,0,0
2026-01-28 15:15:00,Gourami,29.58,7.65,5.66,3.0,3.0,3.0,4.0,5.0,3.0,0,0,1.6600000000000001,0.6600000000000001,0,0
2026-01-28 15:30:00,Gourami,29.12,7.74,5.55,3.0,3.0,3.0,4.0,5.0,3.0,0,0,1.5499999999999998,0.5499999999999998,0,0
2026-01-28 15:45:00,Gourami,28.89,7.7,5.6,3.0,3.0,3.0,4.0,5.0,3.0,0,0,1.5999999999999996,0.5999999999999996,0,0
2026-01-28 16:00:00,Gourami,28.89,7.83,5.34,3.0,3.0,3.0,4.0,5.0,3.0,0,0,1.3399999999999999,0.33999999999999986,0,0
2026-01-28 16:15:00,Gourami,29.39,7.72,5.85,3.0,3.0,3.0,4.0,5.0,3.0,0,0,1.8499999999999996,0.8499999999999996,0,0
2026-01-28 16:30:00,Gourami,28.5,7.78,5.45,3.0,3.0,3.0,4.0,5.0,3.0,0,0,1.4500000000000002,0.4500000000000002,0,0
2026-01-28 16:45:00,Gourami,29.04,7.65,5.49,3.0,3.0,3.0,4.0,5.0,3.0,0,0,1.4900000000000002,0.4900000000000002,0,0
2026-01-28 17:00:00,Gourami,29.01,7.57,5.61,3.0,3.0,3.0,4.0,5.0,3.0,0,0,1.6100000000000003,0.6100000000000003,0,0
2026-01-28 17:15:00,Gourami,28.34,7.82,4.9,3.0,3.0,2.0,4.0,5.0,2.6666666666666665,0,1,0.9000000000000004,-0.09999999999999964,0,0
2026-01-28 17:30:00,Gourami,28.43,7.47,5.13,3.0,3.0,3.0,4.0,5.0,3.0,0,0,1.13,0.1299999999999999,0,0
2026-01-28 17:45:00,Gourami,28.2,7.67,5.25,3.0,3.0,3.0,4.0,5.0,3.0,0,0,1.25,0.25,0,0
2026-01-28 18:00:00,Gourami,28.7,7.57,5.08,3.0,3.0,3.0,4.0,5.0,3.0,0,0,1.08,0.08000000000000007,0,0
2026-01-28 18:15:00,Gourami,27.75,7.52,4.95,3.0,3.0,2.0,4.0,5.0,2.6666666666666665,0,1,0.9500000000000002,-0.04999999999999982,0,0
2026-01-28 18:30:00,Gourami,28.6,7.53,5.0,3.0,3.0,3.0,4.0,5.0,3.0,0,0,1.0,0.0,0,0
2026-01-28 18:45:00,Gourami,27.87,7.51,4.61,3.0,3.0,2.0,4.0,5.0,2.6666666666666665,0,1,0.6100000000000003,-0.3899999999999997,0,0
2026-01-28 19:00:00,Gourami,27.79,7.63,4.68,3.0,3.0,2.0,4.0,5.0,2.6666666666666665,0,1,0.6799999999999997,-0.3200000000000003,0,0
2026-01-28 19:15:00,Gourami,27.98,7.45,4.43,3.0,3.0,2.0,4.0,5.0,2.6666666666666665,0,1,0.4299999999999997,-0.5700000000000003,0,0
2026-01-28 19:30:00,Gourami,27.68,7.75,4.75,3.0,3.0,2.0,4.0,5.0,2.6666666666666665,0,1,0.75,-0.25,0,0
2026-01-28 19:45:00,Gourami,27.43,7.81,4.84,3.0,3.0,2.0,4.0,5.0,2.6666666666666665,0,1,0.8399999999999999,-0.16000000000000014,0,0
2026-01-28 20:00:00,Gourami,27.34,7.62,4.42,3.0,3.0,2.0,4.0,5.0,2.6666666666666665,0,1,0.41999999999999993,-0.5800000000000001,0,0
2026-01-28 20:15:00,Gourami,27.49,7.56,4.81,3.0,3.0,2.0,4.0,5.0,2.6666666666666665,0,1,0.8099999999999996,-0.1900000000000004,0,0
2026-01-28 20:30:00,Gourami,27.63,7.75,4.39,3.0,3.0,2.0,4.0,5.0,2.6666666666666665,0,1,0.3899999999999997,-0.6100000000000003,0,0
2026-01-28 20:45:00,Gourami,27.31,7.45,4.43,3.0,3.0,2.0,4.0,5.0,2.6666666666666665,0,1,0.4299999999999997,-0.5700000000000003,0,0
2026-01-28 21:00:00,Gourami,27.58,7.68,4.29,3.0,3.0,2.0,4.0,5.0,2.6666666666666665,0,1,0.29000000000000004,-0.71,0,0
2026-01-28 21:15:00,Gourami,27.32,7.73,4.0,3.0,3.0,2.0,4.0,5.0,2.6666666666666665,0,1,0.0,-1.0,0,0
2026-01-28 21:30:00,Gourami,27.15,7.56,4.26,3.0,3.0,2.0,4.0,5.0,2.6666666666666665,0,1,0.2599999999999998,-0.7400000000000002,0,0
2026-01-28 21:45:00,Gourami,27.05,7.51,3.85,3.0,3.0,1.0,4.0,5.0,2.3333333333333335,1,0,-0.1499999999999999,-1.15,1,15
2026-01-28 22:00:00,Gourami,26.88,7.61,4.2,3.0,3.0,2.0,4.0,5.0,2.6666666666666665,0,1,0.20000000000000018,-0.7999999999999998,0,0
2026-01-28 22:15:00,Gourami,26.71,7.45,3.99,3.0,3.0,1.0,4.0,5.0,2.3333333333333335,1,0,-0.009999999999999787,-1.0099999999999998,1,15
2026-01-28 22:30:00,Gourami,27.18,7.52,3.8,3.0,3.0,1.0,4.0,5.0,2.3333333333333335,1,0,-0.20000000000000018,-1.2000000000000002,2,30
2026-01-28 22:45:00,Gourami,26.78,7.5,3.94,3.0,3.0,1.0,4.0,5.0,2.3333333333333335,1,0,-0.06000000000000005,-1.06,3,45
2026-01-28 23:00:00,Gourami,27.41,7.7,4.03,3.0,3.0,2.0,4.0,5.0,2.6666666666666665,0,1,0.03000000000000025,-0.9699999999999998,0,0
2026-01-28 23:15:00,Gourami,27.15,7.38,3.96,3.0,3.0,1.0,4.0,5.0,2.3333333333333335,1,0,-0.040000000000000036,-1.04,1,15
2026-01-28 23:30:00,Gourami,26.98,7.43,3.15,3.0,3.0,1.0,4.0,5.0,2.3333333333333335,1,0,-0.8500000000000001,-1.85,2,30
2026-01-28 23:45:00,Gourami,26.87,7.43,3.23,3.0,3.0,1.0,4.0,5.0,2.3333333333333335,1,0,-0.77,-1.77,3,45
2026-02-12 00:00:00,Nilem,25.91,7.21,4.81,2.0,3.0,2.0,4.0,5.0,2.3333333333333335,0,1,0.8099999999999996,-0.1900000000000004,0,0
2026-02-12 00:15:00,Nilem,26.38,7.71,4.52,3.0,3.0,2.0,4.0,5.0,2.6666666666666665,0,1,0.5199999999999996,-0.4800000000000004,0,0
2026-02-12 00:30:00,Nilem,26.02,7.44,4.2,3.0,3.0,2.0,4.0,5.0,2.6666666666666665,0,1,0.20000000000000018,-0.7999999999999998,0,0
2026-02-12 00:45:00,Nilem,26.37,7.38,4.56,3.0,3.0,2.0,4.0,5.0,2.6666666666666665,0,1,0.5599999999999996,-0.4400000000000004,0,0
2026-02-12 01:00:00,Nilem,26.05,7.3,4.09,3.0,3.0,2.0,4.0,5.0,2.6666666666666665,0,1,0.08999999999999986,-0.9100000000000001,0,0
2026-02-12 01:15:00,Nilem,26.31,7.43,4.63,3.0,3.0,2.0,4.0,5.0,2.6666666666666665,0,1,0.6299999999999999,-0.3700000000000001,0,0
2026-02-12 01:30:00,Nilem,26.49,7.51,4.68,3.0,3.0,2.0,4.0,5.0,2.6666666666666665,0,1,0.6799999999999997,-0.3200000000000003,0,0
2026-02-12 01:45:00,Nilem,26.34,7.37,4.3,3.0,3.0,2.0,4.0,5.0,2.6666666666666665,0,1,0.2999999999999998,-0.7000000000000002,0,0
2026-02-12 02:00:00,Nilem,26.42,7.39,4.23,3.0,3.0,2.0,4.0,5.0,2.6666666666666665,0,1,0.23000000000000043,-0.7699999999999996,0,0
2026-02-12 02:15:00,Nilem,26.24,7.19,4.16,3.0,3.0,2.0,4.0,5.0,2.6666666666666665,0,1,0.16000000000000014,-0.8399999999999999,0,0
2026-02-12 02:30:00,Nilem,26.55,7.5,4.39,3.0,3.0,2.0,4.0,5.0,2.6666666666666665,0,1,0.3899999999999997,-0.6100000000000003,0,0
2026-02-12 02:45:00,Nilem,26.87,7.43,4.58,3.0,3.0,2.0,4.0,5.0,2.6666666666666665,0,1,0.5800000000000001,-0.41999999999999993,0,0
2026-02-12 03:00:00,Nilem,26.32,7.25,4.03,3.0,3.0,2.0,4.0,5.0,2.6666666666666665,0,1,0.03000000000000025,-0.9699999999999998,0,0
2026-02-12 03:15:00,Nilem,26.95,7.42,4.97,3.0,3.0,2.0,4.0,5.0,2.6666666666666665,0,1,0.9699999999999998,-0.03000000000000025,0,0
2026-02-12 03:30:00,Nilem,26.99,7.66,4.85,3.0,3.0,2.0,4.0,5.0,2.6666666666666665,0,1,0.8499999999999996,-0.15000000000000036,0,0
2026-02-12 03:45:00,Nilem,27.39,7.5,4.89,3.0,3.0,2.0,4.0,5.0,2.6666666666666665,0,1,0.8899999999999997,-0.11000000000000032,0,0
2026-02-12 04:00:00,Nilem,27.41,7.41,4.54,3.0,3.0,2.0,4.0,5.0,2.6666666666666665,0,1,0.54,-0.45999999999999996,0,0
2026-02-12 04:15:00,Nilem,26.37,7.25,4.4,3.0,3.0,2.0,4.0,5.0,2.6666666666666665,0,1,0.40000000000000036,-0.5999999999999996,0,0
2026-02-12 04:30:00,Nilem,26.95,7.23,4.55,3.0,3.0,2.0,4.0,5.0,2.6666666666666665,0,1,0.5499999999999998,-0.4500000000000002,0,0
2026-02-12 04:45:00,Nilem,27.4,7.45,4.87,3.0,3.0,2.0,4.0,5.0,2.6666666666666665,0,1,0.8700000000000001,-0.1299999999999999,0,0
2026-02-12 05:00:00,Nilem,27.66,7.34,4.68,3.0,3.0,2.0,4.0,5.0,2.6666666666666665,0,1,0.6799999999999997,-0.3200000000000003,0,0
2026-02-12 05:15:00,Nilem,27.92,7.25,4.89,3.0,3.0,2.0,4.0,5.0,2.6666666666666665,0,1,0.8899999999999997,-0.11000000000000032,0,0
2026-02-12 05:30:00,Nilem,27.8,7.29,4.6,3.0,3.0,2.0,4.0,5.0,2.6666666666666665,0,1,0.5999999999999996,-0.40000000000000036,0,0
2026-02-12 05:45:00,Nilem,27.78,7.13,4.13,3.0,3.0,2.0,4.0,5.0,2.6666666666666665,0,1,0.1299999999999999,-0.8700000000000001,0,0
2026-02-12 06:00:00,Nilem,28.18,7.37,5.08,3.0,3.0,3.0,4.0,5.0,3.0,0,0,1.08,0.08000000000000007,0,0
2026-02-12 06:15:00,Nilem,28.1,7.56,5.11,3.0,3.0,3.0,4.0,5.0,3.0,0,0,1.1100000000000003,0.11000000000000032,0,0
2026-02-12 06:30:00,Nilem,28.63,7.31,5.84,3.0,3.0,3.0,4.0,5.0,3.0,0,0,1.8399999999999999,0.8399999999999999,0,0
2026-02-12 06:45:00,Nilem,28.47,7.53,5.51,3.0,3.0,3.0,4.0,5.0,3.0,0,0,1.5099999999999998,0.5099999999999998,0,0
2026-02-12 07:00:00,Nilem,28.27,7.22,5.58,3.0,3.0,3.0,4.0,5.0,3.0,0,0,1.58,0.5800000000000001,0,0
2026-02-12 07:15:00,Nilem,28.73,7.31,5.0,3.0,3.0,3.0,4.0,5.0,3.0,0,0,1.0,0.0,0,0
2026-02-12 07:30:00,Nilem,28.26,7.3,4.73,3.0,3.0,2.0,4.0,5.0,2.6666666666666665,0,1,0.7300000000000004,-0.2699999999999996,0,0
2026-02-12 07:45:00,Nilem,28.88,7.37,5.76,3.0,3.0,3.0,4.0,5.0,3.0,0,0,1.7599999999999998,0.7599999999999998,0,0
2026-02-12 08:00:00,Nilem,28.93,7.48,5.88,3.0,3.0,3.0,4.0,5.0,3.0,0,0,1.88,0.8799999999999999,0,0
2026-02-12 08:15:00,Nilem,28.66,7.5,5.77,3.0,3.0,3.0,4.0,5.0,3.0,0,0,1.7699999999999996,0.7699999999999996,0,0
2026-02-12 08:30:00,Nilem,28.91,7.57,6.09,3.0,3.0,3.0,4.0,5.0,3.0,0,0,2.09,1.0899999999999999,0,0
2026-02-12 08:45:00,Nilem,28.96,7.59,6.47,3.0,3.0,3.0,4.0,5.0,3.0,0,0,2.4699999999999998,1.4699999999999998,0,0
2026-02-12 09:00:00,Nilem,28.97,7.74,6.03,3.0,3.0,3.0,4.0,5.0,3.0,0,0,2.0300000000000002,1.0300000000000002,0,0
2026-02-12 09:15:00,Nilem,28.87,7.68,6.39,3.0,3.0,3.0,4.0,5.0,3.0,0,0,2.3899999999999997,1.3899999999999997,0,0
2026-02-12 09:30:00,Nilem,28.94,7.63,6.27,3.0,3.0,3.0,4.0,5.0,3.0,0,0,2.2699999999999996,1.2699999999999996,0,0
2026-02-12 09:45:00,Nilem,29.26,7.46,6.36,2.0,3.0,3.0,4.0,5.0,2.6666666666666665,0,0,2.3600000000000003,1.3600000000000003,0,0
2026-02-12 10:00:00,Nilem,29.27,7.52,6.52,2.0,3.0,3.0,4.0,5.0,2.6666666666666665,0,0,2.5199999999999996,1.5199999999999996,0,0
2026-02-12 10:15:00,Nilem,29.11,7.53,6.16,2.0,3.0,3.0,4.0,5.0,2.6666666666666665,0,0,2.16,1.1600000000000001,0,0
2026-02-12 10:30:00,Nilem,29.11,7.47,6.38,2.0,3.0,3.0,4.0,5.0,2.6666666666666665,0,0,2.38,1.38,0,0
2026-02-12 10:45:00,Nilem,29.18,7.69,6.55,2.0,3.0,3.0,4.0,5.0,2.6666666666666665,0,0,2.55,1.5499999999999998,0,0
2026-02-12 11:00:00,Nilem,29.1,7.42,6.45,2.0,3.0,3.0,4.0,5.0,2.6666666666666665,0,0,2.45,1.4500000000000002,0,0
2026-02-12 11:15:00,Nilem,29.3,7.54,6.47,2.0,3.0,3.0,4.0,5.0,2.6666666666666665,0,0,2.4699999999999998,1.4699999999999998,0,0
2026-02-12 11:30:00,Nilem,29.35,7.49,6.95,2.0,3.0,3.0,4.0,5.0,2.6666666666666665,0,0,2.95,1.9500000000000002,0,0
2026-02-12 11:45:00,Nilem,29.66,7.7,7.05,2.0,3.0,3.0,4.0,5.0,2.6666666666666665,0,0,3.05,2.05,0,0
2026-02-12 12:00:00,Nilem,29.38,7.46,6.87,2.0,3.0,3.0,4.0,5.0,2.6666666666666665,0,0,2.87,1.87,0,0
2026-02-12 12:15:00,Nilem,29.5,7.7,6.78,2.0,3.0,3.0,4.0,5.0,2.6666666666666665,0,0,2.7800000000000002,1.7800000000000002,0,0
2026-02-12 12:30:00,Nilem,29.04,7.53,6.32,2.0,3.0,3.0,4.0,5.0,2.6666666666666665,0,0,2.3200000000000003,1.3200000000000003,0,0
2026-02-12 12:45:00,Nilem,29.34,7.53,6.74,2.0,3.0,3.0,4.0,5.0,2.6666666666666665,0,0,2.74,1.7400000000000002,0,0
2026-02-12 13:00:00,Nilem,29.29,7.74,6.8,2.0,3.0,3.0,4.0,5.0,2.6666666666666665,0,0,2.8,1.7999999999999998,0,0
2026-02-12 13:15:00,Nilem,28.89,7.71,6.63,3.0,3.0,3.0,4.0,5.0,3.0,0,0,2.63,1.63,0,0
2026-02-12 13:30:00,Nilem,29.04,7.54,6.77,2.0,3.0,3.0,4.0,5.0,2.6666666666666665,0,0,2.7699999999999996,1.7699999999999996,0,0
2026-02-12 13:45:00,Nilem,28.97,7.65,6.32,3.0,3.0,3.0,4.0,5.0,3.0,0,0,2.3200000000000003,1.3200000000000003,0,0
2026-02-12 14:00:00,Nilem,28.75,7.58,6.49,3.0,3.0,3.0,4.0,5.0,3.0,0,0,2.49,1.4900000000000002,0,0
2026-02-12 14:15:00,Nilem,28.58,7.75,6.82,3.0,3.0,3.0,4.0,5.0,3.0,0,0,2.8200000000000003,1.8200000000000003,0,0
2026-02-12 14:30:00,Nilem,28.51,7.71,6.86,3.0,3.0,3.0,4.0,5.0,3.0,0,0,2.8600000000000003,1.8600000000000003,0,0
2026-02-12 14:45:00,Nilem,28.52,7.57,6.58,3.0,3.0,3.0,4.0,5.0,3.0,0,0,2.58,1.58,0,0
2026-02-12 15:00:00,Nilem,28.82,7.75,6.5,3.0,3.0,3.0,4.0,5.0,3.0,0,0,2.5,1.5,0,0
2026-02-12 15:15:00,Nilem,28.41,7.45,6.6,3.0,3.0,3.0,4.0,5.0,3.0,0,0,2.5999999999999996,1.5999999999999996,0,0
2026-02-12 15:30:00,Nilem,28.45,7.85,6.47,3.0,3.0,3.0,4.0,5.0,3.0,0,0,2.4699999999999998,1.4699999999999998,0,0
2026-02-12 15:45:00,Nilem,27.95,7.82,6.46,3.0,3.0,3.0,4.0,5.0,3.0,0,0,2.46,1.46,0,0
2026-02-12 16:00:00,Nilem,28.34,7.64,6.47,3.0,3.0,3.0,4.0,5.0,3.0,0,0,2.4699999999999998,1.4699999999999998,0,0
2026-02-12 16:15:00,Nilem,28.16,7.63,6.65,3.0,3.0,3.0,4.0,5.0,3.0,0,0,2.6500000000000004,1.6500000000000004,0,0
2026-02-12 16:30:00,Nilem,27.64,7.7,6.21,3.0,3.0,3.0,4.0,5.0,3.0,0,0,2.21,1.21,0,0
2026-02-12 16:45:00,Nilem,27.86,7.49,6.47,3.0,3.0,3.0,4.0,5.0,3.0,0,0,2.4699999999999998,1.4699999999999998,0,0
2026-02-12 17:00:00,Nilem,27.58,7.44,5.74,3.0,3.0,3.0,4.0,5.0,3.0,0,0,1.7400000000000002,0.7400000000000002,0,0
2026-02-12 17:15:00,Nilem,27.44,7.53,6.05,3.0,3.0,3.0,4.0,5.0,3.0,0,0,2.05,1.0499999999999998,0,0
2026-02-12 17:30:00,Nilem,27.48,7.63,6.19,3.0,3.0,3.0,4.0,5.0,3.0,0,0,2.1900000000000004,1.1900000000000004,0,0
2026-02-12 17:45:00,Nilem,27.7,7.6,5.7,3.0,3.0,3.0,4.0,5.0,3.0,0,0,1.7000000000000002,0.7000000000000002,0,0
2026-02-12 18:00:00,Nilem,27.48,7.62,6.14,3.0,3.0,3.0,4.0,5.0,3.0,0,0,2.1399999999999997,1.1399999999999997,0,0
2026-02-12 18:15:00,Nilem,27.21,7.52,5.57,3.0,3.0,3.0,4.0,5.0,3.0,0,0,1.5700000000000003,0.5700000000000003,0,0
2026-02-12 18:30:00,Nilem,26.84,7.59,5.9,3.0,3.0,3.0,4.0,5.0,3.0,0,0,1.9000000000000004,0.9000000000000004,0,0
2026-02-12 18:45:00,Nilem,26.88,7.65,5.64,3.0,3.0,3.0,4.0,5.0,3.0,0,0,1.6399999999999997,0.6399999999999997,0,0
2026-02-12 19:00:00,Nilem,26.02,7.71,5.12,3.0,3.0,3.0,4.0,5.0,3.0,0,0,1.12,0.1200000000000001,0,0
2026-02-12 19:15:00,Nilem,26.32,7.6,5.06,3.0,3.0,3.0,4.0,5.0,3.0,0,0,1.0599999999999996,0.05999999999999961,0,0
2026-02-12 19:30:00,Nilem,26.33,7.38,4.7,3.0,3.0,2.0,4.0,5.0,2.6666666666666665,0,1,0.7000000000000002,-0.2999999999999998,0,0
2026-02-12 19:45:00,Nilem,26.61,7.34,5.53,3.0,3.0,3.0,4.0,5.0,3.0,0,0,1.5300000000000002,0.5300000000000002,0,0
2026-02-12 20:00:00,Nilem,26.51,7.39,5.18,3.0,3.0,3.0,4.0,5.0,3.0,0,0,1.1799999999999997,0.17999999999999972,0,0
2026-02-12 20:15:00,Nilem,26.37,7.47,5.16,3.0,3.0,3.0,4.0,5.0,3.0,0,0,1.1600000000000001,0.16000000000000014,0,0
2026-02-12 20:30:00,Nilem,26.26,7.54,5.43,3.0,3.0,3.0,4.0,5.0,3.0,0,0,1.4299999999999997,0.4299999999999997,0,0
2026-02-12 20:45:00,Nilem,26.48,7.51,4.84,3.0,3.0,2.0,4.0,5.0,2.6666666666666665,0,1,0.8399999999999999,-0.16000000000000014,0,0
2026-02-12 21:00:00,Nilem,26.5,7.5,5.11,3.0,3.0,3.0,4.0,5.0,3.0,0,0,1.1100000000000003,0.11000000000000032,0,0
2026-02-12 21:15:00,Nilem,25.94,7.37,4.78,2.0,3.0,2.0,4.0,5.0,2.3333333333333335,0,1,0.7800000000000002,-0.21999999999999975,0,0
2026-02-12 21:30:00,Nilem,26.14,7.57,4.63,3.0,3.0,2.0,4.0,5.0,2.6666666666666665,0,1,0.6299999999999999,-0.3700000000000001,0,0
2026-02-12 21:45:00,Nilem,25.98,7.39,4.88,2.0,3.0,2.0,4.0,5.0,2.3333333333333335,0,1,0.8799999999999999,-0.1200000000000001,0,0
2026-02-12 22:00:00,Nilem,25.93,7.38,4.93,2.0,3.0,2.0,4.0,5.0,2.3333333333333335,0,1,0.9299999999999997,-0.07000000000000028,0,0
2026-02-12 22:15:00,Nilem,25.98,7.5,4.66,2.0,3.0,2.0,4.0,5.0,2.3333333333333335,0,1,0.6600000000000001,-0.33999999999999986,0,0
2026-02-12 22:30:00,Nilem,26.5,7.54,4.54,3.0,3.0,2.0,4.0,5.0,2.6666666666666665,0,1,0.54,-0.45999999999999996,0,0
2026-02-12 22:45:00,Nilem,26.28,7.43,4.17,3.0,3.0,2.0,4.0,5.0,2.6666666666666665,0,1,0.16999999999999993,-0.8300000000000001,0,0
2026-02-12 23:00:00,Nilem,26.2,7.26,4.83,3.0,3.0,2.0,4.0,5.0,2.6666666666666665,0,1,0.8300000000000001,-0.16999999999999993,0,0
2026-02-12 23:15:00,Nilem,25.79,7.48,4.27,2.0,3.0,2.0,4.0,5.0,2.3333333333333335,0,1,0.2699999999999996,-0.7300000000000004,0,0
2026-02-12 23:30:00,Nilem,26.15,7.4,4.41,3.0,3.0,2.0,4.0,5.0,2.6666666666666665,0,1,0.41000000000000014,-0.5899999999999999,0,0
2026-02-12 23:45:00,Nilem,25.79,7.49,4.81,2.0,3.0,2.0,4.0,5.0,2.3333333333333335,0,1,0.8099999999999996,-0.1900000000000004,0,0
2026-02-13 00:00:00,Nilem,26.49,7.45,4.56,3.0,3.0,2.0,4.0,5.0,2.6666666666666665,0,1,0.5599999999999996,-0.4400000000000004,0,0
2026-02-13 00:15:00,Nilem,26.32,7.56,4.36,3.0,3.0,2.0,4.0,5.0,2.6666666666666665,0,1,0.3600000000000003,-0.6399999999999997,0,0
2026-02-13 00:30:00,Nilem,26.09,7.19,3.67,3.0,3.0,1.0,4.0,5.0,2.3333333333333335,1,0,-0.33000000000000007,-1.33,1,15
2026-02-13 00:45:00,Nilem,25.88,7.26,4.48,2.0,3.0,2.0,4.0,5.0,2.3333333333333335,0,1,0.4800000000000004,-0.5199999999999996,0,0
2026-02-13 01:00:00,Nilem,25.86,7.44,3.8,2.0,3.0,1.0,4.0,5.0,2.0,1,0,-0.20000000000000018,-1.2000000000000002,1,15
2026-02-13 01:15:00,Nilem,25.4,7.29,3.0,2.0,3.0,1.0,4.0,5.0,2.0,1,0,-1.0,-2.0,2,30
2026-02-13 01:30:00,Nilem,25.83,7.06,3.56,2.0,3.0,1.0,4.0,5.0,2.0,1,0,-0.43999999999999995,-1.44,3,45
2026-02-13 01:45:00,Nilem,26.22,7.43,4.07,3.0,3.0,2.0,4.0,5.0,2.6666666666666665,0,1,0.07000000000000028,-0.9299999999999997,0,0
2026-02-13 02:00:00,Nilem,26.44,7.52,3.98,3.0,3.0,1.0,4.0,5.0,2.3333333333333335,1,0,-0.020000000000000018,-1.02,1,15
2026-02-13 02:15:00,Nilem,27.01,7.37,4.66,3.0,3.0,2.0,4.0,5.0,2.6666666666666665,0,1,0.6600000000000001,-0.33999999999999986,0,0
2026-02-13 02:30:00,Nilem,26.83,7.26,4.15,3.0,3.0,2.0,4.0,5.0,2.6666666666666665,0,1,0.15000000000000036,-0.8499999999999996,0,0
2026-02-13 02:45:00,Nilem,25.99,7.19,2.81,2.0,3.0,1.0,4.0,5.0,2.0,1,0,-1.19,-2.19,1,15
2026-02-13 03:00:00,Nilem,27.05,7.32,4.59,3.0,3.0,2.0,4.0,5.0,2.6666666666666665,0,1,0.5899999999999999,-0.41000000000000014,0,0
2026-02-13 03:15:00,Nilem,26.92,7.42,4.29,3.0,3.0,2.0,4.0,5.0,2.6666666666666665,0,1,0.29000000000000004,-0.71,0,0
2026-02-13 03:30:00,Nilem,27.37,7.39,4.41,3.0,3.0,2.0,4.0,5.0,2.6666666666666665,0,1,0.41000000000000014,-0.5899999999999999,0,0
2026-02-13 03:45:00,Nilem,27.01,7.69,4.31,3.0,3.0,2.0,4.0,5.0,2.6666666666666665,0,1,0.3099999999999996,-0.6900000000000004,0,0
2026-02-13 04:00:00,Nilem,27.11,7.46,4.26,3.0,3.0,2.0,4.0,5.0,2.6666666666666665,0,1,0.2599999999999998,-0.7400000000000002,0,0
2026-02-13 04:15:00,Nilem,27.51,7.54,4.39,3.0,3.0,2.0,4.0,5.0,2.6666666666666665,0,1,0.3899999999999997,-0.6100000000000003,0,0
2026-02-13 04:30:00,Nilem,27.81,7.42,4.24,3.0,3.0,2.0,4.0,5.0,2.6666666666666665,0,1,0.2400000000000002,-0.7599999999999998,0,0
2026-02-13 04:45:00,Nilem,27.77,7.41,4.58,3.0,3.0,2.0,4.0,5.0,2.6666666666666665,0,1,0.5800000000000001,-0.41999999999999993,0,0
2026-02-13 05:00:00,Nilem,28.13,7.54,5.31,3.0,3.0,3.0,4.0,5.0,3.0,0,0,1.3099999999999996,0.3099999999999996,0,0
2026-02-13 05:15:00,Nilem,27.66,7.26,5.23,3.0,3.0,3.0,4.0,5.0,3.0,0,0,1.2300000000000004,0.23000000000000043,0,0
2026-02-13 05:30:00,Nilem,28.06,7.62,5.0,3.0,3.0,3.0,4.0,5.0,3.0,0,0,1.0,0.0,0,0
2026-02-13 05:45:00,Nilem,28.61,7.49,5.32,3.0,3.0,3.0,4.0,5.0,3.0,0,0,1.3200000000000003,0.3200000000000003,0,0
2026-02-13 06:00:00,Nilem,28.06,7.52,5.0,3.0,3.0,3.0,4.0,5.0,3.0,0,0,1.0,0.0,0,0
2026-02-13 06:15:00,Nilem,28.33,7.49,6.09,3.0,3.0,3.0,4.0,5.0,3.0,0,0,2.09,1.0899999999999999,0,0
2026-02-13 06:30:00,Nilem,28.55,7.51,5.64,3.0,3.0,3.0,4.0,5.0,3.0,0,0,1.6399999999999997,0.6399999999999997,0,0
2026-02-13 06:45:00,Nilem,28.14,7.6,5.61,3.0,3.0,3.0,4.0,5.0,3.0,0,0,1.6100000000000003,0.6100000000000003,0,0
2026-02-13 07:00:00,Nilem,28.56,7.36,5.14,3.0,3.0,3.0,4.0,5.0,3.0,0,0,1.1399999999999997,0.13999999999999968,0,0
2026-02-13 07:15:00,Nilem,28.55,7.58,5.48,3.0,3.0,3.0,4.0,5.0,3.0,0,0,1.4800000000000004,0.4800000000000004,0,0
2026-02-13 07:30:00,Nilem,28.73,7.39,5.79,3.0,3.0,3.0,4.0,5.0,3.0,0,0,1.79,0.79,0,0
2026-02-13 07:45:00,Nilem,28.57,7.41,5.95,3.0,3.0,3.0,4.0,5.0,3.0,0,0,1.9500000000000002,0.9500000000000002,0,0
2026-02-13 08:00:00,Nilem,29.04,7.6,6.12,2.0,3.0,3.0,4.0,5.0,2.6666666666666665,0,0,2.12,1.12,0,0
2026-02-13 08:15:00,Nilem,28.71,7.33,5.88,3.0,3.0,3.0,4.0,5.0,3.0,0,0,1.88,0.8799999999999999,0,0
2026-02-13 08:30:00,Nilem,29.32,7.5,6.21,2.0,3.0,3.0,4.0,5.0,2.6666666666666665,0,0,2.21,1.21,0,0
2026-02-13 08:45:00,Nilem,29.01,7.54,6.37,2.0,3.0,3.0,4.0,5.0,2.6666666666666665,0,0,2.37,1.37,0,0
2026-02-13 09:00:00,Nilem,29.02,7.68,6.08,2.0,3.0,3.0,4.0,5.0,2.6666666666666665,0,0,2.08,1.08,0,0
2026-02-13 09:15:00,Nilem,29.19,7.64,6.04,2.0,3.0,3.0,4.0,5.0,2.6666666666666665,0,0,2.04,1.04,0,0
2026-02-13 09:30:00,Nilem,29.21,7.72,6.14,2.0,3.0,3.0,4.0,5.0,2.6666666666666665,0,0,2.1399999999999997,1.1399999999999997,0,0
2026-02-13 09:45:00,Nilem,28.92,7.55,5.71,3.0,3.0,3.0,4.0,5.0,3.0,0,0,1.71,0.71,0,0
2026-02-13 10:00:00,Nilem,29.67,7.61,6.38,2.0,3.0,3.0,4.0,5.0,2.6666666666666665,0,0,2.38,1.38,0,0
2026-02-13 10:15:00,Nilem,29.26,7.71,6.72,2.0,3.0,3.0,4.0,5.0,2.6666666666666665,0,0,2.7199999999999998,1.7199999999999998,0,0
2026-02-13 10:30:00,Nilem,29.37,7.58,6.86,2.0,3.0,3.0,4.0,5.0,2.6666666666666665,0,0,2.8600000000000003,1.8600000000000003,0,0
2026-02-13 10:45:00,Nilem,29.44,7.55,6.36,2.0,3.0,3.0,4.0,5.0,2.6666666666666665,0,0,2.3600000000000003,1.3600000000000003,0,0
2026-02-13 11:00:00,Nilem,29.46,7.65,6.44,2.0,3.0,3.0,4.0,5.0,2.6666666666666665,0,0,2.4400000000000004,1.4400000000000004,0,0
2026-02-13 11:15:00,Nilem,29.16,7.48,6.08,2.0,3.0,3.0,4.0,5.0,2.6666666666666665,0,0,2.08,1.08,0,0
2026-02-13 11:30:00,Nilem,28.85,7.52,5.77,3.0,3.0,3.0,4.0,5.0,3.0,0,0,1.7699999999999996,0.7699999999999996,0,0
2026-02-13 11:45:00,Nilem,28.87,7.57,6.24,3.0,3.0,3.0,4.0,5.0,3.0,0,0,2.24,1.2400000000000002,0,0
2026-02-13 12:00:00,Nilem,29.28,7.47,6.33,2.0,3.0,3.0,4.0,5.0,2.6666666666666665,0,0,2.33,1.33,0,0
2026-02-13 12:15:00,Nilem,28.44,7.21,5.51,3.0,3.0,3.0,4.0,5.0,3.0,0,0,1.5099999999999998,0.5099999999999998,0,0
2026-02-13 12:30:00,Nilem,28.79,7.59,6.14,3.0,3.0,3.0,4.0,5.0,3.0,0,0,2.1399999999999997,1.1399999999999997,0,0
2026-02-13 12:45:00,Nilem,28.86,7.67,6.58,3.0,3.0,3.0,4.0,5.0,3.0,0,0,2.58,1.58,0,0
2026-02-13 13:00:00,Nilem,28.84,7.34,6.75,3.0,3.0,3.0,4.0,5.0,3.0,0,0,2.75,1.75,0,0
2026-02-13 13:15:00,Nilem,29.14,7.62,6.59,2.0,3.0,3.0,4.0,5.0,2.6666666666666665,0,0,2.59,1.5899999999999999,0,0
2026-02-13 13:30:00,Nilem,28.47,7.42,6.62,3.0,3.0,3.0,4.0,5.0,3.0,0,0,2.62,1.62,0,0
2026-02-13 13:45:00,Nilem,28.57,7.47,6.76,3.0,3.0,3.0,4.0,5.0,3.0,0,0,2.76,1.7599999999999998,0,0
2026-02-13 14:00:00,Nilem,28.59,7.7,6.73,3.0,3.0,3.0,4.0,5.0,3.0,0,0,2.7300000000000004,1.7300000000000004,0,0
2026-02-13 14:15:00,Nilem,28.74,7.6,6.04,3.0,3.0,3.0,4.0,5.0,3.0,0,0,2.04,1.04,0,0
2026-02-13 14:30:00,Nilem,28.36,7.51,6.88,3.0,3.0,3.0,4.0,5.0,3.0,0,0,2.88,1.88,0,0
2026-02-13 14:45:00,Nilem,28.46,7.65,6.32,3.0,3.0,3.0,4.0,5.0,3.0,0,0,2.3200000000000003,1.3200000000000003,0,0
2026-02-13 15:00:00,Nilem,27.76,7.53,5.39,3.0,3.0,3.0,4.0,5.0,3.0,0,0,1.3899999999999997,0.3899999999999997,0,0
2026-02-13 15:15:00,Nilem,28.19,7.71,6.11,3.0,3.0,3.0,4.0,5.0,3.0,0,0,2.1100000000000003,1.1100000000000003,0,0
2026-02-13 15:30:00,Nilem,28.13,7.56,6.84,3.0,3.0,3.0,4.0,5.0,3.0,0,0,2.84,1.8399999999999999,0,0
2026-02-13 15:45:00,Nilem,28.01,7.51,6.32,3.0,3.0,3.0,4.0,5.0,3.0,0,0,2.3200000000000003,1.3200000000000003,0,0
2026-02-13 16:00:00,Nilem,28.01,7.57,6.35,3.0,3.0,3.0,4.0,5.0,3.0,0,0,2.3499999999999996,1.3499999999999996,0,0
2026-02-13 16:15:00,Nilem,28.23,7.54,6.14,3.0,3.0,3.0,4.0,5.0,3.0,0,0,2.1399999999999997,1.1399999999999997,0,0
2026-02-13 16:30:00,Nilem,27.5,7.47,5.73,3.0,3.0,3.0,4.0,5.0,3.0,0,0,1.7300000000000004,0.7300000000000004,0,0
2026-02-13 16:45:00,Nilem,27.69,7.75,6.24,3.0,3.0,3.0,4.0,5.0,3.0,0,0,2.24,1.2400000000000002,0,0
2026-02-13 17:00:00,Nilem,28.05,7.62,5.77,3.0,3.0,3.0,4.0,5.0,3.0,0,0,1.7699999999999996,0.7699999999999996,0,0
2026-02-13 17:15:00,Nilem,27.05,7.46,5.32,3.0,3.0,3.0,4.0,5.0,3.0,0,0,1.3200000000000003,0.3200000000000003,0,0
2026-02-13 17:30:00,Nilem,27.66,7.56,5.95,3.0,3.0,3.0,4.0,5.0,3.0,0,0,1.9500000000000002,0.9500000000000002,0,0
2026-02-13 17:45:00,Nilem,26.9,7.35,5.45,3.0,3.0,3.0,4.0,5.0,3.0,0,0,1.4500000000000002,0.4500000000000002,0,0
2026-02-13 18:00:00,Nilem,27.17,7.59,6.19,3.0,3.0,3.0,4.0,5.0,3.0,0,0,2.1900000000000004,1.1900000000000004,0,0
2026-02-13 18:15:00,Nilem,26.74,7.41,4.6,3.0,3.0,2.0,4.0,5.0,2.6666666666666665,0,1,0.5999999999999996,-0.40000000000000036,0,0
2026-02-13 18:30:00,Nilem,27.01,7.26,4.94,3.0,3.0,2.0,4.0,5.0,2.6666666666666665,0,1,0.9400000000000004,-0.05999999999999961,0,0
2026-02-13 18:45:00,Nilem,26.16,7.28,4.47,3.0,3.0,2.0,4.0,5.0,2.6666666666666665,0,1,0.46999999999999975,-0.5300000000000002,0,0
2026-02-13 19:00:00,Nilem,26.58,7.61,5.41,3.0,3.0,3.0,4.0,5.0,3.0,0,0,1.4100000000000001,0.41000000000000014,0,0
2026-02-13 19:15:00,Nilem,26.29,7.57,4.97,3.0,3.0,2.0,4.0,5.0,2.6666666666666665,0,1,0.9699999999999998,-0.03000000000000025,0,0
2026-02-13 19:30:00,Nilem,26.47,7.52,5.44,3.0,3.0,3.0,4.0,5.0,3.0,0,0,1.4400000000000004,0.4400000000000004,0,0
2026-02-13 19:45:00,Nilem,26.37,7.43,4.63,3.0,3.0,2.0,4.0,5.0,2.6666666666666665,0,1,0.6299999999999999,-0.3700000000000001,0,0
2026-02-13 20:00:00,Nilem,26.67,7.46,5.12,3.0,3.0,3.0,4.0,5.0,3.0,0,0,1.12,0.1200000000000001,0,0
2026-02-13 20:15:00,Nilem,26.28,7.49,5.17,3.0,3.0,3.0,4.0,5.0,3.0,0,0,1.17,0.16999999999999993,0,0
2026-02-13 20:30:00,Nilem,26.39,7.44,5.39,3.0,3.0,3.0,4.0,5.0,3.0,0,0,1.3899999999999997,0.3899999999999997,0,0
2026-02-13 20:45:00,Nilem,26.29,7.13,4.84,3.0,3.0,2.0,4.0,5.0,2.6666666666666665,0,1,0.8399999999999999,-0.16000000000000014,0,0
2026-02-13 21:00:00,Nilem,25.89,7.52,5.13,2.0,3.0,3.0,4.0,5.0,2.6666666666666665,0,0,1.13,0.1299999999999999,0,0
2026-02-13 21:15:00,Nilem,26.16,7.29,5.08,3.0,3.0,3.0,4.0,5.0,3.0,0,0,1.08,0.08000000000000007,0,0
2026-02-13 21:30:00,Nilem,26.03,7.52,5.0,3.0,3.0,3.0,4.0,5.0,3.0,0,0,1.0,0.0,0,0
2026-02-13 21:45:00,Nilem,26.24,7.45,4.47,3.0,3.0,2.0,4.0,5.0,2.6666666666666665,0,1,0.46999999999999975,-0.5300000000000002,0,0
2026-02-13 22:00:00,Nilem,26.35,7.55,4.47,3.0,3.0,2.0,4.0,5.0,2.6666666666666665,0,1,0.46999999999999975,-0.5300000000000002,0,0
2026-02-13 22:15:00,Nilem,26.13,7.52,4.33,3.0,3.0,2.0,4.0,5.0,2.6666666666666665,0,1,0.33000000000000007,-0.6699999999999999,0,0
2026-02-13 22:30:00,Nilem,26.63,7.15,4.94,3.0,3.0,2.0,4.0,5.0,2.6666666666666665,0,1,0.9400000000000004,-0.05999999999999961,0,0
2026-02-13 22:45:00,Nilem,25.84,7.25,4.79,2.0,3.0,2.0,4.0,5.0,2.3333333333333335,0,1,0.79,-0.20999999999999996,0,0
2026-02-13 23:00:00,Nilem,26.25,7.4,4.86,3.0,3.0,2.0,4.0,5.0,2.6666666666666665,0,1,0.8600000000000003,-0.13999999999999968,0,0
2026-02-13 23:15:00,Nilem,26.51,7.35,4.34,3.0,3.0,2.0,4.0,5.0,2.6666666666666665,0,1,0.33999999999999986,-0.6600000000000001,0,0
2026-02-13 23:30:00,Nilem,26.03,7.35,4.42,3.0,3.0,2.0,4.0,5.0,2.6666666666666665,0,1,0.41999999999999993,-0.5800000000000001,0,0
2026-02-13 23:45:00,Nilem,26.15,7.33,4.68,3.0,3.0,2.0,4.0,5.0,2.6666666666666665,0,1,0.6799999999999997,-0.3200000000000003,0,0
2026-02-14 00:00:00,Nilem,26.4,7.4,4.36,3.0,3.0,2.0,4.0,5.0,2.6666666666666665,0,1,0.3600000000000003,-0.6399999999999997,0,0
2026-02-14 00:15:00,Nilem,26.16,7.35,4.26,3.0,3.0,2.0,4.0,5.0,2.6666666666666665,0,1,0.2599999999999998,-0.7400000000000002,0,0
2026-02-14 00:30:00,Nilem,25.99,7.47,4.46,2.0,3.0,2.0,4.0,5.0,2.3333333333333335,0,1,0.45999999999999996,-0.54,0,0
2026-02-14 00:45:00,Nilem,25.91,7.38,4.3,2.0,3.0,2.0,4.0,5.0,2.3333333333333335,0,1,0.2999999999999998,-0.7000000000000002,0,0
2026-02-14 01:00:00,Nilem,26.55,7.48,4.48,3.0,3.0,2.0,4.0,5.0,2.6666666666666665,0,1,0.4800000000000004,-0.5199999999999996,0,0
2026-02-14 01:15:00,Nilem,26.78,7.41,3.9,3.0,3.0,1.0,4.0,5.0,2.3333333333333335,1,0,-0.10000000000000009,-1.1,1,15
2026-02-14 01:30:00,Nilem,25.97,7.37,4.43,2.0,3.0,2.0,4.0,5.0,2.3333333333333335,0,1,0.4299999999999997,-0.5700000000000003,0,0
2026-02-14 01:45:00,Nilem,26.41,7.5,4.65,3.0,3.0,2.0,4.0,5.0,2.6666666666666665,0,1,0.6500000000000004,-0.34999999999999964,0,0
2026-02-14 02:00:00,Nilem,26.5,7.32,4.16,3.0,3.0,2.0,4.0,5.0,2.6666666666666665,0,1,0.16000000000000014,-0.8399999999999999,0,0
2026-02-14 02:15:00,Nilem,26.83,7.42,4.71,3.0,3.0,2.0,4.0,5.0,2.6666666666666665,0,1,0.71,-0.29000000000000004,0,0
2026-02-14 02:30:00,Nilem,26.81,7.41,4.7,3.0,3.0,2.0,4.0,5.0,2.6666666666666665,0,1,0.7000000000000002,-0.2999999999999998,0,0
2026-02-14 02:45:00,Nilem,26.53,7.48,4.63,3.0,3.0,2.0,4.0,5.0,2.6666666666666665,0,1,0.6299999999999999,-0.3700000000000001,0,0
2026-02-14 03:00:00,Nilem,27.11,7.65,4.31,3.0,3.0,2.0,4.0,5.0,2.6666666666666665,0,1,0.3099999999999996,-0.6900000000000004,0,0
2026-02-14 03:15:00,Nilem,27.11,7.34,4.7,3.0,3.0,2.0,4.0,5.0,2.6666666666666665,0,1,0.7000000000000002,-0.2999999999999998,0,0
2026-02-14 03:30:00,Nilem,27.14,7.37,4.62,3.0,3.0,2.0,4.0,5.0,2.6666666666666665,0,1,0.6200000000000001,-0.3799999999999999,0,0
2026-02-14 03:45:00,Nilem,26.63,7.4,5.21,3.0,3.0,3.0,4.0,5.0,3.0,0,0,1.21,0.20999999999999996,0,0
2026-02-14 04:00:00,Nilem,26.86,7.42,4.74,3.0,3.0,2.0,4.0,5.0,2.6666666666666665,0,1,0.7400000000000002,-0.2599999999999998,0,0
2026-02-14 04:15:00,Nilem,27.15,7.38,4.99,3.0,3.0,2.0,4.0,5.0,2.6666666666666665,0,1,0.9900000000000002,-0.009999999999999787,0,0
2026-02-14 04:30:00,Nilem,27.6,7.29,4.81,3.0,3.0,2.0,4.0,5.0,2.6666666666666665,0,1,0.8099999999999996,-0.1900000000000004,0,0
2026-02-14 04:45:00,Nilem,27.2,7.31,4.84,3.0,3.0,2.0,4.0,5.0,2.6666666666666665,0,1,0.8399999999999999,-0.16000000000000014,0,0
2026-02-14 05:00:00,Nilem,27.22,7.61,5.07,3.0,3.0,3.0,4.0,5.0,3.0,0,0,1.0700000000000003,0.07000000000000028,0,0
2026-02-14 05:15:00,Nilem,28.13,7.46,5.03,3.0,3.0,3.0,4.0,5.0,3.0,0,0,1.0300000000000002,0.03000000000000025,0,0
2026-02-14 05:30:00,Nilem,27.86,7.32,4.68,3.0,3.0,2.0,4.0,5.0,2.6666666666666665,0,1,0.6799999999999997,-0.3200000000000003,0,0
2026-02-14 05:45:00,Nilem,27.43,7.24,4.84,3.0,3.0,2.0,4.0,5.0,2.6666666666666665,0,1,0.8399999999999999,-0.16000000000000014,0,0
2026-02-14 06:00:00,Nilem,27.38,7.18,4.81,3.0,3.0,2.0,4.0,5.0,2.6666666666666665,0,1,0.8099999999999996,-0.1900000000000004,0,0
2026-02-14 06:15:00,Nilem,28.59,7.45,5.35,3.0,3.0,3.0,4.0,5.0,3.0,0,0,1.3499999999999996,0.34999999999999964,0,0
2026-02-14 06:30:00,Nilem,28.26,7.29,5.22,3.0,3.0,3.0,4.0,5.0,3.0,0,0,1.2199999999999998,0.21999999999999975,0,0
2026-02-14 06:45:00,Nilem,28.72,7.67,5.12,3.0,3.0,3.0,4.0,5.0,3.0,0,0,1.12,0.1200000000000001,0,0
2026-02-14 07:00:00,Nilem,28.53,7.37,5.93,3.0,3.0,3.0,4.0,5.0,3.0,0,0,1.9299999999999997,0.9299999999999997,0,0
2026-02-14 07:15:00,Nilem,28.79,7.6,5.48,3.0,3.0,3.0,4.0,5.0,3.0,0,0,1.4800000000000004,0.4800000000000004,0,0
2026-02-14 07:30:00,Nilem,28.79,7.48,6.06,3.0,3.0,3.0,4.0,5.0,3.0,0,0,2.0599999999999996,1.0599999999999996,0,0
2026-02-14 07:45:00,Nilem,28.73,7.14,6.1,3.0,3.0,3.0,4.0,5.0,3.0,0,0,2.0999999999999996,1.0999999999999996,0,0
2026-02-14 08:00:00,Nilem,28.56,7.61,5.48,3.0,3.0,3.0,4.0,5.0,3.0,0,0,1.4800000000000004,0.4800000000000004,0,0
2026-02-14 08:15:00,Nilem,28.86,7.57,6.3,3.0,3.0,3.0,4.0,5.0,3.0,0,0,2.3,1.2999999999999998,0,0
2026-02-14 08:30:00,Nilem,28.68,7.31,5.49,3.0,3.0,3.0,4.0,5.0,3.0,0,0,1.4900000000000002,0.4900000000000002,0,0
2026-02-14 08:45:00,Nilem,28.68,7.28,5.91,3.0,3.0,3.0,4.0,5.0,3.0,0,0,1.9100000000000001,0.9100000000000001,0,0
2026-02-14 09:00:00,Nilem,28.94,7.64,5.81,3.0,3.0,3.0,4.0,5.0,3.0,0,0,1.8099999999999996,0.8099999999999996,0,0
2026-02-14 09:15:00,Nilem,29.34,7.54,5.93,2.0,3.0,3.0,4.0,5.0,2.6666666666666665,0,0,1.9299999999999997,0.9299999999999997,0,0
2026-02-14 09:30:00,Nilem,29.49,7.49,6.34,2.0,3.0,3.0,4.0,5.0,2.6666666666666665,0,0,2.34,1.3399999999999999,0,0
2026-02-14 09:45:00,Nilem,29.43,7.73,6.02,2.0,3.0,3.0,4.0,5.0,2.6666666666666665,0,0,2.0199999999999996,1.0199999999999996,0,0
2026-02-14 10:00:00,Nilem,29.11,7.71,6.38,2.0,3.0,3.0,4.0,5.0,2.6666666666666665,0,0,2.38,1.38,0,0
2026-02-14 10:15:00,Nilem,29.31,7.7,6.33,2.0,3.0,3.0,4.0,5.0,2.6666666666666665,0,0,2.33,1.33,0,0
2026-02-14 10:30:00,Nilem,29.57,7.52,6.31,2.0,3.0,3.0,4.0,5.0,2.6666666666666665,0,0,2.3099999999999996,1.3099999999999996,0,0
2026-02-14 10:45:00,Nilem,29.5,7.63,6.48,2.0,3.0,3.0,4.0,5.0,2.6666666666666665,0,0,2.4800000000000004,1.4800000000000004,0,0
2026-02-14 11:00:00,Nilem,28.93,7.53,6.64,3.0,3.0,3.0,4.0,5.0,3.0,0,0,2.6399999999999997,1.6399999999999997,0,0
2026-02-14 11:15:00,Nilem,29.34,7.44,6.38,2.0,3.0,3.0,4.0,5.0,2.6666666666666665,0,0,2.38,1.38,0,0
2026-02-14 11:30:00,Nilem,29.47,7.38,6.71,2.0,3.0,3.0,4.0,5.0,2.6666666666666665,0,0,2.71,1.71,0,0
2026-02-14 11:45:00,Nilem,29.26,7.56,6.89,2.0,3.0,3.0,4.0,5.0,2.6666666666666665,0,0,2.8899999999999997,1.8899999999999997,0,0
2026-02-14 12:00:00,Nilem,29.45,7.71,6.83,2.0,3.0,3.0,4.0,5.0,2.6666666666666665,0,0,2.83,1.83,0,0
2026-02-14 12:15:00,Nilem,29.81,7.59,6.42,2.0,3.0,3.0,4.0,5.0,2.6666666666666665,0,0,2.42,1.42,0,0
2026-02-14 12:30:00,Nilem,29.13,7.53,6.73,2.0,3.0,3.0,4.0,5.0,2.6666666666666665,0,0,2.7300000000000004,1.7300000000000004,0,0
2026-02-14 12:45:00,Nilem,29.49,7.57,7.07,2.0,3.0,3.0,4.0,5.0,2.6666666666666665,0,0,3.0700000000000003,2.0700000000000003,0,0
2026-02-14 13:00:00,Nilem,29.11,7.55,6.72,2.0,3.0,3.0,4.0,5.0,2.6666666666666665,0,0,2.7199999999999998,1.7199999999999998,0,0
2026-02-14 13:15:00,Nilem,29.11,7.48,6.59,2.0,3.0,3.0,4.0,5.0,2.6666666666666665,0,0,2.59,1.5899999999999999,0,0
2026-02-14 13:30:00,Nilem,28.84,7.54,6.44,3.0,3.0,3.0,4.0,5.0,3.0,0,0,2.4400000000000004,1.4400000000000004,0,0
2026-02-14 13:45:00,Nilem,28.37,7.52,6.07,3.0,3.0,3.0,4.0,5.0,3.0,0,0,2.0700000000000003,1.0700000000000003,0,0
2026-02-14 14:00:00,Nilem,28.71,7.46,6.56,3.0,3.0,3.0,4.0,5.0,3.0,0,0,2.5599999999999996,1.5599999999999996,0,0
2026-02-14 14:15:00,Nilem,28.91,7.71,6.41,3.0,3.0,3.0,4.0,5.0,3.0,0,0,2.41,1.4100000000000001,0,0
2026-02-14 14:30:00,Nilem,28.62,7.63,6.76,3.0,3.0,3.0,4.0,5.0,3.0,0,0,2.76,1.7599999999999998,0,0
2026-02-14 14:45:00,Nilem,29.1,7.64,6.25,2.0,3.0,3.0,4.0,5.0,2.6666666666666665,0,0,2.25,1.25,0,0
2026-02-14 15:00:00,Nilem,28.06,7.47,6.4,3.0,3.0,3.0,4.0,5.0,3.0,0,0,2.4000000000000004,1.4000000000000004,0,0
2026-02-14 15:15:00,Nilem,28.27,7.68,7.21,3.0,3.0,3.0,4.0,5.0,3.0,0,0,3.21,2.21,0,0
2026-02-14 15:30:00,Nilem,28.35,7.7,6.88,3.0,3.0,3.0,4.0,5.0,3.0,0,0,2.88,1.88,0,0
2026-02-14 15:45:00,Nilem,28.22,7.78,6.61,3.0,3.0,3.0,4.0,5.0,3.0,0,0,2.6100000000000003,1.6100000000000003,0,0
2026-02-14 16:00:00,Nilem,27.83,7.53,6.78,3.0,3.0,3.0,4.0,5.0,3.0,0,0,2.7800000000000002,1.7800000000000002,0,0
2026-02-14 16:15:00,Nilem,28.07,7.47,6.13,3.0,3.0,3.0,4.0,5.0,3.0,0,0,2.13,1.13,0,0
2026-02-14 16:30:00,Nilem,27.68,7.68,5.91,3.0,3.0,3.0,4.0,5.0,3.0,0,0,1.9100000000000001,0.9100000000000001,0,0
2026-02-14 16:45:00,Nilem,27.72,7.5,6.03,3.0,3.0,3.0,4.0,5.0,3.0,0,0,2.0300000000000002,1.0300000000000002,0,0
2026-02-14 17:00:00,Nilem,27.89,7.61,6.02,3.0,3.0,3.0,4.0,5.0,3.0,0,0,2.0199999999999996,1.0199999999999996,0,0
2026-02-14 17:15:00,Nilem,27.73,7.67,6.4,3.0,3.0,3.0,4.0,5.0,3.0,0,0,2.4000000000000004,1.4000000000000004,0,0
2026-02-14 17:30:00,Nilem,27.46,7.58,5.96,3.0,3.0,3.0,4.0,5.0,3.0,0,0,1.96,0.96,0,0
2026-02-14 17:45:00,Nilem,27.33,7.32,5.95,3.0,3.0,3.0,4.0,5.0,3.0,0,0,1.9500000000000002,0.9500000000000002,0,0
2026-02-14 18:00:00,Nilem,27.57,7.51,5.59,3.0,3.0,3.0,4.0,5.0,3.0,0,0,1.5899999999999999,0.5899999999999999,0,0
2026-02-14 18:15:00,Nilem,27.08,7.47,5.58,3.0,3.0,3.0,4.0,5.0,3.0,0,0,1.58,0.5800000000000001,0,0
2026-02-14 18:30:00,Nilem,27.21,7.63,5.69,3.0,3.0,3.0,4.0,5.0,3.0,0,0,1.6900000000000004,0.6900000000000004,0,0
2026-02-14 18:45:00,Nilem,27.01,7.51,5.4,3.0,3.0,3.0,4.0,5.0,3.0,0,0,1.4000000000000004,0.40000000000000036,0,0
2026-02-14 19:00:00,Nilem,26.86,7.71,5.46,3.0,3.0,3.0,4.0,5.0,3.0,0,0,1.46,0.45999999999999996,0,0
2026-02-14 19:15:00,Nilem,27.06,7.54,6.17,3.0,3.0,3.0,4.0,5.0,3.0,0,0,2.17,1.17,0,0
2026-02-14 19:30:00,Nilem,26.96,7.51,4.99,3.0,3.0,2.0,4.0,5.0,2.6666666666666665,0,1,0.9900000000000002,-0.009999999999999787,0,0
2026-02-14 19:45:00,Nilem,26.28,7.45,4.89,3.0,3.0,2.0,4.0,5.0,2.6666666666666665,0,1,0.8899999999999997,-0.11000000000000032,0,0
2026-02-14 20:00:00,Nilem,25.94,7.37,4.82,2.0,3.0,2.0,4.0,5.0,2.3333333333333335,0,1,0.8200000000000003,-0.17999999999999972,0,0
2026-02-14 20:15:00,Nilem,26.16,7.22,4.58,3.0,3.0,2.0,4.0,5.0,2.6666666666666665,0,1,0.5800000000000001,-0.41999999999999993,0,0
2026-02-14 20:30:00,Nilem,25.45,7.23,3.79,2.0,3.0,1.0,4.0,5.0,2.0,1,0,-0.20999999999999996,-1.21,1,15
2026-02-14 20:45:00,Nilem,26.1,7.47,4.53,3.0,3.0,2.0,4.0,5.0,2.6666666666666665,0,1,0.5300000000000002,-0.46999999999999975,0,0
2026-02-14 21:00:00,Nilem,24.94,7.12,3.35,2.0,3.0,1.0,4.0,5.0,2.0,1,0,-0.6499999999999999,-1.65,1,15
2026-02-14 21:15:00,Nilem,25.66,7.33,4.49,2.0,3.0,2.0,4.0,5.0,2.3333333333333335,0,1,0.4900000000000002,-0.5099999999999998,0,0
2026-02-14 21:30:00,Nilem,26.01,7.49,4.37,3.0,3.0,2.0,4.0,5.0,2.6666666666666665,0,1,0.3700000000000001,-0.6299999999999999,0,0
2026-02-14 21:45:00,Nilem,26.84,7.52,4.77,3.0,3.0,2.0,4.0,5.0,2.6666666666666665,0,1,0.7699999999999996,-0.23000000000000043,0,0
2026-02-14 22:00:00,Nilem,26.16,7.29,4.85,3.0,3.0,2.0,4.0,5.0,2.6666666666666665,0,1,0.8499999999999996,-0.15000000000000036,0,0
2026-02-14 22:15:00,Nilem,26.32,7.43,5.12,3.0,3.0,3.0,4.0,5.0,3.0,0,0,1.12,0.1200000000000001,0,0
2026-02-14 22:30:00,Nilem,25.91,7.51,4.56,2.0,3.0,2.0,4.0,5.0,2.3333333333333335,0,1,0.5599999999999996,-0.4400000000000004,0,0
2026-02-14 22:45:00,Nilem,25.56,7.25,3.88,2.0,3.0,1.0,4.0,5.0,2.0,1,0,-0.1200000000000001,-1.12,1,15
2026-02-14 23:00:00,Nilem,26.04,7.31,4.51,3.0,3.0,2.0,4.0,5.0,2.6666666666666665,0,1,0.5099999999999998,-0.4900000000000002,0,0
2026-02-14 23:15:00,Nilem,26.31,7.33,4.17,3.0,3.0,2.0,4.0,5.0,2.6666666666666665,0,1,0.16999999999999993,-0.8300000000000001,0,0
2026-02-14 23:30:00,Nilem,25.86,7.3,4.11,2.0,3.0,2.0,4.0,5.0,2.3333333333333335,0,1,0.11000000000000032,-0.8899999999999997,0,0
2026-02-14 23:45:00,Nilem,25.97,7.44,4.17,2.0,3.0,2.0,4.0,5.0,2.3333333333333335,0,1,0.16999999999999993,-0.8300000000000001,0,0
2026-02-15 00:00:00,Nilem,25.71,7.25,3.24,2.0,3.0,1.0,4.0,5.0,2.0,1,0,-0.7599999999999998,-1.7599999999999998,1,15
2026-02-15 00:15:00,Nilem,26.18,7.46,4.43,3.0,3.0,2.0,4.0,5.0,2.6666666666666665,0,1,0.4299999999999997,-0.5700000000000003,0,0
2026-02-15 00:30:00,Nilem,26.18,7.33,3.97,3.0,3.0,1.0,4.0,5.0,2.3333333333333335,1,0,-0.029999999999999805,-1.0299999999999998,1,15
2026-02-15 00:45:00,Nilem,26.24,7.42,4.5,3.0,3.0,2.0,4.0,5.0,2.6666666666666665,0,1,0.5,-0.5,0,0
2026-02-15 01:00:00,Nilem,26.16,7.57,4.48,3.0,3.0,2.0,4.0,5.0,2.6666666666666665,0,1,0.4800000000000004,-0.5199999999999996,0,0
2026-02-15 01:15:00,Nilem,25.6,7.35,4.2,2.0,3.0,2.0,4.0,5.0,2.3333333333333335,0,1,0.20000000000000018,-0.7999999999999998,0,0
2026-02-15 01:30:00,Nilem,26.55,7.28,4.15,3.0,3.0,2.0,4.0,5.0,2.6666666666666665,0,1,0.15000000000000036,-0.8499999999999996,0,0
2026-02-15 01:45:00,Nilem,26.19,7.47,4.55,3.0,3.0,2.0,4.0,5.0,2.6666666666666665,0,1,0.5499999999999998,-0.4500000000000002,0,0
2026-02-15 02:00:00,Nilem,26.84,7.42,4.41,3.0,3.0,2.0,4.0,5.0,2.6666666666666665,0,1,0.41000000000000014,-0.5899999999999999,0,0
2026-02-15 02:15:00,Nilem,26.81,7.4,4.6,3.0,3.0,2.0,4.0,5.0,2.6666666666666665,0,1,0.5999999999999996,-0.40000000000000036,0,0
2026-02-15 02:30:00,Nilem,26.82,7.33,4.51,3.0,3.0,2.0,4.0,5.0,2.6666666666666665,0,1,0.5099999999999998,-0.4900000000000002,0,0
2026-02-15 02:45:00,Nilem,27.36,7.36,4.31,3.0,3.0,2.0,4.0,5.0,2.6666666666666665,0,1,0.3099999999999996,-0.6900000000000004,0,0
2026-02-15 03:00:00,Nilem,26.95,7.31,4.49,3.0,3.0,2.0,4.0,5.0,2.6666666666666665,0,1,0.4900000000000002,-0.5099999999999998,0,0
2026-02-15 03:15:00,Nilem,27.06,7.27,4.34,3.0,3.0,2.0,4.0,5.0,2.6666666666666665,0,1,0.33999999999999986,-0.6600000000000001,0,0
2026-02-15 03:30:00,Nilem,27.41,7.5,4.86,3.0,3.0,2.0,4.0,5.0,2.6666666666666665,0,1,0.8600000000000003,-0.13999999999999968,0,0
2026-02-15 03:45:00,Nilem,27.45,7.37,5.0,3.0,3.0,3.0,4.0,5.0,3.0,0,0,1.0,0.0,0,0
2026-02-15 04:00:00,Nilem,27.18,7.42,4.61,3.0,3.0,2.0,4.0,5.0,2.6666666666666665,0,1,0.6100000000000003,-0.3899999999999997,0,0
2026-02-15 04:15:00,Nilem,27.71,7.35,4.95,3.0,3.0,2.0,4.0,5.0,2.6666666666666665,0,1,0.9500000000000002,-0.04999999999999982,0,0
2026-02-15 04:30:00,Nilem,27.89,7.15,5.12,3.0,3.0,3.0,4.0,5.0,3.0,0,0,1.12,0.1200000000000001,0,0
2026-02-15 04:45:00,Nilem,27.74,7.53,4.91,3.0,3.0,2.0,4.0,5.0,2.6666666666666665,0,1,0.9100000000000001,-0.08999999999999986,0,0
2026-02-15 05:00:00,Nilem,27.8,7.28,5.19,3.0,3.0,3.0,4.0,5.0,3.0,0,0,1.1900000000000004,0.1900000000000004,0,0
2026-02-15 05:15:00,Nilem,28.27,7.41,4.91,3.0,3.0,2.0,4.0,5.0,2.6666666666666665,0,1,0.9100000000000001,-0.08999999999999986,0,0
2026-02-15 05:30:00,Nilem,28.38,7.34,4.78,3.0,3.0,2.0,4.0,5.0,2.6666666666666665,0,1,0.7800000000000002,-0.21999999999999975,0,0
2026-02-15 05:45:00,Nilem,28.14,7.36,5.44,3.0,3.0,3.0,4.0,5.0,3.0,0,0,1.4400000000000004,0.4400000000000004,0,0
2026-02-15 06:00:00,Nilem,28.32,7.34,4.99,3.0,3.0,2.0,4.0,5.0,2.6666666666666665,0,1,0.9900000000000002,-0.009999999999999787,0,0
2026-02-15 06:15:00,Nilem,28.27,7.51,5.43,3.0,3.0,3.0,4.0,5.0,3.0,0,0,1.4299999999999997,0.4299999999999997,0,0
2026-02-15 06:30:00,Nilem,28.01,7.3,5.58,3.0,3.0,3.0,4.0,5.0,3.0,0,0,1.58,0.5800000000000001,0,0
2026-02-15 06:45:00,Nilem,28.67,7.31,5.65,3.0,3.0,3.0,4.0,5.0,3.0,0,0,1.6500000000000004,0.6500000000000004,0,0
2026-02-15 07:00:00,Nilem,28.46,7.4,5.41,3.0,3.0,3.0,4.0,5.0,3.0,0,0,1.4100000000000001,0.41000000000000014,0,0
2026-02-15 07:15:00,Nilem,28.49,7.51,5.08,3.0,3.0,3.0,4.0,5.0,3.0,0,0,1.08,0.08000000000000007,0,0
2026-02-15 07:30:00,Nilem,28.65,7.77,5.44,3.0,3.0,3.0,4.0,5.0,3.0,0,0,1.4400000000000004,0.4400000000000004,0,0
2026-02-15 07:45:00,Nilem,28.57,7.47,5.86,3.0,3.0,3.0,4.0,5.0,3.0,0,0,1.8600000000000003,0.8600000000000003,0,0
2026-02-15 08:00:00,Nilem,28.66,7.56,5.72,3.0,3.0,3.0,4.0,5.0,3.0,0,0,1.7199999999999998,0.7199999999999998,0,0
2026-02-15 08:15:00,Nilem,28.98,7.41,5.9,3.0,3.0,3.0,4.0,5.0,3.0,0,0,1.9000000000000004,0.9000000000000004,0,0
2026-02-15 08:30:00,Nilem,28.69,7.4,5.86,3.0,3.0,3.0,4.0,5.0,3.0,0,0,1.8600000000000003,0.8600000000000003,0,0
2026-02-15 08:45:00,Nilem,29.02,7.43,5.88,2.0,3.0,3.0,4.0,5.0,2.6666666666666665,0,0,1.88,0.8799999999999999,0,0
2026-02-15 09:00:00,Nilem,28.44,7.34,4.92,3.0,3.0,2.0,4.0,5.0,2.6666666666666665,0,1,0.9199999999999999,-0.08000000000000007,0,0
2026-02-15 09:15:00,Nilem,29.32,7.52,6.09,2.0,3.0,3.0,4.0,5.0,2.6666666666666665,0,0,2.09,1.0899999999999999,0,0
2026-02-15 09:30:00,Nilem,29.58,7.55,5.59,2.0,3.0,3.0,4.0,5.0,2.6666666666666665,0,0,1.5899999999999999,0.5899999999999999,0,0
2026-02-15 09:45:00,Nilem,28.03,7.24,4.49,3.0,3.0,2.0,4.0,5.0,2.6666666666666665,0,1,0.4900000000000002,-0.5099999999999998,0,0
2026-02-15 10:00:00,Nilem,29.34,7.57,6.35,2.0,3.0,3.0,4.0,5.0,2.6666666666666665,0,0,2.3499999999999996,1.3499999999999996,0,0
2026-02-15 10:15:00,Nilem,29.68,7.56,6.53,2.0,3.0,3.0,4.0,5.0,2.6666666666666665,0,0,2.5300000000000002,1.5300000000000002,0,0
2026-02-15 10:30:00,Nilem,29.36,7.53,6.23,2.0,3.0,3.0,4.0,5.0,2.6666666666666665,0,0,2.2300000000000004,1.2300000000000004,0,0
2026-02-15 10:45:00,Nilem,29.44,7.59,6.35,2.0,3.0,3.0,4.0,5.0,2.6666666666666665,0,0,2.3499999999999996,1.3499999999999996,0,0
2026-02-15 11:00:00,Nilem,28.78,7.55,5.99,3.0,3.0,3.0,4.0,5.0,3.0,0,0,1.9900000000000002,0.9900000000000002,0,0
2026-02-15 11:15:00,Nilem,28.73,7.61,5.6,3.0,3.0,3.0,4.0,5.0,3.0,0,0,1.5999999999999996,0.5999999999999996,0,0
2026-02-15 11:30:00,Nilem,28.72,7.49,6.53,3.0,3.0,3.0,4.0,5.0,3.0,0,0,2.5300000000000002,1.5300000000000002,0,0
2026-02-15 11:45:00,Nilem,28.49,7.27,5.92,3.0,3.0,3.0,4.0,5.0,3.0,0,0,1.92,0.9199999999999999,0,0
2026-02-15 12:00:00,Nilem,29.6,7.55,6.36,2.0,3.0,3.0,4.0,5.0,2.6666666666666665,0,0,2.3600000000000003,1.3600000000000003,0,0
2026-02-15 12:15:00,Nilem,29.41,7.54,6.68,2.0,3.0,3.0,4.0,5.0,2.6666666666666665,0,0,2.6799999999999997,1.6799999999999997,0,0
2026-02-15 12:30:00,Nilem,29.47,7.47,6.72,2.0,3.0,3.0,4.0,5.0,2.6666666666666665,0,0,2.7199999999999998,1.7199999999999998,0,0
2026-02-15 12:45:00,Nilem,29.17,7.48,6.74,2.0,3.0,3.0,4.0,5.0,2.6666666666666665,0,0,2.74,1.7400000000000002,0,0
2026-02-15 13:00:00,Nilem,29.77,7.6,6.57,2.0,3.0,3.0,4.0,5.0,2.6666666666666665,0,0,2.5700000000000003,1.5700000000000003,0,0
2026-02-15 13:15:00,Nilem,29.2,7.59,6.74,2.0,3.0,3.0,4.0,5.0,2.6666666666666665,0,0,2.74,1.7400000000000002,0,0
2026-02-15 13:30:00,Nilem,29.05,7.4,6.95,2.0,3.0,3.0,4.0,5.0,2.6666666666666665,0,0,2.95,1.9500000000000002,0,0
2026-02-15 13:45:00,Nilem,28.87,7.79,6.73,3.0,3.0,3.0,4.0,5.0,3.0,0,0,2.7300000000000004,1.7300000000000004,0,0
2026-02-15 14:00:00,Nilem,28.37,7.64,7.0,3.0,3.0,3.0,4.0,5.0,3.0,0,0,3.0,2.0,0,0
2026-02-15 14:15:00,Nilem,28.61,7.83,6.02,3.0,3.0,3.0,4.0,5.0,3.0,0,0,2.0199999999999996,1.0199999999999996,0,0
2026-02-15 14:30:00,Nilem,28.89,7.87,6.08,3.0,3.0,3.0,4.0,5.0,3.0,0,0,2.08,1.08,0,0
2026-02-15 14:45:00,Nilem,28.98,7.57,6.8,3.0,3.0,3.0,4.0,5.0,3.0,0,0,2.8,1.7999999999999998,0,0
2026-02-15 15:00:00,Nilem,28.82,7.58,6.73,3.0,3.0,3.0,4.0,5.0,3.0,0,0,2.7300000000000004,1.7300000000000004,0,0
2026-02-15 15:15:00,Nilem,28.51,7.58,6.49,3.0,3.0,3.0,4.0,5.0,3.0,0,0,2.49,1.4900000000000002,0,0
2026-02-15 15:30:00,Nilem,28.16,7.5,6.44,3.0,3.0,3.0,4.0,5.0,3.0,0,0,2.4400000000000004,1.4400000000000004,0,0
2026-02-15 15:45:00,Nilem,28.04,7.67,6.12,3.0,3.0,3.0,4.0,5.0,3.0,0,0,2.12,1.12,0,0
2026-02-15 16:00:00,Nilem,27.26,7.68,5.64,3.0,3.0,3.0,4.0,5.0,3.0,0,0,1.6399999999999997,0.6399999999999997,0,0
2026-02-15 16:15:00,Nilem,28.3,7.84,6.47,3.0,3.0,3.0,4.0,5.0,3.0,0,0,2.4699999999999998,1.4699999999999998,0,0
2026-02-15 16:30:00,Nilem,27.35,7.51,5.86,3.0,3.0,3.0,4.0,5.0,3.0,0,0,1.8600000000000003,0.8600000000000003,0,0
2026-02-15 16:45:00,Nilem,28.26,7.78,6.02,3.0,3.0,3.0,4.0,5.0,3.0,0,0,2.0199999999999996,1.0199999999999996,0,0
2026-02-15 17:00:00,Nilem,26.78,7.54,4.69,3.0,3.0,2.0,4.0,5.0,2.6666666666666665,0,1,0.6900000000000004,-0.3099999999999996,0,0
2026-02-15 17:15:00,Nilem,27.36,7.47,5.26,3.0,3.0,3.0,4.0,5.0,3.0,0,0,1.2599999999999998,0.2599999999999998,0,0
2026-02-15 17:30:00,Nilem,27.8,7.81,5.51,3.0,3.0,3.0,4.0,5.0,3.0,0,0,1.5099999999999998,0.5099999999999998,0,0
2026-02-15 17:45:00,Nilem,27.6,7.52,5.23,3.0,3.0,3.0,4.0,5.0,3.0,0,0,1.2300000000000004,0.23000000000000043,0,0
2026-02-15 18:00:00,Nilem,27.28,7.67,5.97,3.0,3.0,3.0,4.0,5.0,3.0,0,0,1.9699999999999998,0.9699999999999998,0,0
2026-02-15 18:15:00,Nilem,26.94,7.49,5.49,3.0,3.0,3.0,4.0,5.0,3.0,0,0,1.4900000000000002,0.4900000000000002,0,0
2026-02-15 18:30:00,Nilem,26.91,7.61,5.43,3.0,3.0,3.0,4.0,5.0,3.0,0,0,1.4299999999999997,0.4299999999999997,0,0
2026-02-15 18:45:00,Nilem,26.72,7.55,5.41,3.0,3.0,3.0,4.0,5.0,3.0,0,0,1.4100000000000001,0.41000000000000014,0,0
2026-02-15 19:00:00,Nilem,26.69,7.45,5.28,3.0,3.0,3.0,4.0,5.0,3.0,0,0,1.2800000000000002,0.28000000000000025,0,0
2026-02-15 19:15:00,Nilem,26.48,7.4,4.56,3.0,3.0,2.0,4.0,5.0,2.6666666666666665,0,1,0.5599999999999996,-0.4400000000000004,0,0
2026-02-15 19:30:00,Nilem,26.76,7.44,5.38,3.0,3.0,3.0,4.0,5.0,3.0,0,0,1.38,0.3799999999999999,0,0
2026-02-15 19:45:00,Nilem,27.16,7.59,5.37,3.0,3.0,3.0,4.0,5.0,3.0,0,0,1.37,0.3700000000000001,0,0
2026-02-15 20:00:00,Nilem,26.62,7.66,5.17,3.0,3.0,3.0,4.0,5.0,3.0,0,0,1.17,0.16999999999999993,0,0
2026-02-15 20:15:00,Nilem,26.29,7.43,4.88,3.0,3.0,2.0,4.0,5.0,2.6666666666666665,0,1,0.8799999999999999,-0.1200000000000001,0,0
2026-02-15 20:30:00,Nilem,26.22,7.67,5.09,3.0,3.0,3.0,4.0,5.0,3.0,0,0,1.0899999999999999,0.08999999999999986,0,0
2026-02-15 20:45:00,Nilem,26.38,7.51,4.54,3.0,3.0,2.0,4.0,5.0,2.6666666666666665,0,1,0.54,-0.45999999999999996,0,0
2026-02-15 21:00:00,Nilem,25.55,7.31,4.35,2.0,3.0,2.0,4.0,5.0,2.3333333333333335,0,1,0.34999999999999964,-0.6500000000000004,0,0
2026-02-15 21:15:00,Nilem,26.12,7.43,5.19,3.0,3.0,3.0,4.0,5.0,3.0,0,0,1.1900000000000004,0.1900000000000004,0,0
2026-02-15 21:30:00,Nilem,25.98,7.64,4.94,2.0,3.0,2.0,4.0,5.0,2.3333333333333335,0,1,0.9400000000000004,-0.05999999999999961,0,0
2026-02-15 21:45:00,Nilem,26.6,7.49,4.71,3.0,3.0,2.0,4.0,5.0,2.6666666666666665,0,1,0.71,-0.29000000000000004,0,0
2026-02-15 22:00:00,Nilem,26.4,7.36,4.63,3.0,3.0,2.0,4.0,5.0,2.6666666666666665,0,1,0.6299999999999999,-0.3700000000000001,0,0
2026-02-15 22:15:00,Nilem,26.04,7.51,4.44,3.0,3.0,2.0,4.0,5.0,2.6666666666666665,0,1,0.4400000000000004,-0.5599999999999996,0,0
2026-02-15 22:30:00,Nilem,26.63,7.44,4.28,3.0,3.0,2.0,4.0,5.0,2.6666666666666665,0,1,0.28000000000000025,-0.7199999999999998,0,0
2026-02-15 22:45:00,Nilem,26.33,7.39,4.54,3.0,3.0,2.0,4.0,5.0,2.6666666666666665,0,1,0.54,-0.45999999999999996,0,0
2026-02-15 23:00:00,Nilem,26.32,7.32,4.35,3.0,3.0,2.0,4.0,5.0,2.6666666666666665,0,1,0.34999999999999964,-0.6500000000000004,0,0
2026-02-15 23:15:00,Nilem,26.39,7.55,4.31,3.0,3.0,2.0,4.0,5.0,2.6666666666666665,0,1,0.3099999999999996,-0.6900000000000004,0,0
2026-02-15 23:30:00,Nilem,26.27,7.56,4.76,3.0,3.0,2.0,4.0,5.0,2.6666666666666665,0,1,0.7599999999999998,-0.2400000000000002,0,0
2026-02-15 23:45:00,Nilem,26.12,7.53,4.29,3.0,3.0,2.0,4.0,5.0,2.6666666666666665,0,1,0.29000000000000004,-0.71,0,0
2026-02-16 00:00:00,Nilem,25.51,7.37,4.41,2.0,3.0,2.0,4.0,5.0,2.3333333333333335,0,1,0.41000000000000014,-0.5899999999999999,0,0
2026-02-16 00:15:00,Nilem,26.15,7.37,4.48,3.0,3.0,2.0,4.0,5.0,2.6666666666666665,0,1,0.4800000000000004,-0.5199999999999996,0,0
2026-02-16 00:30:00,Nilem,26.59,7.48,4.15,3.0,3.0,2.0,4.0,5.0,2.6666666666666665,0,1,0.15000000000000036,-0.8499999999999996,0,0
2026-02-16 00:45:00,Nilem,26.35,7.35,4.29,3.0,3.0,2.0,4.0,5.0,2.6666666666666665,0,1,0.29000000000000004,-0.71,0,0
2026-02-16 01:00:00,Nilem,26.17,7.55,4.61,3.0,3.0,2.0,4.0,5.0,2.6666666666666665,0,1,0.6100000000000003,-0.3899999999999997,0,0
2026-02-16 01:15:00,Nilem,26.52,7.43,4.8,3.0,3.0,2.0,4.0,5.0,2.6666666666666665,0,1,0.7999999999999998,-0.20000000000000018,0,0
2026-02-16 01:30:00,Nilem,26.3,7.5,4.42,3.0,3.0,2.0,4.0,5.0,2.6666666666666665,0,1,0.41999999999999993,-0.5800000000000001,0,0
2026-02-16 01:45:00,Nilem,26.81,7.37,3.75,3.0,3.0,1.0,4.0,5.0,2.3333333333333335,1,0,-0.25,-1.25,1,15
2026-02-16 02:00:00,Nilem,26.43,7.49,4.48,3.0,3.0,2.0,4.0,5.0,2.6666666666666665,0,1,0.4800000000000004,-0.5199999999999996,0,0
2026-02-16 02:15:00,Nilem,26.66,7.44,3.94,3.0,3.0,1.0,4.0,5.0,2.3333333333333335,1,0,-0.06000000000000005,-1.06,1,15
2026-02-16 02:30:00,Nilem,27.21,7.6,4.48,3.0,3.0,2.0,4.0,5.0,2.6666666666666665,0,1,0.4800000000000004,-0.5199999999999996,0,0
2026-02-16 02:45:00,Nilem,26.93,7.17,4.05,3.0,3.0,2.0,4.0,5.0,2.6666666666666665,0,1,0.04999999999999982,-0.9500000000000002,0,0
2026-02-16 03:00:00,Nilem,26.65,7.33,3.84,3.0,3.0,1.0,4.0,5.0,2.3333333333333335,1,0,-0.16000000000000014,-1.1600000000000001,1,15
2026-02-16 03:15:00,Nilem,26.47,7.08,2.91,3.0,3.0,1.0,4.0,5.0,2.3333333333333335,1,0,-1.0899999999999999,-2.09,2,30
2026-02-16 03:30:00,Nilem,27.53,7.51,4.5,3.0,3.0,2.0,4.0,5.0,2.6666666666666665,0,1,0.5,-0.5,0,0
2026-02-16 03:45:00,Nilem,26.7,7.41,4.39,3.0,3.0,2.0,4.0,5.0,2.6666666666666665,0,1,0.3899999999999997,-0.6100000000000003,0,0
2026-02-16 04:00:00,Nilem,26.49,7.04,3.51,3.0,3.0,1.0,4.0,5.0,2.3333333333333335,1,0,-0.4900000000000002,-1.4900000000000002,1,15
2026-02-16 04:15:00,Nilem,27.29,7.3,4.49,3.0,3.0,2.0,4.0,5.0,2.6666666666666665,0,1,0.4900000000000002,-0.5099999999999998,0,0
2026-02-16 04:30:00,Nilem,27.76,7.69,5.04,3.0,3.0,3.0,4.0,5.0,3.0,0,0,1.04,0.040000000000000036,0,0
2026-02-16 04:45:00,Nilem,27.22,7.38,5.05,3.0,3.0,3.0,4.0,5.0,3.0,0,0,1.0499999999999998,0.04999999999999982,0,0
2026-02-16 05:00:00,Nilem,27.68,7.47,4.75,3.0,3.0,2.0,4.0,5.0,2.6666666666666665,0,1,0.75,-0.25,0,0
2026-02-16 05:15:00,Nilem,28.04,7.36,5.35,3.0,3.0,3.0,4.0,5.0,3.0,0,0,1.3499999999999996,0.34999999999999964,0,0
2026-02-16 05:30:00,Nilem,27.97,7.33,4.44,3.0,3.0,2.0,4.0,5.0,2.6666666666666665,0,1,0.4400000000000004,-0.5599999999999996,0,0
2026-02-16 05:45:00,Nilem,27.87,7.48,4.94,3.0,3.0,2.0,4.0,5.0,2.6666666666666665,0,1,0.9400000000000004,-0.05999999999999961,0,0
2026-02-16 06:00:00,Nilem,28.43,7.65,5.75,3.0,3.0,3.0,4.0,5.0,3.0,0,0,1.75,0.75,0,0
2026-02-16 06:15:00,Nilem,28.56,7.61,5.7,3.0,3.0,3.0,4.0,5.0,3.0,0,0,1.7000000000000002,0.7000000000000002,0,0
2026-02-16 06:30:00,Nilem,28.39,7.52,5.54,3.0,3.0,3.0,4.0,5.0,3.0,0,0,1.54,0.54,0,0
2026-02-16 06:45:00,Nilem,28.61,7.6,5.49,3.0,3.0,3.0,4.0,5.0,3.0,0,0,1.4900000000000002,0.4900000000000002,0,0
2026-02-16 07:00:00,Nilem,28.27,7.54,5.52,3.0,3.0,3.0,4.0,5.0,3.0,0,0,1.5199999999999996,0.5199999999999996,0,0
2026-02-16 07:15:00,Nilem,28.65,7.27,5.4,3.0,3.0,3.0,4.0,5.0,3.0,0,0,1.4000000000000004,0.40000000000000036,0,0
2026-02-16 07:30:00,Nilem,28.51,7.45,5.52,3.0,3.0,3.0,4.0,5.0,3.0,0,0,1.5199999999999996,0.5199999999999996,0,0
2026-02-16 07:45:00,Nilem,28.84,7.66,5.7,3.0,3.0,3.0,4.0,5.0,3.0,0,0,1.7000000000000002,0.7000000000000002,0,0
2026-02-16 08:00:00,Nilem,29.1,7.47,5.88,2.0,3.0,3.0,4.0,5.0,2.6666666666666665,0,0,1.88,0.8799999999999999,0,0
2026-02-16 08:15:00,Nilem,29.27,7.34,6.04,2.0,3.0,3.0,4.0,5.0,2.6666666666666665,0,0,2.04,1.04,0,0
2026-02-16 08:30:00,Nilem,29.43,7.48,5.97,2.0,3.0,3.0,4.0,5.0,2.6666666666666665,0,0,1.9699999999999998,0.9699999999999998,0,0
2026-02-16 08:45:00,Nilem,28.93,7.69,5.75,3.0,3.0,3.0,4.0,5.0,3.0,0,0,1.75,0.75,0,0
2026-02-16 09:00:00,Nilem,29.14,7.54,5.77,2.0,3.0,3.0,4.0,5.0,2.6666666666666665,0,0,1.7699999999999996,0.7699999999999996,0,0
2026-02-16 09:15:00,Nilem,29.23,7.53,6.45,2.0,3.0,3.0,4.0,5.0,2.6666666666666665,0,0,2.45,1.4500000000000002,0,0
2026-02-16 09:30:00,Nilem,29.23,7.46,6.04,2.0,3.0,3.0,4.0,5.0,2.6666666666666665,0,0,2.04,1.04,0,0
2026-02-16 09:45:00,Nilem,29.38,7.38,5.92,2.0,3.0,3.0,4.0,5.0,2.6666666666666665,0,0,1.92,0.9199999999999999,0,0
2026-02-16 10:00:00,Nilem,29.17,7.56,6.42,2.0,3.0,3.0,4.0,5.0,2.6666666666666665,0,0,2.42,1.42,0,0
2026-02-16 10:15:00,Nilem,29.73,7.44,6.26,2.0,3.0,3.0,4.0,5.0,2.6666666666666665,0,0,2.26,1.2599999999999998,0,0
2026-02-16 10:30:00,Nilem,29.0,7.46,6.5,3.0,3.0,3.0,4.0,5.0,3.0,0,0,2.5,1.5,0,0
2026-02-16 10:45:00,Nilem,29.68,7.72,6.14,2.0,3.0,3.0,4.0,5.0,2.6666666666666665,0,0,2.1399999999999997,1.1399999999999997,0,0
2026-02-16 11:00:00,Nilem,29.39,7.57,6.47,2.0,3.0,3.0,4.0,5.0,2.6666666666666665,0,0,2.4699999999999998,1.4699999999999998,0,0
2026-02-16 11:15:00,Nilem,29.72,7.67,6.31,2.0,3.0,3.0,4.0,5.0,2.6666666666666665,0,0,2.3099999999999996,1.3099999999999996,0,0
2026-02-16 11:30:00,Nilem,29.33,7.72,6.5,2.0,3.0,3.0,4.0,5.0,2.6666666666666665,0,0,2.5,1.5,0,0
2026-02-16 11:45:00,Nilem,29.4,7.61,6.64,2.0,3.0,3.0,4.0,5.0,2.6666666666666665,0,0,2.6399999999999997,1.6399999999999997,0,0
2026-02-16 12:00:00,Nilem,29.38,7.71,6.66,2.0,3.0,3.0,4.0,5.0,2.6666666666666665,0,0,2.66,1.6600000000000001,0,0
2026-02-16 12:15:00,Nilem,29.21,7.52,6.47,2.0,3.0,3.0,4.0,5.0,2.6666666666666665,0,0,2.4699999999999998,1.4699999999999998,0,0
2026-02-16 12:30:00,Nilem,29.37,7.56,6.59,2.0,3.0,3.0,4.0,5.0,2.6666666666666665,0,0,2.59,1.5899999999999999,0,0
2026-02-16 12:45:00,Nilem,29.46,7.73,6.86,2.0,3.0,3.0,4.0,5.0,2.6666666666666665,0,0,2.8600000000000003,1.8600000000000003,0,0
2026-02-16 13:00:00,Nilem,29.06,7.62,6.83,2.0,3.0,3.0,4.0,5.0,2.6666666666666665,0,0,2.83,1.83,0,0
2026-02-16 13:15:00,Nilem,29.19,7.66,6.95,2.0,3.0,3.0,4.0,5.0,2.6666666666666665,0,0,2.95,1.9500000000000002,0,0
2026-02-16 13:30:00,Nilem,29.21,7.66,6.29,2.0,3.0,3.0,4.0,5.0,2.6666666666666665,0,0,2.29,1.29,0,0
2026-02-16 13:45:00,Nilem,28.63,7.63,6.67,3.0,3.0,3.0,4.0,5.0,3.0,0,0,2.67,1.67,0,0
2026-02-16 14:00:00,Nilem,29.44,7.64,6.31,2.0,3.0,3.0,4.0,5.0,2.6666666666666665,0,0,2.3099999999999996,1.3099999999999996,0,0
2026-02-16 14:15:00,Nilem,28.23,7.71,6.61,3.0,3.0,3.0,4.0,5.0,3.0,0,0,2.6100000000000003,1.6100000000000003,0,0
2026-02-16 14:30:00,Nilem,28.68,7.75,6.85,3.0,3.0,3.0,4.0,5.0,3.0,0,0,2.8499999999999996,1.8499999999999996,0,0
2026-02-16 14:45:00,Nilem,29.01,7.78,6.74,2.0,3.0,3.0,4.0,5.0,2.6666666666666665,0,0,2.74,1.7400000000000002,0,0
2026-02-16 15:00:00,Nilem,28.54,7.8,6.74,3.0,3.0,3.0,4.0,5.0,3.0,0,0,2.74,1.7400000000000002,0,0
2026-02-16 15:15:00,Nilem,28.8,7.58,6.38,3.0,3.0,3.0,4.0,5.0,3.0,0,0,2.38,1.38,0,0
2026-02-16 15:30:00,Nilem,28.35,7.52,6.28,3.0,3.0,3.0,4.0,5.0,3.0,0,0,2.2800000000000002,1.2800000000000002,0,0
2026-02-16 15:45:00,Nilem,28.25,7.54,6.73,3.0,3.0,3.0,4.0,5.0,3.0,0,0,2.7300000000000004,1.7300000000000004,0,0
2026-02-16 16:00:00,Nilem,28.53,7.61,6.47,3.0,3.0,3.0,4.0,5.0,3.0,0,0,2.4699999999999998,1.4699999999999998,0,0
2026-02-16 16:15:00,Nilem,28.15,7.52,6.26,3.0,3.0,3.0,4.0,5.0,3.0,0,0,2.26,1.2599999999999998,0,0
2026-02-16 16:30:00,Nilem,28.11,7.53,6.56,3.0,3.0,3.0,4.0,5.0,3.0,0,0,2.5599999999999996,1.5599999999999996,0,0
2026-02-16 16:45:00,Nilem,27.97,7.64,6.16,3.0,3.0,3.0,4.0,5.0,3.0,0,0,2.16,1.1600000000000001,0,0
2026-02-16 17:00:00,Nilem,27.24,7.34,5.5,3.0,3.0,3.0,4.0,5.0,3.0,0,0,1.5,0.5,0,0
2026-02-16 17:15:00,Nilem,28.02,7.6,5.75,3.0,3.0,3.0,4.0,5.0,3.0,0,0,1.75,0.75,0,0
2026-02-16 17:30:00,Nilem,27.63,7.38,6.02,3.0,3.0,3.0,4.0,5.0,3.0,0,0,2.0199999999999996,1.0199999999999996,0,0
2026-02-16 17:45:00,Nilem,27.03,7.73,6.32,3.0,3.0,3.0,4.0,5.0,3.0,0,0,2.3200000000000003,1.3200000000000003,0,0
2026-02-16 18:00:00,Nilem,26.97,7.63,5.39,3.0,3.0,3.0,4.0,5.0,3.0,0,0,1.3899999999999997,0.3899999999999997,0,0
2026-02-16 18:15:00,Nilem,27.49,7.66,5.86,3.0,3.0,3.0,4.0,5.0,3.0,0,0,1.8600000000000003,0.8600000000000003,0,0
2026-02-16 18:30:00,Nilem,26.93,7.67,5.92,3.0,3.0,3.0,4.0,5.0,3.0,0,0,1.92,0.9199999999999999,0,0
2026-02-16 18:45:00,Nilem,26.89,7.82,5.44,3.0,3.0,3.0,4.0,5.0,3.0,0,0,1.4400000000000004,0.4400000000000004,0,0
2026-02-16 19:00:00,Nilem,26.77,7.58,5.12,3.0,3.0,3.0,4.0,5.0,3.0,0,0,1.12,0.1200000000000001,0,0
2026-02-16 19:15:00,Nilem,26.91,7.49,4.87,3.0,3.0,2.0,4.0,5.0,2.6666666666666665,0,1,0.8700000000000001,-0.1299999999999999,0,0
2026-02-16 19:30:00,Nilem,26.44,7.59,4.7,3.0,3.0,2.0,4.0,5.0,2.6666666666666665,0,1,0.7000000000000002,-0.2999999999999998,0,0
2026-02-16 19:45:00,Nilem,26.82,7.56,5.07,3.0,3.0,3.0,4.0,5.0,3.0,0,0,1.0700000000000003,0.07000000000000028,0,0
2026-02-16 20:00:00,Nilem,27.04,7.67,5.18,3.0,3.0,3.0,4.0,5.0,3.0,0,0,1.1799999999999997,0.17999999999999972,0,0
2026-02-16 20:15:00,Nilem,26.5,7.43,5.19,3.0,3.0,3.0,4.0,5.0,3.0,0,0,1.1900000000000004,0.1900000000000004,0,0
2026-02-16 20:30:00,Nilem,26.46,7.72,5.27,3.0,3.0,3.0,4.0,5.0,3.0,0,0,1.2699999999999996,0.2699999999999996,0,0
2026-02-16 20:45:00,Nilem,26.37,7.45,4.74,3.0,3.0,2.0,4.0,5.0,2.6666666666666665,0,1,0.7400000000000002,-0.2599999999999998,0,0
2026-02-16 21:00:00,Nilem,26.17,7.55,4.09,3.0,3.0,2.0,4.0,5.0,2.6666666666666665,0,1,0.08999999999999986,-0.9100000000000001,0,0
2026-02-16 21:15:00,Nilem,26.31,7.19,4.86,3.0,3.0,2.0,4.0,5.0,2.6666666666666665,0,1,0.8600000000000003,-0.13999999999999968,0,0
2026-02-16 21:30:00,Nilem,26.25,7.51,4.88,3.0,3.0,2.0,4.0,5.0,2.6666666666666665,0,1,0.8799999999999999,-0.1200000000000001,0,0
2026-02-16 21:45:00,Nilem,26.14,7.27,4.3,3.0,3.0,2.0,4.0,5.0,2.6666666666666665,0,1,0.2999999999999998,-0.7000000000000002,0,0
2026-02-16 22:00:00,Nilem,26.15,7.3,4.52,3.0,3.0,2.0,4.0,5.0,2.6666666666666665,0,1,0.5199999999999996,-0.4800000000000004,0,0
2026-02-16 22:15:00,Nilem,26.43,7.59,4.58,3.0,3.0,2.0,4.0,5.0,2.6666666666666665,0,1,0.5800000000000001,-0.41999999999999993,0,0
2026-02-16 22:30:00,Nilem,25.72,7.38,4.34,2.0,3.0,2.0,4.0,5.0,2.3333333333333335,0,1,0.33999999999999986,-0.6600000000000001,0,0
2026-02-16 22:45:00,Nilem,25.83,7.42,4.3,2.0,3.0,2.0,4.0,5.0,2.3333333333333335,0,1,0.2999999999999998,-0.7000000000000002,0,0
2026-02-16 23:00:00,Nilem,26.1,7.58,4.21,3.0,3.0,2.0,4.0,5.0,2.6666666666666665,0,1,0.20999999999999996,-0.79,0,0
2026-02-16 23:15:00,Nilem,26.58,7.44,4.65,3.0,3.0,2.0,4.0,5.0,2.6666666666666665,0,1,0.6500000000000004,-0.34999999999999964,0,0
2026-02-16 23:30:00,Nilem,26.18,7.34,4.44,3.0,3.0,2.0,4.0,5.0,2.6666666666666665,0,1,0.4400000000000004,-0.5599999999999996,0,0
2026-02-16 23:45:00,Nilem,26.26,7.38,4.07,3.0,3.0,2.0,4.0,5.0,2.6666666666666665,0,1,0.07000000000000028,-0.9299999999999997,0,0
2026-02-17 00:00:00,Nilem,26.36,7.44,4.17,3.0,3.0,2.0,4.0,5.0,2.6666666666666665,0,1,0.16999999999999993,-0.8300000000000001,0,0
2026-02-17 00:15:00,Nilem,26.26,7.32,4.27,3.0,3.0,2.0,4.0,5.0,2.6666666666666665,0,1,0.2699999999999996,-0.7300000000000004,0,0
2026-02-17 00:30:00,Nilem,25.85,7.26,4.37,2.0,3.0,2.0,4.0,5.0,2.3333333333333335,0,1,0.3700000000000001,-0.6299999999999999,0,0
2026-02-17 00:45:00,Nilem,26.37,7.41,4.04,3.0,3.0,2.0,4.0,5.0,2.6666666666666665,0,1,0.040000000000000036,-0.96,0,0
2026-02-17 01:00:00,Nilem,26.02,7.44,3.99,3.0,3.0,1.0,4.0,5.0,2.3333333333333335,1,0,-0.009999999999999787,-1.0099999999999998,1,15
2026-02-17 01:15:00,Nilem,26.51,7.27,3.94,3.0,3.0,1.0,4.0,5.0,2.3333333333333335,1,0,-0.06000000000000005,-1.06,2,30
2026-02-17 01:30:00,Nilem,26.54,7.11,4.42,3.0,3.0,2.0,4.0,5.0,2.6666666666666665,0,1,0.41999999999999993,-0.5800000000000001,0,0
2026-02-17 01:45:00,Nilem,26.6,7.4,5.03,3.0,3.0,3.0,4.0,5.0,3.0,0,0,1.0300000000000002,0.03000000000000025,0,0
2026-02-17 02:00:00,Nilem,26.94,7.34,4.12,3.0,3.0,2.0,4.0,5.0,2.6666666666666665,0,1,0.1200000000000001,-0.8799999999999999,0,0
2026-02-17 02:15:00,Nilem,27.01,7.6,4.47,3.0,3.0,2.0,4.0,5.0,2.6666666666666665,0,1,0.46999999999999975,-0.5300000000000002,0,0
2026-02-17 02:30:00,Nilem,26.85,7.62,4.24,3.0,3.0,2.0,4.0,5.0,2.6666666666666665,0,1,0.2400000000000002,-0.7599999999999998,0,0
2026-02-17 02:45:00,Nilem,26.62,7.44,4.57,3.0,3.0,2.0,4.0,5.0,2.6666666666666665,0,1,0.5700000000000003,-0.4299999999999997,0,0
2026-02-17 03:00:00,Nilem,27.6,7.51,4.33,3.0,3.0,2.0,4.0,5.0,2.6666666666666665,0,1,0.33000000000000007,-0.6699999999999999,0,0
2026-02-17 03:15:00,Nilem,27.75,7.29,4.74,3.0,3.0,2.0,4.0,5.0,2.6666666666666665,0,1,0.7400000000000002,-0.2599999999999998,0,0
2026-02-17 03:30:00,Nilem,27.35,7.42,4.52,3.0,3.0,2.0,4.0,5.0,2.6666666666666665,0,1,0.5199999999999996,-0.4800000000000004,0,0
2026-02-17 03:45:00,Nilem,27.6,7.52,4.68,3.0,3.0,2.0,4.0,5.0,2.6666666666666665,0,1,0.6799999999999997,-0.3200000000000003,0,0
2026-02-17 04:00:00,Nilem,27.68,7.4,4.63,3.0,3.0,2.0,4.0,5.0,2.6666666666666665,0,1,0.6299999999999999,-0.3700000000000001,0,0
2026-02-17 04:15:00,Nilem,27.55,7.38,4.66,3.0,3.0,2.0,4.0,5.0,2.6666666666666665,0,1,0.6600000000000001,-0.33999999999999986,0,0
2026-02-17 04:30:00,Nilem,27.19,7.25,5.08,3.0,3.0,3.0,4.0,5.0,3.0,0,0,1.08,0.08000000000000007,0,0
2026-02-17 04:45:00,Nilem,27.74,7.29,4.84,3.0,3.0,2.0,4.0,5.0,2.6666666666666665,0,1,0.8399999999999999,-0.16000000000000014,0,0
2026-02-17 05:00:00,Nilem,27.87,7.2,4.92,3.0,3.0,2.0,4.0,5.0,2.6666666666666665,0,1,0.9199999999999999,-0.08000000000000007,0,0
2026-02-17 05:15:00,Nilem,27.89,7.34,4.92,3.0,3.0,2.0,4.0,5.0,2.6666666666666665,0,1,0.9199999999999999,-0.08000000000000007,0,0
2026-02-17 05:30:00,Nilem,27.86,7.52,4.81,3.0,3.0,2.0,4.0,5.0,2.6666666666666665,0,1,0.8099999999999996,-0.1900000000000004,0,0
2026-02-17 05:45:00,Nilem,28.3,7.44,5.11,3.0,3.0,3.0,4.0,5.0,3.0,0,0,1.1100000000000003,0.11000000000000032,0,0
2026-02-17 06:00:00,Nilem,28.35,7.52,5.65,3.0,3.0,3.0,4.0,5.0,3.0,0,0,1.6500000000000004,0.6500000000000004,0,0
2026-02-17 06:15:00,Nilem,28.19,7.51,5.21,3.0,3.0,3.0,4.0,5.0,3.0,0,0,1.21,0.20999999999999996,0,0
2026-02-17 06:30:00,Nilem,28.36,7.53,5.41,3.0,3.0,3.0,4.0,5.0,3.0,0,0,1.4100000000000001,0.41000000000000014,0,0
2026-02-17 06:45:00,Nilem,28.5,7.52,4.89,3.0,3.0,2.0,4.0,5.0,2.6666666666666665,0,1,0.8899999999999997,-0.11000000000000032,0,0
2026-02-17 07:00:00,Nilem,28.63,7.36,5.7,3.0,3.0,3.0,4.0,5.0,3.0,0,0,1.7000000000000002,0.7000000000000002,0,0
2026-02-17 07:15:00,Nilem,28.67,7.47,5.57,3.0,3.0,3.0,4.0,5.0,3.0,0,0,1.5700000000000003,0.5700000000000003,0,0
2026-02-17 07:30:00,Nilem,29.22,7.23,5.63,2.0,3.0,3.0,4.0,5.0,2.6666666666666665,0,0,1.63,0.6299999999999999,0,0
2026-02-17 07:45:00,Nilem,28.76,7.48,4.81,3.0,3.0,2.0,4.0,5.0,2.6666666666666665,0,1,0.8099999999999996,-0.1900000000000004,0,0
2026-02-17 08:00:00,Nilem,28.88,7.69,6.01,3.0,3.0,3.0,4.0,5.0,3.0,0,0,2.01,1.0099999999999998,0,0
2026-02-17 08:15:00,Nilem,28.87,7.47,5.99,3.0,3.0,3.0,4.0,5.0,3.0,0,0,1.9900000000000002,0.9900000000000002,0,0
2026-02-17 08:30:00,Nilem,28.84,7.42,5.83,3.0,3.0,3.0,4.0,5.0,3.0,0,0,1.83,0.8300000000000001,0,0
2026-02-17 08:45:00,Nilem,28.98,7.61,6.14,3.0,3.0,3.0,4.0,5.0,3.0,0,0,2.1399999999999997,1.1399999999999997,0,0
2026-02-17 09:00:00,Nilem,28.8,7.67,5.83,3.0,3.0,3.0,4.0,5.0,3.0,0,0,1.83,0.8300000000000001,0,0
2026-02-17 09:15:00,Nilem,29.37,7.7,6.16,2.0,3.0,3.0,4.0,5.0,2.6666666666666665,0,0,2.16,1.1600000000000001,0,0
2026-02-17 09:30:00,Nilem,29.47,7.46,5.98,2.0,3.0,3.0,4.0,5.0,2.6666666666666665,0,0,1.9800000000000004,0.9800000000000004,0,0
2026-02-17 09:45:00,Nilem,29.22,7.51,6.08,2.0,3.0,3.0,4.0,5.0,2.6666666666666665,0,0,2.08,1.08,0,0
2026-02-17 10:00:00,Nilem,29.21,7.4,6.17,2.0,3.0,3.0,4.0,5.0,2.6666666666666665,0,0,2.17,1.17,0,0
2026-02-17 10:15:00,Nilem,28.64,7.31,6.09,3.0,3.0,3.0,4.0,5.0,3.0,0,0,2.09,1.0899999999999999,0,0
2026-02-17 10:30:00,Nilem,29.15,7.62,6.52,2.0,3.0,3.0,4.0,5.0,2.6666666666666665,0,0,2.5199999999999996,1.5199999999999996,0,0
2026-02-17 10:45:00,Nilem,28.7,7.3,6.06,3.0,3.0,3.0,4.0,5.0,3.0,0,0,2.0599999999999996,1.0599999999999996,0,0
2026-02-17 11:00:00,Nilem,29.53,7.49,6.19,2.0,3.0,3.0,4.0,5.0,2.6666666666666665,0,0,2.1900000000000004,1.1900000000000004,0,0
2026-02-17 11:15:00,Nilem,29.32,7.63,5.68,2.0,3.0,3.0,4.0,5.0,2.6666666666666665,0,0,1.6799999999999997,0.6799999999999997,0,0
2026-02-17 11:30:00,Nilem,28.7,7.55,6.06,3.0,3.0,3.0,4.0,5.0,3.0,0,0,2.0599999999999996,1.0599999999999996,0,0
2026-02-17 11:45:00,Nilem,29.57,7.68,6.41,2.0,3.0,3.0,4.0,5.0,2.6666666666666665,0,0,2.41,1.4100000000000001,0,0
2026-02-17 12:00:00,Nilem,29.61,7.48,6.29,2.0,3.0,3.0,4.0,5.0,2.6666666666666665,0,0,2.29,1.29,0,0
2026-02-17 12:15:00,Nilem,29.03,7.51,6.66,2.0,3.0,3.0,4.0,5.0,2.6666666666666665,0,0,2.66,1.6600000000000001,0,0
2026-02-17 12:30:00,Nilem,29.28,7.42,6.03,2.0,3.0,3.0,4.0,5.0,2.6666666666666665,0,0,2.0300000000000002,1.0300000000000002,0,0
2026-02-17 12:45:00,Nilem,29.09,7.44,6.33,2.0,3.0,3.0,4.0,5.0,2.6666666666666665,0,0,2.33,1.33,0,0
2026-02-17 13:00:00,Nilem,29.05,7.62,6.28,2.0,3.0,3.0,4.0,5.0,2.6666666666666665,0,0,2.2800000000000002,1.2800000000000002,0,0
2026-02-17 13:15:00,Nilem,29.02,7.65,6.64,2.0,3.0,3.0,4.0,5.0,2.6666666666666665,0,0,2.6399999999999997,1.6399999999999997,0,0
2026-02-17 13:30:00,Nilem,28.86,7.57,6.39,3.0,3.0,3.0,4.0,5.0,3.0,0,0,2.3899999999999997,1.3899999999999997,0,0
2026-02-17 13:45:00,Nilem,29.04,7.55,6.99,2.0,3.0,3.0,4.0,5.0,2.6666666666666665,0,0,2.99,1.9900000000000002,0,0
2026-02-17 14:00:00,Nilem,28.84,7.43,6.7,3.0,3.0,3.0,4.0,5.0,3.0,0,0,2.7,1.7000000000000002,0,0
2026-02-17 14:15:00,Nilem,29.21,7.81,6.75,2.0,3.0,3.0,4.0,5.0,2.6666666666666665,0,0,2.75,1.75,0,0
2026-02-17 14:30:00,Nilem,28.85,7.46,6.64,3.0,3.0,3.0,4.0,5.0,3.0,0,0,2.6399999999999997,1.6399999999999997,0,0
2026-02-17 14:45:00,Nilem,28.42,7.66,6.62,3.0,3.0,3.0,4.0,5.0,3.0,0,0,2.62,1.62,0,0
2026-02-17 15:00:00,Nilem,28.37,7.54,6.61,3.0,3.0,3.0,4.0,5.0,3.0,0,0,2.6100000000000003,1.6100000000000003,0,0
2026-02-17 15:15:00,Nilem,28.39,7.55,6.59,3.0,3.0,3.0,4.0,5.0,3.0,0,0,2.59,1.5899999999999999,0,0
2026-02-17 15:30:00,Nilem,28.18,7.52,6.63,3.0,3.0,3.0,4.0,5.0,3.0,0,0,2.63,1.63,0,0
2026-02-17 15:45:00,Nilem,28.52,7.62,6.16,3.0,3.0,3.0,4.0,5.0,3.0,0,0,2.16,1.1600000000000001,0,0
2026-02-17 16:00:00,Nilem,28.38,7.49,6.09,3.0,3.0,3.0,4.0,5.0,3.0,0,0,2.09,1.0899999999999999,0,0
2026-02-17 16:15:00,Nilem,28.16,7.59,6.21,3.0,3.0,3.0,4.0,5.0,3.0,0,0,2.21,1.21,0,0
2026-02-17 16:30:00,Nilem,27.98,7.51,6.55,3.0,3.0,3.0,4.0,5.0,3.0,0,0,2.55,1.5499999999999998,0,0
2026-02-17 16:45:00,Nilem,27.78,7.53,5.71,3.0,3.0,3.0,4.0,5.0,3.0,0,0,1.71,0.71,0,0
2026-02-17 17:00:00,Nilem,27.81,7.55,5.75,3.0,3.0,3.0,4.0,5.0,3.0,0,0,1.75,0.75,0,0
2026-02-17 17:15:00,Nilem,27.91,7.59,6.11,3.0,3.0,3.0,4.0,5.0,3.0,0,0,2.1100000000000003,1.1100000000000003,0,0
2026-02-17 17:30:00,Nilem,27.26,7.38,6.11,3.0,3.0,3.0,4.0,5.0,3.0,0,0,2.1100000000000003,1.1100000000000003,0,0
2026-02-17 17:45:00,Nilem,27.05,7.51,5.65,3.0,3.0,3.0,4.0,5.0,3.0,0,0,1.6500000000000004,0.6500000000000004,0,0
2026-02-17 18:00:00,Nilem,26.44,7.3,4.88,3.0,3.0,2.0,4.0,5.0,2.6666666666666665,0,1,0.8799999999999999,-0.1200000000000001,0,0
2026-02-17 18:15:00,Nilem,27.23,7.43,5.3,3.0,3.0,3.0,4.0,5.0,3.0,0,0,1.2999999999999998,0.2999999999999998,0,0
2026-02-17 18:30:00,Nilem,27.25,7.55,5.48,3.0,3.0,3.0,4.0,5.0,3.0,0,0,1.4800000000000004,0.4800000000000004,0,0
2026-02-17 18:45:00,Nilem,26.39,7.79,5.52,3.0,3.0,3.0,4.0,5.0,3.0,0,0,1.5199999999999996,0.5199999999999996,0,0
2026-02-17 19:00:00,Nilem,26.29,7.22,4.32,3.0,3.0,2.0,4.0,5.0,2.6666666666666665,0,1,0.3200000000000003,-0.6799999999999997,0,0
2026-02-17 19:15:00,Nilem,26.92,7.39,5.69,3.0,3.0,3.0,4.0,5.0,3.0,0,0,1.6900000000000004,0.6900000000000004,0,0
2026-02-17 19:30:00,Nilem,26.48,7.37,5.23,3.0,3.0,3.0,4.0,5.0,3.0,0,0,1.2300000000000004,0.23000000000000043,0,0
2026-02-17 19:45:00,Nilem,26.3,7.35,4.99,3.0,3.0,2.0,4.0,5.0,2.6666666666666665,0,1,0.9900000000000002,-0.009999999999999787,0,0
2026-02-17 20:00:00,Nilem,26.43,7.31,5.55,3.0,3.0,3.0,4.0,5.0,3.0,0,0,1.5499999999999998,0.5499999999999998,0,0
2026-02-17 20:15:00,Nilem,26.17,7.57,4.83,3.0,3.0,2.0,4.0,5.0,2.6666666666666665,0,1,0.8300000000000001,-0.16999999999999993,0,0
2026-02-17 20:30:00,Nilem,26.04,7.38,4.8,3.0,3.0,2.0,4.0,5.0,2.6666666666666665,0,1,0.7999999999999998,-0.20000000000000018,0,0
2026-02-17 20:45:00,Nilem,26.14,7.45,4.52,3.0,3.0,2.0,4.0,5.0,2.6666666666666665,0,1,0.5199999999999996,-0.4800000000000004,0,0
2026-02-17 21:00:00,Nilem,26.41,7.37,5.01,3.0,3.0,3.0,4.0,5.0,3.0,0,0,1.0099999999999998,0.009999999999999787,0,0
2026-02-17 21:15:00,Nilem,25.85,7.46,4.61,2.0,3.0,2.0,4.0,5.0,2.3333333333333335,0,1,0.6100000000000003,-0.3899999999999997,0,0
2026-02-17 21:30:00,Nilem,25.69,7.27,3.89,2.0,3.0,1.0,4.0,5.0,2.0,1,0,-0.10999999999999988,-1.1099999999999999,1,15
2026-02-17 21:45:00,Nilem,25.58,7.39,4.35,2.0,3.0,2.0,4.0,5.0,2.3333333333333335,0,1,0.34999999999999964,-0.6500000000000004,0,0
2026-02-17 22:00:00,Nilem,25.87,7.49,4.25,2.0,3.0,2.0,4.0,5.0,2.3333333333333335,0,1,0.25,-0.75,0,0
2026-02-17 22:15:00,Nilem,26.05,7.33,5.41,3.0,3.0,3.0,4.0,5.0,3.0,0,0,1.4100000000000001,0.41000000000000014,0,0
2026-02-17 22:30:00,Nilem,25.85,7.45,4.42,2.0,3.0,2.0,4.0,5.0,2.3333333333333335,0,1,0.41999999999999993,-0.5800000000000001,0,0
2026-02-17 22:45:00,Nilem,26.35,7.42,4.28,3.0,3.0,2.0,4.0,5.0,2.6666666666666665,0,1,0.28000000000000025,-0.7199999999999998,0,0
2026-02-17 23:00:00,Nilem,26.42,7.3,4.5,3.0,3.0,2.0,4.0,5.0,2.6666666666666665,0,1,0.5,-0.5,0,0
2026-02-17 23:15:00,Nilem,26.05,7.52,4.59,3.0,3.0,2.0,4.0,5.0,2.6666666666666665,0,1,0.5899999999999999,-0.41000000000000014,0,0
2026-02-17 23:30:00,Nilem,26.26,7.34,4.37,3.0,3.0,2.0,4.0,5.0,2.6666666666666665,0,1,0.3700000000000001,-0.6299999999999999,0,0
2026-02-17 23:45:00,Nilem,26.14,7.39,4.53,3.0,3.0,2.0,4.0,5.0,2.6666666666666665,0,1,0.5300000000000002,-0.46999999999999975,0,0
2026-02-18 00:00:00,Nilem,26.07,7.43,3.57,3.0,3.0,1.0,4.0,5.0,2.3333333333333335,1,0,-0.43000000000000016,-1.4300000000000002,1,15
2026-02-18 00:15:00,Nilem,26.19,7.37,3.83,3.0,3.0,1.0,4.0,5.0,2.3333333333333335,1,0,-0.16999999999999993,-1.17,2,30
2026-02-18 00:30:00,Nilem,26.13,7.55,4.15,3.0,3.0,2.0,4.0,5.0,2.6666666666666665,0,1,0.15000000000000036,-0.8499999999999996,0,0
2026-02-18 00:45:00,Nilem,25.86,7.35,4.04,2.0,3.0,2.0,4.0,5.0,2.3333333333333335,0,1,0.040000000000000036,-0.96,0,0
2026-02-18 01:00:00,Nilem,26.12,7.44,4.25,3.0,3.0,2.0,4.0,5.0,2.6666666666666665,0,1,0.25,-0.75,0,0
2026-02-18 01:15:00,Nilem,25.83,7.41,3.51,2.0,3.0,1.0,4.0,5.0,2.0,1,0,-0.4900000000000002,-1.4900000000000002,1,15
2026-02-18 01:30:00,Nilem,26.79,7.36,4.6,3.0,3.0,2.0,4.0,5.0,2.6666666666666665,0,1,0.5999999999999996,-0.40000000000000036,0,0
2026-02-18 01:45:00,Nilem,26.36,7.3,4.1,3.0,3.0,2.0,4.0,5.0,2.6666666666666665,0,1,0.09999999999999964,-0.9000000000000004,0,0
2026-02-18 02:00:00,Nilem,25.8,7.08,2.62,2.0,3.0,1.0,4.0,5.0,2.0,1,0,-1.38,-2.38,1,15
2026-02-18 02:15:00,Nilem,26.49,7.22,4.27,3.0,3.0,2.0,4.0,5.0,2.6666666666666665,0,1,0.2699999999999996,-0.7300000000000004,0,0
2026-02-18 02:30:00,Nilem,26.85,7.5,4.41,3.0,3.0,2.0,4.0,5.0,2.6666666666666665,0,1,0.41000000000000014,-0.5899999999999999,0,0
2026-02-18 02:45:00,Nilem,27.01,7.25,4.6,3.0,3.0,2.0,4.0,5.0,2.6666666666666665,0,1,0.5999999999999996,-0.40000000000000036,0,0
2026-02-18 03:00:00,Nilem,27.18,7.36,4.37,3.0,3.0,2.0,4.0,5.0,2.6666666666666665,0,1,0.3700000000000001,-0.6299999999999999,0,0
2026-02-18 03:15:00,Nilem,27.02,7.47,4.52,3.0,3.0,2.0,4.0,5.0,2.6666666666666665,0,1,0.5199999999999996,-0.4800000000000004,0,0
2026-02-18 03:30:00,Nilem,27.32,7.49,4.61,3.0,3.0,2.0,4.0,5.0,2.6666666666666665,0,1,0.6100000000000003,-0.3899999999999997,0,0
2026-02-18 03:45:00,Nilem,27.58,7.3,4.84,3.0,3.0,2.0,4.0,5.0,2.6666666666666665,0,1,0.8399999999999999,-0.16000000000000014,0,0
2026-02-18 04:00:00,Nilem,26.99,7.26,5.16,3.0,3.0,3.0,4.0,5.0,3.0,0,0,1.1600000000000001,0.16000000000000014,0,0
2026-02-18 04:15:00,Nilem,27.66,7.37,5.2,3.0,3.0,3.0,4.0,5.0,3.0,0,0,1.2000000000000002,0.20000000000000018,0,0
2026-02-18 04:30:00,Nilem,27.47,7.35,4.54,3.0,3.0,2.0,4.0,5.0,2.6666666666666665,0,1,0.54,-0.45999999999999996,0,0
2026-02-18 04:45:00,Nilem,27.76,7.16,4.82,3.0,3.0,2.0,4.0,5.0,2.6666666666666665,0,1,0.8200000000000003,-0.17999999999999972,0,0
2026-02-18 05:00:00,Nilem,28.04,7.43,5.05,3.0,3.0,3.0,4.0,5.0,3.0,0,0,1.0499999999999998,0.04999999999999982,0,0
2026-02-18 05:15:00,Nilem,28.19,7.41,4.86,3.0,3.0,2.0,4.0,5.0,2.6666666666666665,0,1,0.8600000000000003,-0.13999999999999968,0,0
2026-02-18 05:30:00,Nilem,28.59,7.43,5.18,3.0,3.0,3.0,4.0,5.0,3.0,0,0,1.1799999999999997,0.17999999999999972,0,0
2026-02-18 05:45:00,Nilem,27.82,7.61,5.15,3.0,3.0,3.0,4.0,5.0,3.0,0,0,1.1500000000000004,0.15000000000000036,0,0
2026-02-18 06:00:00,Nilem,28.32,7.31,5.23,3.0,3.0,3.0,4.0,5.0,3.0,0,0,1.2300000000000004,0.23000000000000043,0,0
2026-02-18 06:15:00,Nilem,28.48,7.34,5.29,3.0,3.0,3.0,4.0,5.0,3.0,0,0,1.29,0.29000000000000004,0,0
2026-02-18 06:30:00,Nilem,28.81,7.43,5.2,3.0,3.0,3.0,4.0,5.0,3.0,0,0,1.2000000000000002,0.20000000000000018,0,0
2026-02-18 06:45:00,Nilem,28.74,7.31,5.27,3.0,3.0,3.0,4.0,5.0,3.0,0,0,1.2699999999999996,0.2699999999999996,0,0
2026-02-18 07:00:00,Nilem,28.34,7.39,5.7,3.0,3.0,3.0,4.0,5.0,3.0,0,0,1.7000000000000002,0.7000000000000002,0,0
2026-02-18 07:15:00,Nilem,28.67,7.47,5.75,3.0,3.0,3.0,4.0,5.0,3.0,0,0,1.75,0.75,0,0
2026-02-18 07:30:00,Nilem,28.71,7.53,5.87,3.0,3.0,3.0,4.0,5.0,3.0,0,0,1.87,0.8700000000000001,0,0
2026-02-18 07:45:00,Nilem,29.22,7.61,6.08,2.0,3.0,3.0,4.0,5.0,2.6666666666666665,0,0,2.08,1.08,0,0
2026-02-18 08:00:00,Nilem,28.29,7.65,5.86,3.0,3.0,3.0,4.0,5.0,3.0,0,0,1.8600000000000003,0.8600000000000003,0,0
2026-02-18 08:15:00,Nilem,29.17,7.4,5.7,2.0,3.0,3.0,4.0,5.0,2.6666666666666665,0,0,1.7000000000000002,0.7000000000000002,0,0
2026-02-18 08:30:00,Nilem,28.87,7.62,6.16,3.0,3.0,3.0,4.0,5.0,3.0,0,0,2.16,1.1600000000000001,0,0
2026-02-18 08:45:00,Nilem,29.25,7.5,6.23,2.0,3.0,3.0,4.0,5.0,2.6666666666666665,0,0,2.2300000000000004,1.2300000000000004,0,0
2026-02-18 09:00:00,Nilem,28.59,7.62,6.55,3.0,3.0,3.0,4.0,5.0,3.0,0,0,2.55,1.5499999999999998,0,0
2026-02-18 09:15:00,Nilem,29.31,7.64,6.28,2.0,3.0,3.0,4.0,5.0,2.6666666666666665,0,0,2.2800000000000002,1.2800000000000002,0,0
2026-02-18 09:30:00,Nilem,29.28,7.48,6.07,2.0,3.0,3.0,4.0,5.0,2.6666666666666665,0,0,2.0700000000000003,1.0700000000000003,0,0
2026-02-18 09:45:00,Nilem,29.38,7.55,6.02,2.0,3.0,3.0,4.0,5.0,2.6666666666666665,0,0,2.0199999999999996,1.0199999999999996,0,0
2026-02-18 10:00:00,Nilem,29.27,7.54,6.22,2.0,3.0,3.0,4.0,5.0,2.6666666666666665,0,0,2.2199999999999998,1.2199999999999998,0,0
2026-02-18 10:15:00,Nilem,29.33,7.54,6.31,2.0,3.0,3.0,4.0,5.0,2.6666666666666665,0,0,2.3099999999999996,1.3099999999999996,0,0
2026-02-18 10:30:00,Nilem,29.53,7.69,6.35,2.0,3.0,3.0,4.0,5.0,2.6666666666666665,0,0,2.3499999999999996,1.3499999999999996,0,0
2026-02-18 10:45:00,Nilem,29.55,7.49,6.45,2.0,3.0,3.0,4.0,5.0,2.6666666666666665,0,0,2.45,1.4500000000000002,0,0
2026-02-18 11:00:00,Nilem,29.41,7.69,6.48,2.0,3.0,3.0,4.0,5.0,2.6666666666666665,0,0,2.4800000000000004,1.4800000000000004,0,0
2026-02-18 11:15:00,Nilem,29.39,7.77,6.35,2.0,3.0,3.0,4.0,5.0,2.6666666666666665,0,0,2.3499999999999996,1.3499999999999996,0,0
2026-02-18 11:30:00,Nilem,29.36,7.58,6.49,2.0,3.0,3.0,4.0,5.0,2.6666666666666665,0,0,2.49,1.4900000000000002,0,0
2026-02-18 11:45:00,Nilem,29.3,7.67,6.31,2.0,3.0,3.0,4.0,5.0,2.6666666666666665,0,0,2.3099999999999996,1.3099999999999996,0,0
2026-02-18 12:00:00,Nilem,29.63,7.49,6.45,2.0,3.0,3.0,4.0,5.0,2.6666666666666665,0,0,2.45,1.4500000000000002,0,0
2026-02-18 12:15:00,Nilem,29.17,7.56,6.75,2.0,3.0,3.0,4.0,5.0,2.6666666666666665,0,0,2.75,1.75,0,0
2026-02-18 12:30:00,Nilem,29.04,7.52,6.48,2.0,3.0,3.0,4.0,5.0,2.6666666666666665,0,0,2.4800000000000004,1.4800000000000004,0,0
2026-02-18 12:45:00,Nilem,28.98,7.5,6.58,3.0,3.0,3.0,4.0,5.0,3.0,0,0,2.58,1.58,0,0
2026-02-18 13:00:00,Nilem,29.18,7.7,6.91,2.0,3.0,3.0,4.0,5.0,2.6666666666666665,0,0,2.91,1.9100000000000001,0,0
2026-02-18 13:15:00,Nilem,28.93,7.53,7.26,3.0,3.0,3.0,4.0,5.0,3.0,0,0,3.26,2.26,0,0
2026-02-18 13:30:00,Nilem,29.35,7.74,6.65,2.0,3.0,3.0,4.0,5.0,2.6666666666666665,0,0,2.6500000000000004,1.6500000000000004,0,0
2026-02-18 13:45:00,Nilem,29.04,7.79,6.69,2.0,3.0,3.0,4.0,5.0,2.6666666666666665,0,0,2.6900000000000004,1.6900000000000004,0,0
2026-02-18 14:00:00,Nilem,28.96,7.52,6.46,3.0,3.0,3.0,4.0,5.0,3.0,0,0,2.46,1.46,0,0
2026-02-18 14:15:00,Nilem,28.37,7.56,6.61,3.0,3.0,3.0,4.0,5.0,3.0,0,0,2.6100000000000003,1.6100000000000003,0,0
2026-02-18 14:30:00,Nilem,28.36,7.61,6.58,3.0,3.0,3.0,4.0,5.0,3.0,0,0,2.58,1.58,0,0
2026-02-18 14:45:00,Nilem,28.49,7.61,6.75,3.0,3.0,3.0,4.0,5.0,3.0,0,0,2.75,1.75,0,0
2026-02-18 15:00:00,Nilem,28.2,7.49,6.5,3.0,3.0,3.0,4.0,5.0,3.0,0,0,2.5,1.5,0,0
2026-02-18 15:15:00,Nilem,28.75,7.68,6.54,3.0,3.0,3.0,4.0,5.0,3.0,0,0,2.54,1.54,0,0
2026-02-18 15:30:00,Nilem,28.27,7.54,6.69,3.0,3.0,3.0,4.0,5.0,3.0,0,0,2.6900000000000004,1.6900000000000004,0,0
2026-02-18 15:45:00,Nilem,27.94,7.71,6.82,3.0,3.0,3.0,4.0,5.0,3.0,0,0,2.8200000000000003,1.8200000000000003,0,0
2026-02-18 16:00:00,Nilem,28.22,7.43,6.62,3.0,3.0,3.0,4.0,5.0,3.0,0,0,2.62,1.62,0,0
2026-02-18 16:15:00,Nilem,28.09,7.65,6.68,3.0,3.0,3.0,4.0,5.0,3.0,0,0,2.6799999999999997,1.6799999999999997,0,0
2026-02-18 16:30:00,Nilem,27.87,7.61,5.94,3.0,3.0,3.0,4.0,5.0,3.0,0,0,1.9400000000000004,0.9400000000000004,0,0
2026-02-18 16:45:00,Nilem,27.69,7.71,5.83,3.0,3.0,3.0,4.0,5.0,3.0,0,0,1.83,0.8300000000000001,0,0
2026-02-18 17:00:00,Nilem,27.78,7.46,6.11,3.0,3.0,3.0,4.0,5.0,3.0,0,0,2.1100000000000003,1.1100000000000003,0,0
2026-02-18 17:15:00,Nilem,27.76,7.74,6.15,3.0,3.0,3.0,4.0,5.0,3.0,0,0,2.1500000000000004,1.1500000000000004,0,0
2026-02-18 17:30:00,Nilem,27.57,7.5,5.88,3.0,3.0,3.0,4.0,5.0,3.0,0,0,1.88,0.8799999999999999,0,0
2026-02-18 17:45:00,Nilem,27.54,7.48,5.72,3.0,3.0,3.0,4.0,5.0,3.0,0,0,1.7199999999999998,0.7199999999999998,0,0
2026-02-18 18:00:00,Nilem,27.47,7.55,5.96,3.0,3.0,3.0,4.0,5.0,3.0,0,0,1.96,0.96,0,0
2026-02-18 18:15:00,Nilem,26.6,7.57,6.13,3.0,3.0,3.0,4.0,5.0,3.0,0,0,2.13,1.13,0,0
2026-02-18 18:30:00,Nilem,26.82,7.54,5.9,3.0,3.0,3.0,4.0,5.0,3.0,0,0,1.9000000000000004,0.9000000000000004,0,0
2026-02-18 18:45:00,Nilem,26.7,7.56,5.78,3.0,3.0,3.0,4.0,5.0,3.0,0,0,1.7800000000000002,0.7800000000000002,0,0
2026-02-18 19:00:00,Nilem,26.88,7.56,5.42,3.0,3.0,3.0,4.0,5.0,3.0,0,0,1.42,0.41999999999999993,0,0
2026-02-18 19:15:00,Nilem,27.03,7.53,5.36,3.0,3.0,3.0,4.0,5.0,3.0,0,0,1.3600000000000003,0.3600000000000003,0,0
2026-02-18 19:30:00,Nilem,26.94,7.61,5.19,3.0,3.0,3.0,4.0,5.0,3.0,0,0,1.1900000000000004,0.1900000000000004,0,0
2026-02-18 19:45:00,Nilem,26.59,7.48,5.29,3.0,3.0,3.0,4.0,5.0,3.0,0,0,1.29,0.29000000000000004,0,0
2026-02-18 20:00:00,Nilem,26.33,7.4,4.9,3.0,3.0,2.0,4.0,5.0,2.6666666666666665,0,1,0.9000000000000004,-0.09999999999999964,0,0
2026-02-18 20:15:00,Nilem,26.65,7.51,5.33,3.0,3.0,3.0,4.0,5.0,3.0,0,0,1.33,0.33000000000000007,0,0
2026-02-18 20:30:00,Nilem,26.19,7.44,5.15,3.0,3.0,3.0,4.0,5.0,3.0,0,0,1.1500000000000004,0.15000000000000036,0,0
2026-02-18 20:45:00,Nilem,26.56,7.62,4.53,3.0,3.0,2.0,4.0,5.0,2.6666666666666665,0,1,0.5300000000000002,-0.46999999999999975,0,0
2026-02-18 21:00:00,Nilem,26.26,7.46,4.98,3.0,3.0,2.0,4.0,5.0,2.6666666666666665,0,1,0.9800000000000004,-0.019999999999999574,0,0
2026-02-18 21:15:00,Nilem,26.09,7.63,5.09,3.0,3.0,3.0,4.0,5.0,3.0,0,0,1.0899999999999999,0.08999999999999986,0,0
2026-02-18 21:30:00,Nilem,26.21,7.4,4.79,3.0,3.0,2.0,4.0,5.0,2.6666666666666665,0,1,0.79,-0.20999999999999996,0,0
2026-02-18 21:45:00,Nilem,26.0,7.35,4.87,3.0,3.0,2.0,4.0,5.0,2.6666666666666665,0,1,0.8700000000000001,-0.1299999999999999,0,0
2026-02-18 22:00:00,Nilem,26.25,7.51,4.67,3.0,3.0,2.0,4.0,5.0,2.6666666666666665,0,1,0.6699999999999999,-0.33000000000000007,0,0
2026-02-18 22:15:00,Nilem,26.17,7.46,4.81,3.0,3.0,2.0,4.0,5.0,2.6666666666666665,0,1,0.8099999999999996,-0.1900000000000004,0,0
2026-02-18 22:30:00,Nilem,26.29,7.33,4.6,3.0,3.0,2.0,4.0,5.0,2.6666666666666665,0,1,0.5999999999999996,-0.40000000000000036,0,0
2026-02-18 22:45:00,Nilem,26.18,7.28,4.43,3.0,3.0,2.0,4.0,5.0,2.6666666666666665,0,1,0.4299999999999997,-0.5700000000000003,0,0
2026-02-18 23:00:00,Nilem,25.65,7.37,4.61,2.0,3.0,2.0,4.0,5.0,2.3333333333333335,0,1,0.6100000000000003,-0.3899999999999997,0,0
2026-02-18 23:15:00,Nilem,26.31,7.34,4.62,3.0,3.0,2.0,4.0,5.0,2.6666666666666665,0,1,0.6200000000000001,-0.3799999999999999,0,0
2026-02-18 23:30:00,Nilem,26.16,7.19,4.29,3.0,3.0,2.0,4.0,5.0,2.6666666666666665,0,1,0.29000000000000004,-0.71,0,0
2026-02-18 23:45:00,Nilem,25.95,7.48,4.55,2.0,3.0,2.0,4.0,5.0,2.3333333333333335,0,1,0.5499999999999998,-0.4500000000000002,0,0
2026-02-19 00:00:00,Nilem,25.96,7.4,4.06,2.0,3.0,2.0,4.0,5.0,2.3333333333333335,0,1,0.05999999999999961,-0.9400000000000004,0,0
2026-02-19 00:15:00,Nilem,25.3,7.21,3.89,2.0,3.0,1.0,4.0,5.0,2.0,1,0,-0.10999999999999988,-1.1099999999999999,1,15
2026-02-19 00:30:00,Nilem,26.15,7.35,4.26,3.0,3.0,2.0,4.0,5.0,2.6666666666666665,0,1,0.2599999999999998,-0.7400000000000002,0,0
2026-02-19 00:45:00,Nilem,25.58,7.39,3.88,2.0,3.0,1.0,4.0,5.0,2.0,1,0,-0.1200000000000001,-1.12,1,15
2026-02-19 01:00:00,Nilem,25.66,7.18,2.93,2.0,3.0,1.0,4.0,5.0,2.0,1,0,-1.0699999999999998,-2.07,2,30
2026-02-19 01:15:00,Nilem,26.34,7.45,4.15,3.0,3.0,2.0,4.0,5.0,2.6666666666666665,0,1,0.15000000000000036,-0.8499999999999996,0,0
2026-02-19 01:30:00,Nilem,26.6,7.28,4.25,3.0,3.0,2.0,4.0,5.0,2.6666666666666665,0,1,0.25,-0.75,0,0
2026-02-19 01:45:00,Nilem,26.55,7.32,4.16,3.0,3.0,2.0,4.0,5.0,2.6666666666666665,0,1,0.16000000000000014,-0.8399999999999999,0,0
2026-02-19 02:00:00,Nilem,26.49,7.05,3.32,3.0,3.0,1.0,4.0,5.0,2.3333333333333335,1,0,-0.6800000000000002,-1.6800000000000002,1,15
2026-02-19 02:15:00,Nilem,26.69,7.16,4.36,3.0,3.0,2.0,4.0,5.0,2.6666666666666665,0,1,0.3600000000000003,-0.6399999999999997,0,0
2026-02-19 02:30:00,Nilem,26.83,7.28,4.19,3.0,3.0,2.0,4.0,5.0,2.6666666666666665,0,1,0.1900000000000004,-0.8099999999999996,0,0
2026-02-19 02:45:00,Nilem,26.93,7.26,4.52,3.0,3.0,2.0,4.0,5.0,2.6666666666666665,0,1,0.5199999999999996,-0.4800000000000004,0,0
2026-02-19 03:00:00,Nilem,26.46,7.43,4.62,3.0,3.0,2.0,4.0,5.0,2.6666666666666665,0,1,0.6200000000000001,-0.3799999999999999,0,0
2026-02-19 03:15:00,Nilem,27.31,7.38,4.81,3.0,3.0,2.0,4.0,5.0,2.6666666666666665,0,1,0.8099999999999996,-0.1900000000000004,0,0
2026-02-19 03:30:00,Nilem,26.79,7.4,4.6,3.0,3.0,2.0,4.0,5.0,2.6666666666666665,0,1,0.5999999999999996,-0.40000000000000036,0,0
2026-02-19 03:45:00,Nilem,27.5,7.34,4.49,3.0,3.0,2.0,4.0,5.0,2.6666666666666665,0,1,0.4900000000000002,-0.5099999999999998,0,0
2026-02-19 04:00:00,Nilem,27.49,7.35,4.79,3.0,3.0,2.0,4.0,5.0,2.6666666666666665,0,1,0.79,-0.20999999999999996,0,0
2026-02-19 04:15:00,Nilem,27.76,7.31,4.61,3.0,3.0,2.0,4.0,5.0,2.6666666666666665,0,1,0.6100000000000003,-0.3899999999999997,0,0
2026-02-19 04:30:00,Nilem,27.44,7.48,4.44,3.0,3.0,2.0,4.0,5.0,2.6666666666666665,0,1,0.4400000000000004,-0.5599999999999996,0,0
2026-02-19 04:45:00,Nilem,27.72,7.28,4.91,3.0,3.0,2.0,4.0,5.0,2.6666666666666665,0,1,0.9100000000000001,-0.08999999999999986,0,0
2026-02-19 05:00:00,Nilem,27.69,7.38,4.71,3.0,3.0,2.0,4.0,5.0,2.6666666666666665,0,1,0.71,-0.29000000000000004,0,0
2026-02-19 05:15:00,Nilem,28.14,7.47,4.77,3.0,3.0,2.0,4.0,5.0,2.6666666666666665,0,1,0.7699999999999996,-0.23000000000000043,0,0
2026-02-19 05:30:00,Nilem,28.13,7.39,5.15,3.0,3.0,3.0,4.0,5.0,3.0,0,0,1.1500000000000004,0.15000000000000036,0,0
2026-02-19 05:45:00,Nilem,27.75,7.29,5.3,3.0,3.0,3.0,4.0,5.0,3.0,0,0,1.2999999999999998,0.2999999999999998,0,0
2026-02-19 06:00:00,Nilem,28.13,7.38,5.05,3.0,3.0,3.0,4.0,5.0,3.0,0,0,1.0499999999999998,0.04999999999999982,0,0
2026-02-19 06:15:00,Nilem,27.91,7.53,5.38,3.0,3.0,3.0,4.0,5.0,3.0,0,0,1.38,0.3799999999999999,0,0
2026-02-19 06:30:00,Nilem,27.5,7.37,3.96,3.0,3.0,1.0,4.0,5.0,2.3333333333333335,1,0,-0.040000000000000036,-1.04,1,15
2026-02-19 06:45:00,Nilem,27.79,7.12,4.26,3.0,3.0,2.0,4.0,5.0,2.6666666666666665,0,1,0.2599999999999998,-0.7400000000000002,0,0
2026-02-19 07:00:00,Nilem,27.92,7.34,4.14,3.0,3.0,2.0,4.0,5.0,2.6666666666666665,0,1,0.13999999999999968,-0.8600000000000003,0,0
2026-02-19 07:15:00,Nilem,27.9,7.21,4.12,3.0,3.0,2.0,4.0,5.0,2.6666666666666665,0,1,0.1200000000000001,-0.8799999999999999,0,0
2026-02-19 07:30:00,Nilem,27.82,7.28,4.41,3.0,3.0,2.0,4.0,5.0,2.6666666666666665,0,1,0.41000000000000014,-0.5899999999999999,0,0
2026-02-19 07:45:00,Nilem,28.18,7.29,4.93,3.0,3.0,2.0,4.0,5.0,2.6666666666666665,0,1,0.9299999999999997,-0.07000000000000028,0,0
2026-02-19 08:00:00,Nilem,28.05,7.17,4.54,3.0,3.0,2.0,4.0,5.0,2.6666666666666665,0,1,0.54,-0.45999999999999996,0,0
2026-02-19 08:15:00,Nilem,28.13,7.3,4.28,3.0,3.0,2.0,4.0,5.0,2.6666666666666665,0,1,0.28000000000000025,-0.7199999999999998,0,0
2026-02-19 08:30:00,Nilem,28.21,7.21,5.07,3.0,3.0,3.0,4.0,5.0,3.0,0,0,1.0700000000000003,0.07000000000000028,0,0
2026-02-19 08:45:00,Nilem,28.18,7.3,4.61,3.0,3.0,2.0,4.0,5.0,2.6666666666666665,0,1,0.6100000000000003,-0.3899999999999997,0,0
2026-02-19 09:00:00,Nilem,28.75,7.61,5.46,3.0,3.0,3.0,4.0,5.0,3.0,0,0,1.46,0.45999999999999996,0,0
2026-02-19 09:15:00,Nilem,28.35,7.49,4.71,3.0,3.0,2.0,4.0,5.0,2.6666666666666665,0,1,0.71,-0.29000000000000004,0,0
2026-02-19 09:30:00,Nilem,28.87,7.35,5.15,3.0,3.0,3.0,4.0,5.0,3.0,0,0,1.1500000000000004,0.15000000000000036,0,0
2026-02-19 09:45:00,Nilem,28.65,7.16,4.49,3.0,3.0,2.0,4.0,5.0,2.6666666666666665,0,1,0.4900000000000002,-0.5099999999999998,0,0
2026-02-19 10:00:00,Nilem,28.24,7.45,5.27,3.0,3.0,3.0,4.0,5.0,3.0,0,0,1.2699999999999996,0.2699999999999996,0,0
2026-02-19 10:15:00,Nilem,28.83,7.47,5.81,3.0,3.0,3.0,4.0,5.0,3.0,0,0,1.8099999999999996,0.8099999999999996,0,0
2026-02-19 10:30:00,Nilem,28.92,7.49,5.78,3.0,3.0,3.0,4.0,5.0,3.0,0,0,1.7800000000000002,0.7800000000000002,0,0
2026-02-19 10:45:00,Nilem,28.89,7.53,5.72,3.0,3.0,3.0,4.0,5.0,3.0,0,0,1.7199999999999998,0.7199999999999998,0,0
2026-02-19 11:00:00,Nilem,28.81,7.18,5.53,3.0,3.0,3.0,4.0,5.0,3.0,0,0,1.5300000000000002,0.5300000000000002,0,0
2026-02-19 11:15:00,Nilem,28.29,7.4,5.07,3.0,3.0,3.0,4.0,5.0,3.0,0,0,1.0700000000000003,0.07000000000000028,0,0
2026-02-19 11:30:00,Nilem,28.58,7.28,6.3,3.0,3.0,3.0,4.0,5.0,3.0,0,0,2.3,1.2999999999999998,0,0
2026-02-19 11:45:00,Nilem,28.08,7.44,5.06,3.0,3.0,3.0,4.0,5.0,3.0,0,0,1.0599999999999996,0.05999999999999961,0,0
2026-02-19 12:00:00,Nilem,28.37,7.38,5.15,3.0,3.0,3.0,4.0,5.0,3.0,0,0,1.1500000000000004,0.15000000000000036,0,0
2026-02-19 12:15:00,Nilem,28.96,7.53,5.69,3.0,3.0,3.0,4.0,5.0,3.0,0,0,1.6900000000000004,0.6900000000000004,0,0
2026-02-19 12:30:00,Nilem,28.33,7.12,5.64,3.0,3.0,3.0,4.0,5.0,3.0,0,0,1.6399999999999997,0.6399999999999997,0,0
2026-02-19 12:45:00,Nilem,27.6,7.44,5.07,3.0,3.0,3.0,4.0,5.0,3.0,0,0,1.0700000000000003,0.07000000000000028,0,0
2026-02-19 13:00:00,Nilem,28.3,7.55,5.77,3.0,3.0,3.0,4.0,5.0,3.0,0,0,1.7699999999999996,0.7699999999999996,0,0
2026-02-19 13:15:00,Nilem,28.22,7.69,6.02,3.0,3.0,3.0,4.0,5.0,3.0,0,0,2.0199999999999996,1.0199999999999996,0,0
2026-02-19 13:30:00,Nilem,28.09,7.5,5.25,3.0,3.0,3.0,4.0,5.0,3.0,0,0,1.25,0.25,0,0
2026-02-19 13:45:00,Nilem,27.87,7.49,5.59,3.0,3.0,3.0,4.0,5.0,3.0,0,0,1.5899999999999999,0.5899999999999999,0,0
2026-02-19 14:00:00,Nilem,28.67,7.43,6.26,3.0,3.0,3.0,4.0,5.0,3.0,0,0,2.26,1.2599999999999998,0,0
2026-02-19 14:15:00,Nilem,27.67,7.33,4.99,3.0,3.0,2.0,4.0,5.0,2.6666666666666665,0,1,0.9900000000000002,-0.009999999999999787,0,0
2026-02-19 14:30:00,Nilem,28.84,7.5,5.62,3.0,3.0,3.0,4.0,5.0,3.0,0,0,1.62,0.6200000000000001,0,0
2026-02-19 14:45:00,Nilem,28.24,7.36,4.91,3.0,3.0,2.0,4.0,5.0,2.6666666666666665,0,1,0.9100000000000001,-0.08999999999999986,0,0
2026-02-19 15:00:00,Nilem,27.31,7.33,4.84,3.0,3.0,2.0,4.0,5.0,2.6666666666666665,0,1,0.8399999999999999,-0.16000000000000014,0,0
2026-02-19 15:15:00,Nilem,27.71,7.38,5.59,3.0,3.0,3.0,4.0,5.0,3.0,0,0,1.5899999999999999,0.5899999999999999,0,0
2026-02-19 15:30:00,Nilem,27.79,7.49,5.94,3.0,3.0,3.0,4.0,5.0,3.0,0,0,1.9400000000000004,0.9400000000000004,0,0
2026-02-19 15:45:00,Nilem,27.55,7.47,5.21,3.0,3.0,3.0,4.0,5.0,3.0,0,0,1.21,0.20999999999999996,0,0
2026-02-19 16:00:00,Nilem,27.14,7.28,6.18,3.0,3.0,3.0,4.0,5.0,3.0,0,0,2.1799999999999997,1.1799999999999997,0,0
2026-02-19 16:15:00,Nilem,27.45,7.48,5.41,3.0,3.0,3.0,4.0,5.0,3.0,0,0,1.4100000000000001,0.41000000000000014,0,0
2026-02-19 16:30:00,Nilem,27.29,7.33,4.75,3.0,3.0,2.0,4.0,5.0,2.6666666666666665,0,1,0.75,-0.25,0,0
2026-02-19 16:45:00,Nilem,27.06,7.57,5.03,3.0,3.0,3.0,4.0,5.0,3.0,0,0,1.0300000000000002,0.03000000000000025,0,0
2026-02-19 17:00:00,Nilem,26.71,7.32,4.93,3.0,3.0,2.0,4.0,5.0,2.6666666666666665,0,1,0.9299999999999997,-0.07000000000000028,0,0
2026-02-19 17:15:00,Nilem,26.85,7.44,5.19,3.0,3.0,3.0,4.0,5.0,3.0,0,0,1.1900000000000004,0.1900000000000004,0,0
2026-02-19 17:30:00,Nilem,27.23,7.54,5.18,3.0,3.0,3.0,4.0,5.0,3.0,0,0,1.1799999999999997,0.17999999999999972,0,0
2026-02-19 17:45:00,Nilem,26.97,7.33,5.15,3.0,3.0,3.0,4.0,5.0,3.0,0,0,1.1500000000000004,0.15000000000000036,0,0
2026-02-19 18:00:00,Nilem,26.88,7.59,4.82,3.0,3.0,2.0,4.0,5.0,2.6666666666666665,0,1,0.8200000000000003,-0.17999999999999972,0,0
2026-02-19 18:15:00,Nilem,26.42,7.34,4.54,3.0,3.0,2.0,4.0,5.0,2.6666666666666665,0,1,0.54,-0.45999999999999996,0,0
2026-02-19 18:30:00,Nilem,26.75,7.28,4.8,3.0,3.0,2.0,4.0,5.0,2.6666666666666665,0,1,0.7999999999999998,-0.20000000000000018,0,0
2026-02-19 18:45:00,Nilem,26.11,7.25,4.17,3.0,3.0,2.0,4.0,5.0,2.6666666666666665,0,1,0.16999999999999993,-0.8300000000000001,0,0
2026-02-19 19:00:00,Nilem,26.47,7.19,4.33,3.0,3.0,2.0,4.0,5.0,2.6666666666666665,0,1,0.33000000000000007,-0.6699999999999999,0,0
2026-02-19 19:15:00,Nilem,26.28,7.41,3.96,3.0,3.0,1.0,4.0,5.0,2.3333333333333335,1,0,-0.040000000000000036,-1.04,1,15
2026-02-19 19:30:00,Nilem,25.98,7.28,4.4,2.0,3.0,2.0,4.0,5.0,2.3333333333333335,0,1,0.40000000000000036,-0.5999999999999996,0,0
2026-02-19 19:45:00,Nilem,25.77,7.21,3.87,2.0,3.0,1.0,4.0,5.0,2.0,1,0,-0.1299999999999999,-1.13,1,15
2026-02-19 20:00:00,Nilem,25.93,7.12,4.57,2.0,3.0,2.0,4.0,5.0,2.3333333333333335,0,1,0.5700000000000003,-0.4299999999999997,0,0
2026-02-19 20:15:00,Nilem,25.58,7.03,3.6,2.0,3.0,1.0,4.0,5.0,2.0,1,0,-0.3999999999999999,-1.4,1,15
2026-02-19 20:30:00,Nilem,25.93,7.09,3.82,2.0,3.0,1.0,4.0,5.0,2.0,1,0,-0.18000000000000016,-1.1800000000000002,2,30
2026-02-19 20:45:00,Nilem,25.7,7.29,3.77,2.0,3.0,1.0,4.0,5.0,2.0,1,0,-0.22999999999999998,-1.23,3,45
2026-02-19 21:00:00,Nilem,25.46,7.23,3.82,2.0,3.0,1.0,4.0,5.0,2.0,1,0,-0.18000000000000016,-1.1800000000000002,4,60
2026-02-19 21:15:00,Nilem,25.1,7.19,3.58,2.0,3.0,1.0,4.0,5.0,2.0,1,0,-0.41999999999999993,-1.42,5,75
2026-02-19 21:30:00,Nilem,25.85,6.95,3.67,2.0,3.0,1.0,4.0,5.0,2.0,1,0,-0.33000000000000007,-1.33,6,90
2026-02-19 21:45:00,Nilem,24.8,7.15,3.55,2.0,3.0,1.0,4.0,5.0,2.0,1,0,-0.4500000000000002,-1.4500000000000002,7,105
2026-02-19 22:00:00,Nilem,25.15,6.98,3.15,2.0,3.0,1.0,4.0,5.0,2.0,1,0,-0.8500000000000001,-1.85,8,120
2026-02-19 22:15:00,Nilem,25.08,7.34,3.38,2.0,3.0,1.0,4.0,5.0,2.0,1,0,-0.6200000000000001,-1.62,9,135
2026-02-19 22:30:00,Nilem,25.06,7.28,3.36,2.0,3.0,1.0,4.0,5.0,2.0,1,0,-0.6400000000000001,-1.6400000000000001,10,150
2026-02-19 22:45:00,Nilem,25.85,7.16,3.69,2.0,3.0,1.0,4.0,5.0,2.0,1,0,-0.31000000000000005,-1.31,11,165
2026-02-19 23:00:00,Nilem,26.0,7.28,3.61,3.0,3.0,1.0,4.0,5.0,2.3333333333333335,1,0,-0.3900000000000001,-1.3900000000000001,12,180
2026-02-19 23:15:00,Nilem,25.89,7.36,3.43,2.0,3.0,1.0,4.0,5.0,2.0,1,0,-0.5699999999999998,-1.5699999999999998,13,195
2026-02-19 23:30:00,Nilem,25.92,7.18,3.53,2.0,3.0,1.0,4.0,5.0,2.0,1,0,-0.4700000000000002,-1.4700000000000002,14,210
2026-02-19 23:45:00,Nilem,25.49,7.17,3.51,2.0,3.0,1.0,4.0,5.0,2.0,1,0,-0.4900000000000002,-1.4900000000000002,15,225
2026-02-20 00:00:00,Nilem,25.73,7.27,3.46,2.0,3.0,1.0,4.0,5.0,2.0,1,0,-0.54,-1.54,16,240
2026-02-20 00:15:00,Nilem,25.28,7.25,2.78,2.0,3.0,1.0,4.0,5.0,2.0,1,0,-1.2200000000000002,-2.22,17,255
2026-02-20 00:30:00,Nilem,25.78,7.12,3.71,2.0,3.0,1.0,4.0,5.0,2.0,1,0,-0.29000000000000004,-1.29,18,270
2026-02-20 00:45:00,Nilem,25.96,7.19,3.85,2.0,3.0,1.0,4.0,5.0,2.0,1,0,-0.1499999999999999,-1.15,19,285
2026-02-20 01:00:00,Nilem,26.18,7.06,3.14,3.0,3.0,1.0,4.0,5.0,2.3333333333333335,1,0,-0.8599999999999999,-1.8599999999999999,20,300
2026-02-20 01:15:00,Nilem,25.57,7.12,3.57,2.0,3.0,1.0,4.0,5.0,2.0,1,0,-0.43000000000000016,-1.4300000000000002,21,315
2026-02-20 01:30:00,Nilem,25.72,7.02,2.6,2.0,3.0,1.0,4.0,5.0,2.0,1,0,-1.4,-2.4,22,330
2026-02-20 01:45:00,Nilem,25.91,7.06,2.61,2.0,3.0,1.0,4.0,5.0,2.0,1,0,-1.3900000000000001,-2.39,23,345
2026-02-20 02:00:00,Nilem,25.56,7.4,3.01,2.0,3.0,1.0,4.0,5.0,2.0,1,0,-0.9900000000000002,-1.9900000000000002,24,360
2026-02-20 02:15:00,Nilem,26.22,7.27,3.7,3.0,3.0,1.0,4.0,5.0,2.3333333333333335,1,0,-0.2999999999999998,-1.2999999999999998,25,375
2026-02-20 02:30:00,Nilem,25.69,7.15,2.83,2.0,3.0,1.0,4.0,5.0,2.0,1,0,-1.17,-2.17,26,390
2026-02-20 02:45:00,Nilem,26.29,7.07,3.02,3.0,3.0,1.0,4.0,5.0,2.3333333333333335,1,0,-0.98,-1.98,27,405
2026-02-20 03:00:00,Nilem,25.64,7.03,3.02,2.0,3.0,1.0,4.0,5.0,2.0,1,0,-0.98,-1.98,28,420
2026-02-20 03:15:00,Nilem,25.96,7.03,3.53,2.0,3.0,1.0,4.0,5.0,2.0,1,0,-0.4700000000000002,-1.4700000000000002,29,435
2026-02-20 03:30:00,Nilem,26.61,7.28,4.15,3.0,3.0,2.0,4.0,5.0,2.6666666666666665,0,1,0.15000000000000036,-0.8499999999999996,0,0
2026-02-20 03:45:00,Nilem,26.62,7.22,3.2,3.0,3.0,1.0,4.0,5.0,2.3333333333333335,1,0,-0.7999999999999998,-1.7999999999999998,1,15
2026-02-20 04:00:00,Nilem,26.85,7.1,3.84,3.0,3.0,1.0,4.0,5.0,2.3333333333333335,1,0,-0.16000000000000014,-1.1600000000000001,2,30
2026-02-20 04:15:00,Nilem,26.35,7.41,3.31,3.0,3.0,1.0,4.0,5.0,2.3333333333333335,1,0,-0.69,-1.69,3,45
2026-02-20 04:30:00,Nilem,26.46,7.29,3.19,3.0,3.0,1.0,4.0,5.0,2.3333333333333335,1,0,-0.81,-1.81,4,60
2026-02-20 04:45:00,Nilem,26.28,7.19,3.37,3.0,3.0,1.0,4.0,5.0,2.3333333333333335,1,0,-0.6299999999999999,-1.63,5,75
2026-02-20 05:00:00,Nilem,26.62,7.21,3.38,3.0,3.0,1.0,4.0,5.0,2.3333333333333335,1,0,-0.6200000000000001,-1.62,6,90
2026-02-20 05:15:00,Nilem,27.12,7.21,3.92,3.0,3.0,1.0,4.0,5.0,2.3333333333333335,1,0,-0.08000000000000007,-1.08,7,105
2026-02-20 05:30:00,Nilem,27.15,7.13,3.92,3.0,3.0,1.0,4.0,5.0,2.3333333333333335,1,0,-0.08000000000000007,-1.08,8,120
2026-02-20 05:45:00,Nilem,26.94,7.11,3.57,3.0,3.0,1.0,4.0,5.0,2.3333333333333335,1,0,-0.43000000000000016,-1.4300000000000002,9,135
2026-02-20 06:00:00,Nilem,27.0,7.07,3.72,3.0,3.0,1.0,4.0,5.0,2.3333333333333335,1,0,-0.2799999999999998,-1.2799999999999998,10,150
2026-02-20 06:15:00,Nilem,27.23,7.27,3.78,3.0,3.0,1.0,4.0,5.0,2.3333333333333335,1,0,-0.2200000000000002,-1.2200000000000002,11,165
2026-02-20 06:30:00,Nilem,26.99,7.32,3.79,3.0,3.0,1.0,4.0,5.0,2.3333333333333335,1,0,-0.20999999999999996,-1.21,12,180
2026-02-20 06:45:00,Nilem,27.65,7.24,3.95,3.0,3.0,1.0,4.0,5.0,2.3333333333333335,1,0,-0.04999999999999982,-1.0499999999999998,13,195
2026-02-20 07:00:00,Nilem,27.19,7.26,4.75,3.0,3.0,2.0,4.0,5.0,2.6666666666666665,0,1,0.75,-0.25,0,0
2026-02-20 07:15:00,Nilem,27.87,7.19,4.44,3.0,3.0,2.0,4.0,5.0,2.6666666666666665,0,1,0.4400000000000004,-0.5599999999999996,0,0
2026-02-20 07:30:00,Nilem,27.28,7.21,4.16,3.0,3.0,2.0,4.0,5.0,2.6666666666666665,0,1,0.16000000000000014,-0.8399999999999999,0,0
2026-02-20 07:45:00,Nilem,28.26,7.3,4.42,3.0,3.0,2.0,4.0,5.0,2.6666666666666665,0,1,0.41999999999999993,-0.5800000000000001,0,0
2026-02-20 08:00:00,Nilem,27.59,7.08,4.27,3.0,3.0,2.0,4.0,5.0,2.6666666666666665,0,1,0.2699999999999996,-0.7300000000000004,0,0
2026-02-20 08:15:00,Nilem,28.27,7.38,4.85,3.0,3.0,2.0,4.0,5.0,2.6666666666666665,0,1,0.8499999999999996,-0.15000000000000036,0,0
2026-02-20 08:30:00,Nilem,28.01,7.31,5.11,3.0,3.0,3.0,4.0,5.0,3.0,0,0,1.1100000000000003,0.11000000000000032,0,0
2026-02-20 08:45:00,Nilem,28.14,7.42,5.18,3.0,3.0,3.0,4.0,5.0,3.0,0,0,1.1799999999999997,0.17999999999999972,0,0
2026-02-20 09:00:00,Nilem,28.27,7.34,5.16,3.0,3.0,3.0,4.0,5.0,3.0,0,0,1.1600000000000001,0.16000000000000014,0,0
2026-02-20 09:15:00,Nilem,28.06,7.27,5.0,3.0,3.0,3.0,4.0,5.0,3.0,0,0,1.0,0.0,0,0
2026-02-20 09:30:00,Nilem,28.61,7.43,5.13,3.0,3.0,3.0,4.0,5.0,3.0,0,0,1.13,0.1299999999999999,0,0
2026-02-20 09:45:00,Nilem,28.73,7.36,5.62,3.0,3.0,3.0,4.0,5.0,3.0,0,0,1.62,0.6200000000000001,0,0
2026-02-20 10:00:00,Nilem,28.21,7.35,4.88,3.0,3.0,2.0,4.0,5.0,2.6666666666666665,0,1,0.8799999999999999,-0.1200000000000001,0,0
2026-02-20 10:15:00,Nilem,28.11,7.43,5.12,3.0,3.0,3.0,4.0,5.0,3.0,0,0,1.12,0.1200000000000001,0,0
2026-02-20 10:30:00,Nilem,28.85,7.48,6.4,3.0,3.0,3.0,4.0,5.0,3.0,0,0,2.4000000000000004,1.4000000000000004,0,0
2026-02-20 10:45:00,Nilem,29.63,7.62,6.51,2.0,3.0,3.0,4.0,5.0,2.6666666666666665,0,0,2.51,1.5099999999999998,0,0
2026-02-20 11:00:00,Nilem,30.0,7.54,6.68,2.0,3.0,3.0,4.0,5.0,2.6666666666666665,0,0,2.6799999999999997,1.6799999999999997,0,0
2026-02-20 11:15:00,Nilem,29.68,7.77,6.56,2.0,3.0,3.0,4.0,5.0,2.6666666666666665,0,0,2.5599999999999996,1.5599999999999996,0,0
2026-02-20 11:30:00,Nilem,29.22,7.6,6.76,2.0,3.0,3.0,4.0,5.0,2.6666666666666665,0,0,2.76,1.7599999999999998,0,0
2026-02-20 11:45:00,Nilem,29.34,7.5,6.26,2.0,3.0,3.0,4.0,5.0,2.6666666666666665,0,0,2.26,1.2599999999999998,0,0
2026-02-20 12:00:00,Nilem,29.39,7.65,6.47,2.0,3.0,3.0,4.0,5.0,2.6666666666666665,0,0,2.4699999999999998,1.4699999999999998,0,0
2026-02-20 12:15:00,Nilem,29.41,7.68,6.87,2.0,3.0,3.0,4.0,5.0,2.6666666666666665,0,0,2.87,1.87,0,0
2026-02-20 12:30:00,Nilem,29.18,7.57,6.07,2.0,3.0,3.0,4.0,5.0,2.6666666666666665,0,0,2.0700000000000003,1.0700000000000003,0,0
2026-02-20 12:45:00,Nilem,29.01,7.79,6.66,2.0,3.0,3.0,4.0,5.0,2.6666666666666665,0,0,2.66,1.6600000000000001,0,0
2026-02-20 13:00:00,Nilem,28.82,7.75,7.09,3.0,3.0,3.0,4.0,5.0,3.0,0,0,3.09,2.09,0,0
2026-02-20 13:15:00,Nilem,29.08,7.62,6.83,2.0,3.0,3.0,4.0,5.0,2.6666666666666665,0,0,2.83,1.83,0,0
2026-02-20 13:30:00,Nilem,29.38,7.74,6.85,2.0,3.0,3.0,4.0,5.0,2.6666666666666665,0,0,2.8499999999999996,1.8499999999999996,0,0
2026-02-20 13:45:00,Nilem,28.29,7.49,6.41,3.0,3.0,3.0,4.0,5.0,3.0,0,0,2.41,1.4100000000000001,0,0
2026-02-20 14:00:00,Nilem,29.23,7.53,6.56,2.0,3.0,3.0,4.0,5.0,2.6666666666666665,0,0,2.5599999999999996,1.5599999999999996,0,0
2026-02-20 14:15:00,Nilem,28.75,7.56,6.85,3.0,3.0,3.0,4.0,5.0,3.0,0,0,2.8499999999999996,1.8499999999999996,0,0
2026-02-20 14:30:00,Nilem,28.5,7.51,6.68,3.0,3.0,3.0,4.0,5.0,3.0,0,0,2.6799999999999997,1.6799999999999997,0,0
2026-02-20 14:45:00,Nilem,28.87,7.72,6.2,3.0,3.0,3.0,4.0,5.0,3.0,0,0,2.2,1.2000000000000002,0,0
2026-02-20 15:00:00,Nilem,28.51,7.56,6.64,3.0,3.0,3.0,4.0,5.0,3.0,0,0,2.6399999999999997,1.6399999999999997,0,0
2026-02-20 15:15:00,Nilem,28.74,7.58,6.21,3.0,3.0,3.0,4.0,5.0,3.0,0,0,2.21,1.21,0,0
2026-02-20 15:30:00,Nilem,28.56,7.62,6.38,3.0,3.0,3.0,4.0,5.0,3.0,0,0,2.38,1.38,0,0
2026-02-20 15:45:00,Nilem,28.11,7.66,6.28,3.0,3.0,3.0,4.0,5.0,3.0,0,0,2.2800000000000002,1.2800000000000002,0,0
2026-02-20 16:00:00,Nilem,28.53,7.43,6.41,3.0,3.0,3.0,4.0,5.0,3.0,0,0,2.41,1.4100000000000001,0,0
2026-02-20 16:15:00,Nilem,28.44,7.57,6.56,3.0,3.0,3.0,4.0,5.0,3.0,0,0,2.5599999999999996,1.5599999999999996,0,0
2026-02-20 16:30:00,Nilem,27.93,7.49,6.63,3.0,3.0,3.0,4.0,5.0,3.0,0,0,2.63,1.63,0,0
2026-02-20 16:45:00,Nilem,28.01,7.48,5.93,3.0,3.0,3.0,4.0,5.0,3.0,0,0,1.9299999999999997,0.9299999999999997,0,0
2026-02-20 17:00:00,Nilem,27.7,7.5,5.8,3.0,3.0,3.0,4.0,5.0,3.0,0,0,1.7999999999999998,0.7999999999999998,0,0
2026-02-20 17:15:00,Nilem,28.04,7.53,6.2,3.0,3.0,3.0,4.0,5.0,3.0,0,0,2.2,1.2000000000000002,0,0
2026-02-20 17:30:00,Nilem,27.36,7.53,6.06,3.0,3.0,3.0,4.0,5.0,3.0,0,0,2.0599999999999996,1.0599999999999996,0,0
2026-02-20 17:45:00,Nilem,27.41,7.43,6.01,3.0,3.0,3.0,4.0,5.0,3.0,0,0,2.01,1.0099999999999998,0,0
2026-02-20 18:00:00,Nilem,27.03,7.37,5.4,3.0,3.0,3.0,4.0,5.0,3.0,0,0,1.4000000000000004,0.40000000000000036,0,0
2026-02-20 18:15:00,Nilem,27.15,7.51,5.92,3.0,3.0,3.0,4.0,5.0,3.0,0,0,1.92,0.9199999999999999,0,0
2026-02-20 18:30:00,Nilem,27.21,7.54,5.52,3.0,3.0,3.0,4.0,5.0,3.0,0,0,1.5199999999999996,0.5199999999999996,0,0
2026-02-20 18:45:00,Nilem,26.8,7.53,5.51,3.0,3.0,3.0,4.0,5.0,3.0,0,0,1.5099999999999998,0.5099999999999998,0,0
2026-02-20 19:00:00,Nilem,27.09,7.77,5.91,3.0,3.0,3.0,4.0,5.0,3.0,0,0,1.9100000000000001,0.9100000000000001,0,0
2026-02-20 19:15:00,Nilem,27.25,7.64,5.62,3.0,3.0,3.0,4.0,5.0,3.0,0,0,1.62,0.6200000000000001,0,0
2026-02-20 19:30:00,Nilem,26.72,7.54,5.19,3.0,3.0,3.0,4.0,5.0,3.0,0,0,1.1900000000000004,0.1900000000000004,0,0
2026-02-20 19:45:00,Nilem,26.88,7.66,5.13,3.0,3.0,3.0,4.0,5.0,3.0,0,0,1.13,0.1299999999999999,0,0
2026-02-20 20:00:00,Nilem,26.62,7.55,5.36,3.0,3.0,3.0,4.0,5.0,3.0,0,0,1.3600000000000003,0.3600000000000003,0,0
2026-02-20 20:15:00,Nilem,26.93,7.53,5.15,3.0,3.0,3.0,4.0,5.0,3.0,0,0,1.1500000000000004,0.15000000000000036,0,0
2026-02-20 20:30:00,Nilem,26.5,7.69,5.07,3.0,3.0,3.0,4.0,5.0,3.0,0,0,1.0700000000000003,0.07000000000000028,0,0
2026-02-20 20:45:00,Nilem,26.96,7.51,4.87,3.0,3.0,2.0,4.0,5.0,2.6666666666666665,0,1,0.8700000000000001,-0.1299999999999999,0,0
2026-02-20 21:00:00,Nilem,26.91,7.69,5.23,3.0,3.0,3.0,4.0,5.0,3.0,0,0,1.2300000000000004,0.23000000000000043,0,0
2026-02-20 21:15:00,Nilem,26.24,7.43,4.82,3.0,3.0,2.0,4.0,5.0,2.6666666666666665,0,1,0.8200000000000003,-0.17999999999999972,0,0
2026-02-20 21:30:00,Nilem,26.56,7.57,5.16,3.0,3.0,3.0,4.0,5.0,3.0,0,0,1.1600000000000001,0.16000000000000014,0,0
2026-02-20 21:45:00,Nilem,26.18,7.52,4.76,3.0,3.0,2.0,4.0,5.0,2.6666666666666665,0,1,0.7599999999999998,-0.2400000000000002,0,0
2026-02-20 22:00:00,Nilem,26.44,7.42,4.7,3.0,3.0,2.0,4.0,5.0,2.6666666666666665,0,1,0.7000000000000002,-0.2999999999999998,0,0
2026-02-20 22:15:00,Nilem,26.02,7.36,4.6,3.0,3.0,2.0,4.0,5.0,2.6666666666666665,0,1,0.5999999999999996,-0.40000000000000036,0,0
2026-02-20 22:30:00,Nilem,26.12,7.52,4.53,3.0,3.0,2.0,4.0,5.0,2.6666666666666665,0,1,0.5300000000000002,-0.46999999999999975,0,0
2026-02-20 22:45:00,Nilem,25.88,7.21,3.76,2.0,3.0,1.0,4.0,5.0,2.0,1,0,-0.2400000000000002,-1.2400000000000002,1,15
2026-02-20 23:00:00,Nilem,26.59,7.23,4.2,3.0,3.0,2.0,4.0,5.0,2.6666666666666665,0,1,0.20000000000000018,-0.7999999999999998,0,0
2026-02-20 23:15:00,Nilem,26.5,7.34,4.34,3.0,3.0,2.0,4.0,5.0,2.6666666666666665,0,1,0.33999999999999986,-0.6600000000000001,0,0
2026-02-20 23:30:00,Nilem,26.01,7.34,4.39,3.0,3.0,2.0,4.0,5.0,2.6666666666666665,0,1,0.3899999999999997,-0.6100000000000003,0,0
2026-02-20 23:45:00,Nilem,26.18,7.42,4.33,3.0,3.0,2.0,4.0,5.0,2.6666666666666665,0,1,0.33000000000000007,-0.6699999999999999,0,0
2026-02-21 00:00:00,Nilem,26.51,7.37,4.45,3.0,3.0,2.0,4.0,5.0,2.6666666666666665,0,1,0.4500000000000002,-0.5499999999999998,0,0
2026-02-21 00:15:00,Nilem,26.29,7.27,3.97,3.0,3.0,1.0,4.0,5.0,2.3333333333333335,1,0,-0.029999999999999805,-1.0299999999999998,1,15
2026-02-21 00:30:00,Nilem,25.4,7.17,3.89,2.0,3.0,1.0,4.0,5.0,2.0,1,0,-0.10999999999999988,-1.1099999999999999,2,30
2026-02-21 00:45:00,Nilem,26.12,7.42,4.26,3.0,3.0,2.0,4.0,5.0,2.6666666666666665,0,1,0.2599999999999998,-0.7400000000000002,0,0
2026-02-21 01:00:00,Nilem,26.41,7.31,4.13,3.0,3.0,2.0,4.0,5.0,2.6666666666666665,0,1,0.1299999999999999,-0.8700000000000001,0,0
2026-02-21 01:15:00,Nilem,26.3,7.31,4.51,3.0,3.0,2.0,4.0,5.0,2.6666666666666665,0,1,0.5099999999999998,-0.4900000000000002,0,0
2026-02-21 01:30:00,Nilem,25.61,7.02,3.26,2.0,3.0,1.0,4.0,5.0,2.0,1,0,-0.7400000000000002,-1.7400000000000002,1,15
2026-02-21 01:45:00,Nilem,26.29,7.26,3.84,3.0,3.0,1.0,4.0,5.0,2.3333333333333335,1,0,-0.16000000000000014,-1.1600000000000001,2,30
2026-02-21 02:00:00,Nilem,26.46,7.42,4.56,3.0,3.0,2.0,4.0,5.0,2.6666666666666665,0,1,0.5599999999999996,-0.4400000000000004,0,0
2026-02-21 02:15:00,Nilem,25.84,6.99,3.35,2.0,3.0,1.0,4.0,5.0,2.0,1,0,-0.6499999999999999,-1.65,1,15
2026-02-21 02:30:00,Nilem,26.55,7.34,3.7,3.0,3.0,1.0,4.0,5.0,2.3333333333333335,1,0,-0.2999999999999998,-1.2999999999999998,2,30
2026-02-21 02:45:00,Nilem,26.62,7.56,4.41,3.0,3.0,2.0,4.0,5.0,2.6666666666666665,0,1,0.41000000000000014,-0.5899999999999999,0,0
2026-02-21 03:00:00,Nilem,26.91,7.45,4.54,3.0,3.0,2.0,4.0,5.0,2.6666666666666665,0,1,0.54,-0.45999999999999996,0,0
2026-02-21 03:15:00,Nilem,27.17,7.47,4.39,3.0,3.0,2.0,4.0,5.0,2.6666666666666665,0,1,0.3899999999999997,-0.6100000000000003,0,0
2026-02-21 03:30:00,Nilem,27.03,7.57,4.64,3.0,3.0,2.0,4.0,5.0,2.6666666666666665,0,1,0.6399999999999997,-0.3600000000000003,0,0
2026-02-21 03:45:00,Nilem,27.29,7.49,4.5,3.0,3.0,2.0,4.0,5.0,2.6666666666666665,0,1,0.5,-0.5,0,0
2026-02-21 04:00:00,Nilem,27.59,7.35,4.99,3.0,3.0,2.0,4.0,5.0,2.6666666666666665,0,1,0.9900000000000002,-0.009999999999999787,0,0
2026-02-21 04:15:00,Nilem,27.61,7.24,4.57,3.0,3.0,2.0,4.0,5.0,2.6666666666666665,0,1,0.5700000000000003,-0.4299999999999997,0,0
2026-02-21 04:30:00,Nilem,27.47,7.54,4.93,3.0,3.0,2.0,4.0,5.0,2.6666666666666665,0,1,0.9299999999999997,-0.07000000000000028,0,0
2026-02-21 04:45:00,Nilem,27.51,7.42,5.13,3.0,3.0,3.0,4.0,5.0,3.0,0,0,1.13,0.1299999999999999,0,0
2026-02-21 05:00:00,Nilem,27.83,7.32,4.64,3.0,3.0,2.0,4.0,5.0,2.6666666666666665,0,1,0.6399999999999997,-0.3600000000000003,0,0
2026-02-21 05:15:00,Nilem,27.96,7.34,4.8,3.0,3.0,2.0,4.0,5.0,2.6666666666666665,0,1,0.7999999999999998,-0.20000000000000018,0,0
2026-02-21 05:30:00,Nilem,28.55,7.69,5.04,3.0,3.0,3.0,4.0,5.0,3.0,0,0,1.04,0.040000000000000036,0,0
2026-02-21 05:45:00,Nilem,28.05,7.37,5.25,3.0,3.0,3.0,4.0,5.0,3.0,0,0,1.25,0.25,0,0
2026-02-21 06:00:00,Nilem,28.43,7.44,4.95,3.0,3.0,2.0,4.0,5.0,2.6666666666666665,0,1,0.9500000000000002,-0.04999999999999982,0,0
2026-02-21 06:15:00,Nilem,28.35,7.47,4.9,3.0,3.0,2.0,4.0,5.0,2.6666666666666665,0,1,0.9000000000000004,-0.09999999999999964,0,0
2026-02-21 06:30:00,Nilem,28.17,7.28,5.16,3.0,3.0,3.0,4.0,5.0,3.0,0,0,1.1600000000000001,0.16000000000000014,0,0
2026-02-21 06:45:00,Nilem,28.38,7.28,5.16,3.0,3.0,3.0,4.0,5.0,3.0,0,0,1.1600000000000001,0.16000000000000014,0,0
2026-02-21 07:00:00,Nilem,28.64,7.58,5.35,3.0,3.0,3.0,4.0,5.0,3.0,0,0,1.3499999999999996,0.34999999999999964,0,0
2026-02-21 07:15:00,Nilem,28.02,7.56,6.0,3.0,3.0,3.0,4.0,5.0,3.0,0,0,2.0,1.0,0,0
2026-02-21 07:30:00,Nilem,28.85,7.53,5.43,3.0,3.0,3.0,4.0,5.0,3.0,0,0,1.4299999999999997,0.4299999999999997,0,0
2026-02-21 07:45:00,Nilem,29.23,7.55,5.7,2.0,3.0,3.0,4.0,5.0,2.6666666666666665,0,0,1.7000000000000002,0.7000000000000002,0,0
2026-02-21 08:00:00,Nilem,28.98,7.48,6.02,3.0,3.0,3.0,4.0,5.0,3.0,0,0,2.0199999999999996,1.0199999999999996,0,0
2026-02-21 08:15:00,Nilem,29.05,7.24,6.09,2.0,3.0,3.0,4.0,5.0,2.6666666666666665,0,0,2.09,1.0899999999999999,0,0
2026-02-21 08:30:00,Nilem,28.85,7.49,6.11,3.0,3.0,3.0,4.0,5.0,3.0,0,0,2.1100000000000003,1.1100000000000003,0,0
2026-02-21 08:45:00,Nilem,29.21,7.62,6.31,2.0,3.0,3.0,4.0,5.0,2.6666666666666665,0,0,2.3099999999999996,1.3099999999999996,0,0
2026-02-21 09:00:00,Nilem,29.23,7.49,5.94,2.0,3.0,3.0,4.0,5.0,2.6666666666666665,0,0,1.9400000000000004,0.9400000000000004,0,0
2026-02-21 09:15:00,Nilem,29.37,7.52,6.57,2.0,3.0,3.0,4.0,5.0,2.6666666666666665,0,0,2.5700000000000003,1.5700000000000003,0,0
2026-02-21 09:30:00,Nilem,29.23,7.52,5.79,2.0,3.0,3.0,4.0,5.0,2.6666666666666665,0,0,1.79,0.79,0,0
2026-02-21 09:45:00,Nilem,29.93,7.42,6.19,2.0,3.0,3.0,4.0,5.0,2.6666666666666665,0,0,2.1900000000000004,1.1900000000000004,0,0
2026-02-21 10:00:00,Nilem,29.01,7.78,6.05,2.0,3.0,3.0,4.0,5.0,2.6666666666666665,0,0,2.05,1.0499999999999998,0,0
2026-02-21 10:15:00,Nilem,29.86,7.5,6.71,2.0,3.0,3.0,4.0,5.0,2.6666666666666665,0,0,2.71,1.71,0,0
2026-02-21 10:30:00,Nilem,28.87,7.7,5.74,3.0,3.0,3.0,4.0,5.0,3.0,0,0,1.7400000000000002,0.7400000000000002,0,0
2026-02-21 10:45:00,Nilem,29.44,7.44,6.44,2.0,3.0,3.0,4.0,5.0,2.6666666666666665,0,0,2.4400000000000004,1.4400000000000004,0,0
2026-02-21 11:00:00,Nilem,29.38,7.39,6.13,2.0,3.0,3.0,4.0,5.0,2.6666666666666665,0,0,2.13,1.13,0,0
2026-02-21 11:15:00,Nilem,29.41,7.59,6.22,2.0,3.0,3.0,4.0,5.0,2.6666666666666665,0,0,2.2199999999999998,1.2199999999999998,0,0
2026-02-21 11:30:00,Nilem,28.98,7.61,6.61,3.0,3.0,3.0,4.0,5.0,3.0,0,0,2.6100000000000003,1.6100000000000003,0,0
2026-02-21 11:45:00,Nilem,29.05,7.58,6.2,2.0,3.0,3.0,4.0,5.0,2.6666666666666665,0,0,2.2,1.2000000000000002,0,0
2026-02-21 12:00:00,Nilem,29.32,7.52,6.46,2.0,3.0,3.0,4.0,5.0,2.6666666666666665,0,0,2.46,1.46,0,0
2026-02-21 12:15:00,Nilem,29.21,7.56,7.05,2.0,3.0,3.0,4.0,5.0,2.6666666666666665,0,0,3.05,2.05,0,0
2026-02-21 12:30:00,Nilem,29.7,7.7,6.49,2.0,3.0,3.0,4.0,5.0,2.6666666666666665,0,0,2.49,1.4900000000000002,0,0
2026-02-21 12:45:00,Nilem,29.04,7.65,6.62,2.0,3.0,3.0,4.0,5.0,2.6666666666666665,0,0,2.62,1.62,0,0
2026-02-21 13:00:00,Nilem,28.82,7.44,5.99,3.0,3.0,3.0,4.0,5.0,3.0,0,0,1.9900000000000002,0.9900000000000002,0,0
2026-02-21 13:15:00,Nilem,28.16,7.36,5.58,3.0,3.0,3.0,4.0,5.0,3.0,0,0,1.58,0.5800000000000001,0,0
2026-02-21 13:30:00,Nilem,29.17,7.43,6.22,2.0,3.0,3.0,4.0,5.0,2.6666666666666665,0,0,2.2199999999999998,1.2199999999999998,0,0
2026-02-21 13:45:00,Nilem,28.6,7.54,6.33,3.0,3.0,3.0,4.0,5.0,3.0,0,0,2.33,1.33,0,0
2026-02-21 14:00:00,Nilem,29.19,7.69,6.66,2.0,3.0,3.0,4.0,5.0,2.6666666666666665,0,0,2.66,1.6600000000000001,0,0
2026-02-21 14:15:00,Nilem,29.01,7.69,6.34,2.0,3.0,3.0,4.0,5.0,2.6666666666666665,0,0,2.34,1.3399999999999999,0,0
2026-02-21 14:30:00,Nilem,29.04,7.61,6.57,2.0,3.0,3.0,4.0,5.0,2.6666666666666665,0,0,2.5700000000000003,1.5700000000000003,0,0
2026-02-21 14:45:00,Nilem,29.05,7.49,6.47,2.0,3.0,3.0,4.0,5.0,2.6666666666666665,0,0,2.4699999999999998,1.4699999999999998,0,0
2026-02-21 15:00:00,Nilem,28.48,7.69,6.44,3.0,3.0,3.0,4.0,5.0,3.0,0,0,2.4400000000000004,1.4400000000000004,0,0
2026-02-21 15:15:00,Nilem,28.28,7.7,6.71,3.0,3.0,3.0,4.0,5.0,3.0,0,0,2.71,1.71,0,0
2026-02-21 15:30:00,Nilem,28.42,7.59,6.45,3.0,3.0,3.0,4.0,5.0,3.0,0,0,2.45,1.4500000000000002,0,0
2026-02-21 15:45:00,Nilem,28.65,7.57,6.26,3.0,3.0,3.0,4.0,5.0,3.0,0,0,2.26,1.2599999999999998,0,0
2026-02-21 16:00:00,Nilem,27.79,7.49,6.31,3.0,3.0,3.0,4.0,5.0,3.0,0,0,2.3099999999999996,1.3099999999999996,0,0
2026-02-21 16:15:00,Nilem,28.31,7.75,6.58,3.0,3.0,3.0,4.0,5.0,3.0,0,0,2.58,1.58,0,0
2026-02-21 16:30:00,Nilem,28.15,7.47,6.23,3.0,3.0,3.0,4.0,5.0,3.0,0,0,2.2300000000000004,1.2300000000000004,0,0
2026-02-21 16:45:00,Nilem,27.63,7.51,5.95,3.0,3.0,3.0,4.0,5.0,3.0,0,0,1.9500000000000002,0.9500000000000002,0,0
2026-02-21 17:00:00,Nilem,27.88,7.51,6.12,3.0,3.0,3.0,4.0,5.0,3.0,0,0,2.12,1.12,0,0
2026-02-21 17:15:00,Nilem,27.85,7.58,5.74,3.0,3.0,3.0,4.0,5.0,3.0,0,0,1.7400000000000002,0.7400000000000002,0,0
2026-02-21 17:30:00,Nilem,27.79,7.62,6.15,3.0,3.0,3.0,4.0,5.0,3.0,0,0,2.1500000000000004,1.1500000000000004,0,0
2026-02-21 17:45:00,Nilem,27.39,7.5,5.98,3.0,3.0,3.0,4.0,5.0,3.0,0,0,1.9800000000000004,0.9800000000000004,0,0
2026-02-21 18:00:00,Nilem,27.35,7.65,5.98,3.0,3.0,3.0,4.0,5.0,3.0,0,0,1.9800000000000004,0.9800000000000004,0,0
2026-02-21 18:15:00,Nilem,27.03,7.44,5.1,3.0,3.0,3.0,4.0,5.0,3.0,0,0,1.0999999999999996,0.09999999999999964,0,0
2026-02-21 18:30:00,Nilem,27.04,7.73,5.99,3.0,3.0,3.0,4.0,5.0,3.0,0,0,1.9900000000000002,0.9900000000000002,0,0
2026-02-21 18:45:00,Nilem,26.89,7.48,4.75,3.0,3.0,2.0,4.0,5.0,2.6666666666666665,0,1,0.75,-0.25,0,0
2026-02-21 19:00:00,Nilem,27.0,7.38,5.18,3.0,3.0,3.0,4.0,5.0,3.0,0,0,1.1799999999999997,0.17999999999999972,0,0
2026-02-21 19:15:00,Nilem,26.47,7.57,5.13,3.0,3.0,3.0,4.0,5.0,3.0,0,0,1.13,0.1299999999999999,0,0
2026-02-21 19:30:00,Nilem,26.16,7.69,4.77,3.0,3.0,2.0,4.0,5.0,2.6666666666666665,0,1,0.7699999999999996,-0.23000000000000043,0,0
2026-02-21 19:45:00,Nilem,26.51,7.28,4.93,3.0,3.0,2.0,4.0,5.0,2.6666666666666665,0,1,0.9299999999999997,-0.07000000000000028,0,0
2026-02-21 20:00:00,Nilem,26.24,7.29,5.22,3.0,3.0,3.0,4.0,5.0,3.0,0,0,1.2199999999999998,0.21999999999999975,0,0
2026-02-21 20:15:00,Nilem,26.25,7.36,4.89,3.0,3.0,2.0,4.0,5.0,2.6666666666666665,0,1,0.8899999999999997,-0.11000000000000032,0,0
2026-02-21 20:30:00,Nilem,26.61,7.35,4.88,3.0,3.0,2.0,4.0,5.0,2.6666666666666665,0,1,0.8799999999999999,-0.1200000000000001,0,0
2026-02-21 20:45:00,Nilem,26.4,7.31,4.69,3.0,3.0,2.0,4.0,5.0,2.6666666666666665,0,1,0.6900000000000004,-0.3099999999999996,0,0
2026-02-21 21:00:00,Nilem,26.15,7.52,4.89,3.0,3.0,2.0,4.0,5.0,2.6666666666666665,0,1,0.8899999999999997,-0.11000000000000032,0,0
2026-02-21 21:15:00,Nilem,25.84,7.36,4.39,2.0,3.0,2.0,4.0,5.0,2.3333333333333335,0,1,0.3899999999999997,-0.6100000000000003,0,0
2026-02-21 21:30:00,Nilem,26.37,7.46,4.54,3.0,3.0,2.0,4.0,5.0,2.6666666666666665,0,1,0.54,-0.45999999999999996,0,0
2026-02-21 21:45:00,Nilem,25.5,7.31,3.68,2.0,3.0,1.0,4.0,5.0,2.0,1,0,-0.31999999999999984,-1.3199999999999998,1,15
2026-02-21 22:00:00,Nilem,26.16,7.34,4.66,3.0,3.0,2.0,4.0,5.0,2.6666666666666665,0,1,0.6600000000000001,-0.33999999999999986,0,0
2026-02-21 22:15:00,Nilem,26.43,7.65,4.35,3.0,3.0,2.0,4.0,5.0,2.6666666666666665,0,1,0.34999999999999964,-0.6500000000000004,0,0
2026-02-21 22:30:00,Nilem,26.44,7.28,4.33,3.0,3.0,2.0,4.0,5.0,2.6666666666666665,0,1,0.33000000000000007,-0.6699999999999999,0,0
2026-02-21 22:45:00,Nilem,25.88,7.42,4.04,2.0,3.0,2.0,4.0,5.0,2.3333333333333335,0,1,0.040000000000000036,-0.96,0,0
2026-02-21 23:00:00,Nilem,26.24,7.52,4.83,3.0,3.0,2.0,4.0,5.0,2.6666666666666665,0,1,0.8300000000000001,-0.16999999999999993,0,0
2026-02-21 23:15:00,Nilem,26.04,7.29,4.13,3.0,3.0,2.0,4.0,5.0,2.6666666666666665,0,1,0.1299999999999999,-0.8700000000000001,0,0
2026-02-21 23:30:00,Nilem,26.25,7.28,4.3,3.0,3.0,2.0,4.0,5.0,2.6666666666666665,0,1,0.2999999999999998,-0.7000000000000002,0,0
2026-02-21 23:45:00,Nilem,26.54,7.24,4.21,3.0,3.0,2.0,4.0,5.0,2.6666666666666665,0,1,0.20999999999999996,-0.79,0,0
2026-02-22 00:00:00,Nilem,26.02,7.24,3.9,3.0,3.0,1.0,4.0,5.0,2.3333333333333335,1,0,-0.10000000000000009,-1.1,1,15
2026-02-22 00:15:00,Nilem,26.46,7.24,3.93,3.0,3.0,1.0,4.0,5.0,2.3333333333333335,1,0,-0.06999999999999984,-1.0699999999999998,2,30
2026-02-22 00:30:00,Nilem,25.96,7.42,4.71,2.0,3.0,2.0,4.0,5.0,2.3333333333333335,0,1,0.71,-0.29000000000000004,0,0
2026-02-22 00:45:00,Nilem,26.24,7.3,4.2,3.0,3.0,2.0,4.0,5.0,2.6666666666666665,0,1,0.20000000000000018,-0.7999999999999998,0,0
2026-02-22 01:00:00,Nilem,26.1,7.52,4.33,3.0,3.0,2.0,4.0,5.0,2.6666666666666665,0,1,0.33000000000000007,-0.6699999999999999,0,0
2026-02-22 01:15:00,Nilem,26.36,7.49,4.67,3.0,3.0,2.0,4.0,5.0,2.6666666666666665,0,1,0.6699999999999999,-0.33000000000000007,0,0
2026-02-22 01:30:00,Nilem,26.44,7.45,4.13,3.0,3.0,2.0,4.0,5.0,2.6666666666666665,0,1,0.1299999999999999,-0.8700000000000001,0,0
2026-02-22 01:45:00,Nilem,26.48,7.5,4.21,3.0,3.0,2.0,4.0,5.0,2.6666666666666665,0,1,0.20999999999999996,-0.79,0,0
2026-02-22 02:00:00,Nilem,26.51,7.31,4.27,3.0,3.0,2.0,4.0,5.0,2.6666666666666665,0,1,0.2699999999999996,-0.7300000000000004,0,0
2026-02-22 02:15:00,Nilem,26.87,7.35,4.39,3.0,3.0,2.0,4.0,5.0,2.6666666666666665,0,1,0.3899999999999997,-0.6100000000000003,0,0
2026-02-22 02:30:00,Nilem,26.61,7.45,4.11,3.0,3.0,2.0,4.0,5.0,2.6666666666666665,0,1,0.11000000000000032,-0.8899999999999997,0,0
2026-02-22 02:45:00,Nilem,26.91,7.4,4.68,3.0,3.0,2.0,4.0,5.0,2.6666666666666665,0,1,0.6799999999999997,-0.3200000000000003,0,0
2026-02-22 03:00:00,Nilem,26.83,7.41,4.12,3.0,3.0,2.0,4.0,5.0,2.6666666666666665,0,1,0.1200000000000001,-0.8799999999999999,0,0
2026-02-22 03:15:00,Nilem,26.68,7.26,3.57,3.0,3.0,1.0,4.0,5.0,2.3333333333333335,1,0,-0.43000000000000016,-1.4300000000000002,1,15
2026-02-22 03:30:00,Nilem,27.33,7.46,4.1,3.0,3.0,2.0,4.0,5.0,2.6666666666666665,0,1,0.09999999999999964,-0.9000000000000004,0,0
2026-02-22 03:45:00,Nilem,27.09,7.27,3.77,3.0,3.0,1.0,4.0,5.0,2.3333333333333335,1,0,-0.22999999999999998,-1.23,1,15
2026-02-22 04:00:00,Nilem,27.24,7.37,4.77,3.0,3.0,2.0,4.0,5.0,2.6666666666666665,0,1,0.7699999999999996,-0.23000000000000043,0,0
2026-02-22 04:15:00,Nilem,27.02,7.19,4.41,3.0,3.0,2.0,4.0,5.0,2.6666666666666665,0,1,0.41000000000000014,-0.5899999999999999,0,0
2026-02-22 04:30:00,Nilem,27.87,7.43,4.56,3.0,3.0,2.0,4.0,5.0,2.6666666666666665,0,1,0.5599999999999996,-0.4400000000000004,0,0
2026-02-22 04:45:00,Nilem,27.23,7.37,4.66,3.0,3.0,2.0,4.0,5.0,2.6666666666666665,0,1,0.6600000000000001,-0.33999999999999986,0,0
2026-02-22 05:00:00,Nilem,28.05,7.49,4.83,3.0,3.0,2.0,4.0,5.0,2.6666666666666665,0,1,0.8300000000000001,-0.16999999999999993,0,0
2026-02-22 05:15:00,Nilem,27.9,7.44,4.93,3.0,3.0,2.0,4.0,5.0,2.6666666666666665,0,1,0.9299999999999997,-0.07000000000000028,0,0
2026-02-22 05:30:00,Nilem,28.03,7.43,5.21,3.0,3.0,3.0,4.0,5.0,3.0,0,0,1.21,0.20999999999999996,0,0
2026-02-22 05:45:00,Nilem,28.04,7.38,5.13,3.0,3.0,3.0,4.0,5.0,3.0,0,0,1.13,0.1299999999999999,0,0
2026-02-22 06:00:00,Nilem,28.31,7.44,5.16,3.0,3.0,3.0,4.0,5.0,3.0,0,0,1.1600000000000001,0.16000000000000014,0,0
2026-02-22 06:15:00,Nilem,28.52,7.42,4.88,3.0,3.0,2.0,4.0,5.0,2.6666666666666665,0,1,0.8799999999999999,-0.1200000000000001,0,0
2026-02-22 06:30:00,Nilem,28.12,7.33,5.22,3.0,3.0,3.0,4.0,5.0,3.0,0,0,1.2199999999999998,0.21999999999999975,0,0
2026-02-22 06:45:00,Nilem,28.65,7.4,5.71,3.0,3.0,3.0,4.0,5.0,3.0,0,0,1.71,0.71,0,0
2026-02-22 07:00:00,Nilem,28.32,7.57,5.4,3.0,3.0,3.0,4.0,5.0,3.0,0,0,1.4000000000000004,0.40000000000000036,0,0
2026-02-22 07:15:00,Nilem,28.8,7.39,5.27,3.0,3.0,3.0,4.0,5.0,3.0,0,0,1.2699999999999996,0.2699999999999996,0,0
2026-02-22 07:30:00,Nilem,28.6,7.49,5.69,3.0,3.0,3.0,4.0,5.0,3.0,0,0,1.6900000000000004,0.6900000000000004,0,0
2026-02-22 07:45:00,Nilem,29.04,7.33,5.5,2.0,3.0,3.0,4.0,5.0,2.6666666666666665,0,0,1.5,0.5,0,0
2026-02-22 08:00:00,Nilem,28.19,7.46,5.39,3.0,3.0,3.0,4.0,5.0,3.0,0,0,1.3899999999999997,0.3899999999999997,0,0
2026-02-22 08:15:00,Nilem,28.88,7.63,6.06,3.0,3.0,3.0,4.0,5.0,3.0,0,0,2.0599999999999996,1.0599999999999996,0,0
2026-02-22 08:30:00,Nilem,28.74,7.32,5.66,3.0,3.0,3.0,4.0,5.0,3.0,0,0,1.6600000000000001,0.6600000000000001,0,0
2026-02-22 08:45:00,Nilem,29.27,7.55,5.92,2.0,3.0,3.0,4.0,5.0,2.6666666666666665,0,0,1.92,0.9199999999999999,0,0
2026-02-22 09:00:00,Nilem,29.18,7.54,5.94,2.0,3.0,3.0,4.0,5.0,2.6666666666666665,0,0,1.9400000000000004,0.9400000000000004,0,0
2026-02-22 09:15:00,Nilem,29.44,7.59,6.6,2.0,3.0,3.0,4.0,5.0,2.6666666666666665,0,0,2.5999999999999996,1.5999999999999996,0,0
2026-02-22 09:30:00,Nilem,29.59,7.61,5.64,2.0,3.0,3.0,4.0,5.0,2.6666666666666665,0,0,1.6399999999999997,0.6399999999999997,0,0
2026-02-22 09:45:00,Nilem,29.73,7.44,6.38,2.0,3.0,3.0,4.0,5.0,2.6666666666666665,0,0,2.38,1.38,0,0
2026-02-22 10:00:00,Nilem,29.34,7.46,6.79,2.0,3.0,3.0,4.0,5.0,2.6666666666666665,0,0,2.79,1.79,0,0
2026-02-22 10:15:00,Nilem,29.34,7.7,6.45,2.0,3.0,3.0,4.0,5.0,2.6666666666666665,0,0,2.45,1.4500000000000002,0,0
2026-02-22 10:30:00,Nilem,29.4,7.64,6.4,2.0,3.0,3.0,4.0,5.0,2.6666666666666665,0,0,2.4000000000000004,1.4000000000000004,0,0
2026-02-22 10:45:00,Nilem,29.41,7.59,6.17,2.0,3.0,3.0,4.0,5.0,2.6666666666666665,0,0,2.17,1.17,0,0
2026-02-22 11:00:00,Nilem,29.61,7.38,6.35,2.0,3.0,3.0,4.0,5.0,2.6666666666666665,0,0,2.3499999999999996,1.3499999999999996,0,0
2026-02-22 11:15:00,Nilem,29.14,7.58,6.47,2.0,3.0,3.0,4.0,5.0,2.6666666666666665,0,0,2.4699999999999998,1.4699999999999998,0,0
2026-02-22 11:30:00,Nilem,29.66,7.54,6.38,2.0,3.0,3.0,4.0,5.0,2.6666666666666665,0,0,2.38,1.38,0,0
2026-02-22 11:45:00,Nilem,28.86,7.7,6.61,3.0,3.0,3.0,4.0,5.0,3.0,0,0,2.6100000000000003,1.6100000000000003,0,0
2026-02-22 12:00:00,Nilem,30.21,7.57,6.42,2.0,3.0,3.0,4.0,5.0,2.6666666666666665,0,0,2.42,1.42,0,0
2026-02-22 12:15:00,Nilem,29.25,7.56,6.02,2.0,3.0,3.0,4.0,5.0,2.6666666666666665,0,0,2.0199999999999996,1.0199999999999996,0,0
2026-02-22 12:30:00,Nilem,29.68,7.5,6.78,2.0,3.0,3.0,4.0,5.0,2.6666666666666665,0,0,2.7800000000000002,1.7800000000000002,0,0
2026-02-22 12:45:00,Nilem,27.63,7.37,4.98,3.0,3.0,2.0,4.0,5.0,2.6666666666666665,0,1,0.9800000000000004,-0.019999999999999574,0,0
2026-02-22 13:00:00,Nilem,27.78,7.42,5.55,3.0,3.0,3.0,4.0,5.0,3.0,0,0,1.5499999999999998,0.5499999999999998,0,0
2026-02-22 13:15:00,Nilem,29.39,7.69,6.58,2.0,3.0,3.0,4.0,5.0,2.6666666666666665,0,0,2.58,1.58,0,0
2026-02-22 13:30:00,Nilem,29.47,7.59,6.65,2.0,3.0,3.0,4.0,5.0,2.6666666666666665,0,0,2.6500000000000004,1.6500000000000004,0,0
2026-02-22 13:45:00,Nilem,28.63,7.72,6.38,3.0,3.0,3.0,4.0,5.0,3.0,0,0,2.38,1.38,0,0
2026-02-22 14:00:00,Nilem,28.86,7.62,6.83,3.0,3.0,3.0,4.0,5.0,3.0,0,0,2.83,1.83,0,0
2026-02-22 14:15:00,Nilem,28.9,7.61,6.19,3.0,3.0,3.0,4.0,5.0,3.0,0,0,2.1900000000000004,1.1900000000000004,0,0
2026-02-22 14:30:00,Nilem,28.85,7.58,6.39,3.0,3.0,3.0,4.0,5.0,3.0,0,0,2.3899999999999997,1.3899999999999997,0,0
2026-02-22 14:45:00,Nilem,28.58,7.43,6.21,3.0,3.0,3.0,4.0,5.0,3.0,0,0,2.21,1.21,0,0
2026-02-22 15:00:00,Nilem,28.62,7.59,6.24,3.0,3.0,3.0,4.0,5.0,3.0,0,0,2.24,1.2400000000000002,0,0
2026-02-22 15:15:00,Nilem,28.49,7.81,6.51,3.0,3.0,3.0,4.0,5.0,3.0,0,0,2.51,1.5099999999999998,0,0
2026-02-22 15:30:00,Nilem,28.3,7.67,6.94,3.0,3.0,3.0,4.0,5.0,3.0,0,0,2.9400000000000004,1.9400000000000004,0,0
2026-02-22 15:45:00,Nilem,28.51,7.68,6.36,3.0,3.0,3.0,4.0,5.0,3.0,0,0,2.3600000000000003,1.3600000000000003,0,0
2026-02-22 16:00:00,Nilem,27.9,7.59,6.53,3.0,3.0,3.0,4.0,5.0,3.0,0,0,2.5300000000000002,1.5300000000000002,0,0
2026-02-22 16:15:00,Nilem,28.0,7.54,6.69,3.0,3.0,3.0,4.0,5.0,3.0,0,0,2.6900000000000004,1.6900000000000004,0,0
2026-02-22 16:30:00,Nilem,28.11,7.69,6.35,3.0,3.0,3.0,4.0,5.0,3.0,0,0,2.3499999999999996,1.3499999999999996,0,0
2026-02-22 16:45:00,Nilem,27.51,7.44,5.61,3.0,3.0,3.0,4.0,5.0,3.0,0,0,1.6100000000000003,0.6100000000000003,0,0
2026-02-22 17:00:00,Nilem,27.71,7.54,5.77,3.0,3.0,3.0,4.0,5.0,3.0,0,0,1.7699999999999996,0.7699999999999996,0,0
2026-02-22 17:15:00,Nilem,27.74,7.51,5.39,3.0,3.0,3.0,4.0,5.0,3.0,0,0,1.3899999999999997,0.3899999999999997,0,0
2026-02-22 17:30:00,Nilem,27.9,7.66,5.82,3.0,3.0,3.0,4.0,5.0,3.0,0,0,1.8200000000000003,0.8200000000000003,0,0
2026-02-22 17:45:00,Nilem,27.52,7.28,5.57,3.0,3.0,3.0,4.0,5.0,3.0,0,0,1.5700000000000003,0.5700000000000003,0,0
2026-02-22 18:00:00,Nilem,27.16,7.38,5.17,3.0,3.0,3.0,4.0,5.0,3.0,0,0,1.17,0.16999999999999993,0,0
2026-02-22 18:15:00,Nilem,27.34,7.57,5.3,3.0,3.0,3.0,4.0,5.0,3.0,0,0,1.2999999999999998,0.2999999999999998,0,0
2026-02-22 18:30:00,Nilem,26.97,7.6,5.82,3.0,3.0,3.0,4.0,5.0,3.0,0,0,1.8200000000000003,0.8200000000000003,0,0
2026-02-22 18:45:00,Nilem,26.95,7.4,6.12,3.0,3.0,3.0,4.0,5.0,3.0,0,0,2.12,1.12,0,0
2026-02-22 19:00:00,Nilem,27.04,7.58,5.88,3.0,3.0,3.0,4.0,5.0,3.0,0,0,1.88,0.8799999999999999,0,0
2026-02-22 19:15:00,Nilem,26.99,7.48,5.15,3.0,3.0,3.0,4.0,5.0,3.0,0,0,1.1500000000000004,0.15000000000000036,0,0
2026-02-22 19:30:00,Nilem,26.79,7.41,5.37,3.0,3.0,3.0,4.0,5.0,3.0,0,0,1.37,0.3700000000000001,0,0
2026-02-22 19:45:00,Nilem,26.75,7.52,5.38,3.0,3.0,3.0,4.0,5.0,3.0,0,0,1.38,0.3799999999999999,0,0
2026-02-22 20:00:00,Nilem,26.5,7.29,5.15,3.0,3.0,3.0,4.0,5.0,3.0,0,0,1.1500000000000004,0.15000000000000036,0,0
2026-02-22 20:15:00,Nilem,26.75,7.29,5.06,3.0,3.0,3.0,4.0,5.0,3.0,0,0,1.0599999999999996,0.05999999999999961,0,0
2026-02-22 20:30:00,Nilem,26.54,7.4,5.03,3.0,3.0,3.0,4.0,5.0,3.0,0,0,1.0300000000000002,0.03000000000000025,0,0
2026-02-22 20:45:00,Nilem,26.76,7.75,4.82,3.0,3.0,2.0,4.0,5.0,2.6666666666666665,0,1,0.8200000000000003,-0.17999999999999972,0,0
2026-02-22 21:00:00,Nilem,26.96,7.55,4.68,3.0,3.0,2.0,4.0,5.0,2.6666666666666665,0,1,0.6799999999999997,-0.3200000000000003,0,0
2026-02-22 21:15:00,Nilem,26.41,7.47,4.86,3.0,3.0,2.0,4.0,5.0,2.6666666666666665,0,1,0.8600000000000003,-0.13999999999999968,0,0
2026-02-22 21:30:00,Nilem,26.29,7.52,4.73,3.0,3.0,2.0,4.0,5.0,2.6666666666666665,0,1,0.7300000000000004,-0.2699999999999996,0,0
2026-02-22 21:45:00,Nilem,26.16,7.34,4.88,3.0,3.0,2.0,4.0,5.0,2.6666666666666665,0,1,0.8799999999999999,-0.1200000000000001,0,0
2026-02-22 22:00:00,Nilem,26.38,7.36,4.66,3.0,3.0,2.0,4.0,5.0,2.6666666666666665,0,1,0.6600000000000001,-0.33999999999999986,0,0
2026-02-22 22:15:00,Nilem,26.19,7.3,4.8,3.0,3.0,2.0,4.0,5.0,2.6666666666666665,0,1,0.7999999999999998,-0.20000000000000018,0,0
2026-02-22 22:30:00,Nilem,26.38,7.39,4.37,3.0,3.0,2.0,4.0,5.0,2.6666666666666665,0,1,0.3700000000000001,-0.6299999999999999,0,0
2026-02-22 22:45:00,Nilem,26.11,7.37,4.63,3.0,3.0,2.0,4.0,5.0,2.6666666666666665,0,1,0.6299999999999999,-0.3700000000000001,0,0
2026-02-22 23:00:00,Nilem,26.22,7.25,5.08,3.0,3.0,3.0,4.0,5.0,3.0,0,0,1.08,0.08000000000000007,0,0
2026-02-22 23:15:00,Nilem,26.18,7.41,4.04,3.0,3.0,2.0,4.0,5.0,2.6666666666666665,0,1,0.040000000000000036,-0.96,0,0
2026-02-22 23:30:00,Nilem,26.2,7.35,4.15,3.0,3.0,2.0,4.0,5.0,2.6666666666666665,0,1,0.15000000000000036,-0.8499999999999996,0,0
2026-02-22 23:45:00,Nilem,26.22,7.47,4.62,3.0,3.0,2.0,4.0,5.0,2.6666666666666665,0,1,0.6200000000000001,-0.3799999999999999,0,0
2026-02-23 00:00:00,Nilem,26.48,7.56,4.63,3.0,3.0,2.0,4.0,5.0,2.6666666666666665,0,1,0.6299999999999999,-0.3700000000000001,0,0
2026-02-23 00:15:00,Nilem,26.47,7.43,4.01,3.0,3.0,2.0,4.0,5.0,2.6666666666666665,0,1,0.009999999999999787,-0.9900000000000002,0,0
2026-02-23 00:30:00,Nilem,26.48,7.33,4.02,3.0,3.0,2.0,4.0,5.0,2.6666666666666665,0,1,0.019999999999999574,-0.9800000000000004,0,0
2026-02-23 00:45:00,Nilem,26.62,7.46,4.5,3.0,3.0,2.0,4.0,5.0,2.6666666666666665,0,1,0.5,-0.5,0,0
2026-02-23 01:00:00,Nilem,26.65,7.33,4.74,3.0,3.0,2.0,4.0,5.0,2.6666666666666665,0,1,0.7400000000000002,-0.2599999999999998,0,0
2026-02-23 01:15:00,Nilem,26.39,7.44,4.13,3.0,3.0,2.0,4.0,5.0,2.6666666666666665,0,1,0.1299999999999999,-0.8700000000000001,0,0
2026-02-23 01:30:00,Nilem,27.13,7.55,4.18,3.0,3.0,2.0,4.0,5.0,2.6666666666666665,0,1,0.17999999999999972,-0.8200000000000003,0,0
2026-02-23 01:45:00,Nilem,26.82,7.31,4.24,3.0,3.0,2.0,4.0,5.0,2.6666666666666665,0,1,0.2400000000000002,-0.7599999999999998,0,0
2026-02-23 02:00:00,Nilem,26.98,7.48,4.49,3.0,3.0,2.0,4.0,5.0,2.6666666666666665,0,1,0.4900000000000002,-0.5099999999999998,0,0
2026-02-23 02:15:00,Nilem,26.87,7.16,4.1,3.0,3.0,2.0,4.0,5.0,2.6666666666666665,0,1,0.09999999999999964,-0.9000000000000004,0,0
2026-02-23 02:30:00,Nilem,26.39,7.41,4.36,3.0,3.0,2.0,4.0,5.0,2.6666666666666665,0,1,0.3600000000000003,-0.6399999999999997,0,0
2026-02-23 02:45:00,Nilem,26.91,7.34,4.5,3.0,3.0,2.0,4.0,5.0,2.6666666666666665,0,1,0.5,-0.5,0,0
2026-02-23 03:00:00,Nilem,27.1,7.19,4.26,3.0,3.0,2.0,4.0,5.0,2.6666666666666665,0,1,0.2599999999999998,-0.7400000000000002,0,0
2026-02-23 03:15:00,Nilem,26.73,7.33,3.54,3.0,3.0,1.0,4.0,5.0,2.3333333333333335,1,0,-0.45999999999999996,-1.46,1,15
2026-02-23 03:30:00,Nilem,26.3,6.9,3.18,3.0,3.0,1.0,4.0,5.0,2.3333333333333335,1,0,-0.8199999999999998,-1.8199999999999998,2,30
2026-02-23 03:45:00,Nilem,27.36,7.36,4.59,3.0,3.0,2.0,4.0,5.0,2.6666666666666665,0,1,0.5899999999999999,-0.41000000000000014,0,0
2026-02-23 04:00:00,Nilem,27.01,7.33,4.47,3.0,3.0,2.0,4.0,5.0,2.6666666666666665,0,1,0.46999999999999975,-0.5300000000000002,0,0
2026-02-23 04:15:00,Nilem,27.27,7.52,4.55,3.0,3.0,2.0,4.0,5.0,2.6666666666666665,0,1,0.5499999999999998,-0.4500000000000002,0,0
2026-02-23 04:30:00,Nilem,27.73,7.53,4.9,3.0,3.0,2.0,4.0,5.0,2.6666666666666665,0,1,0.9000000000000004,-0.09999999999999964,0,0
2026-02-23 04:45:00,Nilem,27.5,7.25,4.68,3.0,3.0,2.0,4.0,5.0,2.6666666666666665,0,1,0.6799999999999997,-0.3200000000000003,0,0
2026-02-23 05:00:00,Nilem,27.69,7.34,4.72,3.0,3.0,2.0,4.0,5.0,2.6666666666666665,0,1,0.7199999999999998,-0.28000000000000025,0,0
2026-02-23 05:15:00,Nilem,26.93,7.18,4.03,3.0,3.0,2.0,4.0,5.0,2.6666666666666665,0,1,0.03000000000000025,-0.9699999999999998,0,0
2026-02-23 05:30:00,Nilem,28.02,7.41,5.15,3.0,3.0,3.0,4.0,5.0,3.0,0,0,1.1500000000000004,0.15000000000000036,0,0
2026-02-23 05:45:00,Nilem,28.52,7.27,4.79,3.0,3.0,2.0,4.0,5.0,2.6666666666666665,0,1,0.79,-0.20999999999999996,0,0
2026-02-23 06:00:00,Nilem,28.03,7.36,5.76,3.0,3.0,3.0,4.0,5.0,3.0,0,0,1.7599999999999998,0.7599999999999998,0,0
2026-02-23 06:15:00,Nilem,28.34,7.39,5.01,3.0,3.0,3.0,4.0,5.0,3.0,0,0,1.0099999999999998,0.009999999999999787,0,0
2026-02-23 06:30:00,Nilem,27.85,7.16,4.01,3.0,3.0,2.0,4.0,5.0,2.6666666666666665,0,1,0.009999999999999787,-0.9900000000000002,0,0
2026-02-23 06:45:00,Nilem,27.87,7.1,4.1,3.0,3.0,2.0,4.0,5.0,2.6666666666666665,0,1,0.09999999999999964,-0.9000000000000004,0,0
2026-02-23 07:00:00,Nilem,28.64,7.46,5.15,3.0,3.0,3.0,4.0,5.0,3.0,0,0,1.1500000000000004,0.15000000000000036,0,0
2026-02-23 07:15:00,Nilem,28.45,7.4,5.6,3.0,3.0,3.0,4.0,5.0,3.0,0,0,1.5999999999999996,0.5999999999999996,0,0
2026-02-23 07:30:00,Nilem,29.2,7.6,5.74,2.0,3.0,3.0,4.0,5.0,2.6666666666666665,0,0,1.7400000000000002,0.7400000000000002,0,0
2026-02-23 07:45:00,Nilem,28.8,7.51,5.45,3.0,3.0,3.0,4.0,5.0,3.0,0,0,1.4500000000000002,0.4500000000000002,0,0
2026-02-23 08:00:00,Nilem,28.91,7.55,5.99,3.0,3.0,3.0,4.0,5.0,3.0,0,0,1.9900000000000002,0.9900000000000002,0,0
2026-02-23 08:15:00,Nilem,28.85,7.33,5.72,3.0,3.0,3.0,4.0,5.0,3.0,0,0,1.7199999999999998,0.7199999999999998,0,0
2026-02-23 08:30:00,Nilem,29.13,7.54,5.7,2.0,3.0,3.0,4.0,5.0,2.6666666666666665,0,0,1.7000000000000002,0.7000000000000002,0,0
2026-02-23 08:45:00,Nilem,28.95,7.45,6.04,3.0,3.0,3.0,4.0,5.0,3.0,0,0,2.04,1.04,0,0
2026-02-23 09:00:00,Nilem,29.14,7.47,6.0,2.0,3.0,3.0,4.0,5.0,2.6666666666666665,0,0,2.0,1.0,0,0
2026-02-23 09:15:00,Nilem,29.41,7.47,6.26,2.0,3.0,3.0,4.0,5.0,2.6666666666666665,0,0,2.26,1.2599999999999998,0,0
2026-02-23 09:30:00,Nilem,29.17,7.51,5.96,2.0,3.0,3.0,4.0,5.0,2.6666666666666665,0,0,1.96,0.96,0,0
2026-02-23 09:45:00,Nilem,29.18,7.42,5.96,2.0,3.0,3.0,4.0,5.0,2.6666666666666665,0,0,1.96,0.96,0,0
2026-02-23 10:00:00,Nilem,29.33,7.58,6.33,2.0,3.0,3.0,4.0,5.0,2.6666666666666665,0,0,2.33,1.33,0,0
2026-02-23 10:15:00,Nilem,29.31,7.72,6.15,2.0,3.0,3.0,4.0,5.0,2.6666666666666665,0,0,2.1500000000000004,1.1500000000000004,0,0
2026-02-23 10:30:00,Nilem,29.35,7.52,6.52,2.0,3.0,3.0,4.0,5.0,2.6666666666666665,0,0,2.5199999999999996,1.5199999999999996,0,0
2026-02-23 10:45:00,Nilem,29.34,7.71,6.89,2.0,3.0,3.0,4.0,5.0,2.6666666666666665,0,0,2.8899999999999997,1.8899999999999997,0,0
2026-02-23 11:00:00,Nilem,29.86,7.66,6.96,2.0,3.0,3.0,4.0,5.0,2.6666666666666665,0,0,2.96,1.96,0,0
2026-02-23 11:15:00,Nilem,29.32,7.49,6.37,2.0,3.0,3.0,4.0,5.0,2.6666666666666665,0,0,2.37,1.37,0,0
2026-02-23 11:30:00,Nilem,29.66,7.66,6.8,2.0,3.0,3.0,4.0,5.0,2.6666666666666665,0,0,2.8,1.7999999999999998,0,0
2026-02-23 11:45:00,Nilem,29.3,7.37,6.75,2.0,3.0,3.0,4.0,5.0,2.6666666666666665,0,0,2.75,1.75,0,0
2026-02-23 12:00:00,Nilem,29.62,7.51,6.47,2.0,3.0,3.0,4.0,5.0,2.6666666666666665,0,0,2.4699999999999998,1.4699999999999998,0,0
2026-02-23 12:15:00,Nilem,29.39,7.52,6.79,2.0,3.0,3.0,4.0,5.0,2.6666666666666665,0,0,2.79,1.79,0,0
2026-02-23 12:30:00,Nilem,29.68,7.37,6.75,2.0,3.0,3.0,4.0,5.0,2.6666666666666665,0,0,2.75,1.75,0,0
2026-02-23 12:45:00,Nilem,29.49,7.6,6.82,2.0,3.0,3.0,4.0,5.0,2.6666666666666665,0,0,2.8200000000000003,1.8200000000000003,0,0
2026-02-23 13:00:00,Nilem,29.24,7.63,6.7,2.0,3.0,3.0,4.0,5.0,2.6666666666666665,0,0,2.7,1.7000000000000002,0,0
2026-02-23 13:15:00,Nilem,29.45,7.7,6.69,2.0,3.0,3.0,4.0,5.0,2.6666666666666665,0,0,2.6900000000000004,1.6900000000000004,0,0
2026-02-23 13:30:00,Nilem,29.34,7.71,6.79,2.0,3.0,3.0,4.0,5.0,2.6666666666666665,0,0,2.79,1.79,0,0
2026-02-23 13:45:00,Nilem,28.73,7.49,6.54,3.0,3.0,3.0,4.0,5.0,3.0,0,0,2.54,1.54,0,0
2026-02-23 14:00:00,Nilem,28.69,7.87,6.77,3.0,3.0,3.0,4.0,5.0,3.0,0,0,2.7699999999999996,1.7699999999999996,0,0
2026-02-23 14:15:00,Nilem,28.91,7.62,6.45,3.0,3.0,3.0,4.0,5.0,3.0,0,0,2.45,1.4500000000000002,0,0
2026-02-23 14:30:00,Nilem,28.57,7.69,6.54,3.0,3.0,3.0,4.0,5.0,3.0,0,0,2.54,1.54,0,0
2026-02-23 14:45:00,Nilem,28.83,7.61,6.51,3.0,3.0,3.0,4.0,5.0,3.0,0,0,2.51,1.5099999999999998,0,0
2026-02-23 15:00:00,Nilem,28.67,7.54,6.45,3.0,3.0,3.0,4.0,5.0,3.0,0,0,2.45,1.4500000000000002,0,0
2026-02-23 15:15:00,Nilem,28.62,7.58,6.39,3.0,3.0,3.0,4.0,5.0,3.0,0,0,2.3899999999999997,1.3899999999999997,0,0
2026-02-23 15:30:00,Nilem,28.21,7.59,6.0,3.0,3.0,3.0,4.0,5.0,3.0,0,0,2.0,1.0,0,0
2026-02-23 15:45:00,Nilem,28.7,7.45,5.88,3.0,3.0,3.0,4.0,5.0,3.0,0,0,1.88,0.8799999999999999,0,0
2026-02-23 16:00:00,Nilem,27.74,7.69,6.56,3.0,3.0,3.0,4.0,5.0,3.0,0,0,2.5599999999999996,1.5599999999999996,0,0
2026-02-23 16:15:00,Nilem,28.13,7.89,6.47,3.0,3.0,3.0,4.0,5.0,3.0,0,0,2.4699999999999998,1.4699999999999998,0,0
2026-02-23 16:30:00,Nilem,28.2,7.49,6.1,3.0,3.0,3.0,4.0,5.0,3.0,0,0,2.0999999999999996,1.0999999999999996,0,0
2026-02-23 16:45:00,Nilem,27.83,7.68,6.3,3.0,3.0,3.0,4.0,5.0,3.0,0,0,2.3,1.2999999999999998,0,0
2026-02-23 17:00:00,Nilem,27.54,7.39,6.44,3.0,3.0,3.0,4.0,5.0,3.0,0,0,2.4400000000000004,1.4400000000000004,0,0
2026-02-23 17:15:00,Nilem,27.74,7.75,6.28,3.0,3.0,3.0,4.0,5.0,3.0,0,0,2.2800000000000002,1.2800000000000002,0,0
2026-02-23 17:30:00,Nilem,27.45,7.71,5.99,3.0,3.0,3.0,4.0,5.0,3.0,0,0,1.9900000000000002,0.9900000000000002,0,0
2026-02-23 17:45:00,Nilem,27.34,7.4,5.76,3.0,3.0,3.0,4.0,5.0,3.0,0,0,1.7599999999999998,0.7599999999999998,0,0
2026-02-23 18:00:00,Nilem,27.34,7.58,5.46,3.0,3.0,3.0,4.0,5.0,3.0,0,0,1.46,0.45999999999999996,0,0
2026-02-23 18:15:00,Nilem,27.68,7.58,5.72,3.0,3.0,3.0,4.0,5.0,3.0,0,0,1.7199999999999998,0.7199999999999998,0,0
2026-02-23 18:30:00,Nilem,26.99,7.55,5.54,3.0,3.0,3.0,4.0,5.0,3.0,0,0,1.54,0.54,0,0
2026-02-23 18:45:00,Nilem,27.08,7.47,5.33,3.0,3.0,3.0,4.0,5.0,3.0,0,0,1.33,0.33000000000000007,0,0
2026-02-23 19:00:00,Nilem,27.04,7.44,5.48,3.0,3.0,3.0,4.0,5.0,3.0,0,0,1.4800000000000004,0.4800000000000004,0,0
2026-02-23 19:15:00,Nilem,26.28,7.7,5.43,3.0,3.0,3.0,4.0,5.0,3.0,0,0,1.4299999999999997,0.4299999999999997,0,0
2026-02-23 19:30:00,Nilem,26.87,7.33,5.18,3.0,3.0,3.0,4.0,5.0,3.0,0,0,1.1799999999999997,0.17999999999999972,0,0
2026-02-23 19:45:00,Nilem,26.83,7.27,5.11,3.0,3.0,3.0,4.0,5.0,3.0,0,0,1.1100000000000003,0.11000000000000032,0,0
2026-02-23 20:00:00,Nilem,27.06,7.43,5.03,3.0,3.0,3.0,4.0,5.0,3.0,0,0,1.0300000000000002,0.03000000000000025,0,0
2026-02-23 20:15:00,Nilem,26.85,7.57,4.45,3.0,3.0,2.0,4.0,5.0,2.6666666666666665,0,1,0.4500000000000002,-0.5499999999999998,0,0
2026-02-23 20:30:00,Nilem,26.6,7.52,5.1,3.0,3.0,3.0,4.0,5.0,3.0,0,0,1.0999999999999996,0.09999999999999964,0,0
2026-02-23 20:45:00,Nilem,26.41,7.49,4.69,3.0,3.0,2.0,4.0,5.0,2.6666666666666665,0,1,0.6900000000000004,-0.3099999999999996,0,0
2026-02-23 21:00:00,Nilem,26.3,7.51,4.73,3.0,3.0,2.0,4.0,5.0,2.6666666666666665,0,1,0.7300000000000004,-0.2699999999999996,0,0
2026-02-23 21:15:00,Nilem,26.69,7.52,4.71,3.0,3.0,2.0,4.0,5.0,2.6666666666666665,0,1,0.71,-0.29000000000000004,0,0
2026-02-23 21:30:00,Nilem,26.53,7.3,4.81,3.0,3.0,2.0,4.0,5.0,2.6666666666666665,0,1,0.8099999999999996,-0.1900000000000004,0,0
2026-02-23 21:45:00,Nilem,26.37,7.68,4.69,3.0,3.0,2.0,4.0,5.0,2.6666666666666665,0,1,0.6900000000000004,-0.3099999999999996,0,0
2026-02-23 22:00:00,Nilem,26.66,7.52,4.62,3.0,3.0,2.0,4.0,5.0,2.6666666666666665,0,1,0.6200000000000001,-0.3799999999999999,0,0
2026-02-23 22:15:00,Nilem,26.32,7.39,4.33,3.0,3.0,2.0,4.0,5.0,2.6666666666666665,0,1,0.33000000000000007,-0.6699999999999999,0,0
2026-02-23 22:30:00,Nilem,26.13,7.56,4.68,3.0,3.0,2.0,4.0,5.0,2.6666666666666665,0,1,0.6799999999999997,-0.3200000000000003,0,0
2026-02-23 22:45:00,Nilem,25.92,7.63,4.11,2.0,3.0,2.0,4.0,5.0,2.3333333333333335,0,1,0.11000000000000032,-0.8899999999999997,0,0
2026-02-23 23:00:00,Nilem,26.29,7.37,4.44,3.0,3.0,2.0,4.0,5.0,2.6666666666666665,0,1,0.4400000000000004,-0.5599999999999996,0,0
2026-02-23 23:15:00,Nilem,26.26,7.42,4.32,3.0,3.0,2.0,4.0,5.0,2.6666666666666665,0,1,0.3200000000000003,-0.6799999999999997,0,0
2026-02-23 23:30:00,Nilem,25.78,7.07,4.01,2.0,3.0,2.0,4.0,5.0,2.3333333333333335,0,1,0.009999999999999787,-0.9900000000000002,0,0
2026-02-23 23:45:00,Nilem,26.26,7.34,4.56,3.0,3.0,2.0,4.0,5.0,2.6666666666666665,0,1,0.5599999999999996,-0.4400000000000004,0,0
2026-02-24 00:00:00,Nilem,26.37,7.43,4.17,3.0,3.0,2.0,4.0,5.0,2.6666666666666665,0,1,0.16999999999999993,-0.8300000000000001,0,0
2026-02-24 00:15:00,Nilem,26.24,7.46,4.24,3.0,3.0,2.0,4.0,5.0,2.6666666666666665,0,1,0.2400000000000002,-0.7599999999999998,0,0
2026-02-24 00:30:00,Nilem,26.66,7.24,4.84,3.0,3.0,2.0,4.0,5.0,2.6666666666666665,0,1,0.8399999999999999,-0.16000000000000014,0,0
2026-02-24 00:45:00,Nilem,26.42,7.34,4.34,3.0,3.0,2.0,4.0,5.0,2.6666666666666665,0,1,0.33999999999999986,-0.6600000000000001,0,0
2026-02-24 01:00:00,Nilem,26.09,7.37,3.69,3.0,3.0,1.0,4.0,5.0,2.3333333333333335,1,0,-0.31000000000000005,-1.31,1,15
2026-02-24 01:15:00,Nilem,25.62,7.25,3.04,2.0,3.0,1.0,4.0,5.0,2.0,1,0,-0.96,-1.96,2,30
2026-02-24 01:30:00,Nilem,26.65,7.36,3.89,3.0,3.0,1.0,4.0,5.0,2.3333333333333335,1,0,-0.10999999999999988,-1.1099999999999999,3,45
2026-02-24 01:45:00,Nilem,26.06,7.34,3.98,3.0,3.0,1.0,4.0,5.0,2.3333333333333335,1,0,-0.020000000000000018,-1.02,4,60
2026-02-24 02:00:00,Nilem,26.65,7.56,4.25,3.0,3.0,2.0,4.0,5.0,2.6666666666666665,0,1,0.25,-0.75,0,0
2026-02-24 02:15:00,Nilem,26.89,7.28,3.89,3.0,3.0,1.0,4.0,5.0,2.3333333333333335,1,0,-0.10999999999999988,-1.1099999999999999,1,15
2026-02-24 02:30:00,Nilem,26.75,7.43,4.25,3.0,3.0,2.0,4.0,5.0,2.6666666666666665,0,1,0.25,-0.75,0,0
2026-02-24 02:45:00,Nilem,26.98,7.36,4.39,3.0,3.0,2.0,4.0,5.0,2.6666666666666665,0,1,0.3899999999999997,-0.6100000000000003,0,0
2026-02-24 03:00:00,Nilem,27.08,7.55,4.54,3.0,3.0,2.0,4.0,5.0,2.6666666666666665,0,1,0.54,-0.45999999999999996,0,0
2026-02-24 03:15:00,Nilem,27.2,7.43,4.71,3.0,3.0,2.0,4.0,5.0,2.6666666666666665,0,1,0.71,-0.29000000000000004,0,0
2026-02-24 03:30:00,Nilem,27.17,7.42,4.83,3.0,3.0,2.0,4.0,5.0,2.6666666666666665,0,1,0.8300000000000001,-0.16999999999999993,0,0
2026-02-24 03:45:00,Nilem,27.05,7.52,4.45,3.0,3.0,2.0,4.0,5.0,2.6666666666666665,0,1,0.4500000000000002,-0.5499999999999998,0,0
2026-02-24 04:00:00,Nilem,27.1,7.49,4.72,3.0,3.0,2.0,4.0,5.0,2.6666666666666665,0,1,0.7199999999999998,-0.28000000000000025,0,0
2026-02-24 04:15:00,Nilem,27.37,7.34,4.33,3.0,3.0,2.0,4.0,5.0,2.6666666666666665,0,1,0.33000000000000007,-0.6699999999999999,0,0
2026-02-24 04:30:00,Nilem,27.9,7.39,4.92,3.0,3.0,2.0,4.0,5.0,2.6666666666666665,0,1,0.9199999999999999,-0.08000000000000007,0,0
2026-02-24 04:45:00,Nilem,27.66,7.4,4.59,3.0,3.0,2.0,4.0,5.0,2.6666666666666665,0,1,0.5899999999999999,-0.41000000000000014,0,0
2026-02-24 05:00:00,Nilem,27.52,7.57,5.08,3.0,3.0,3.0,4.0,5.0,3.0,0,0,1.08,0.08000000000000007,0,0
2026-02-24 05:15:00,Nilem,28.25,7.25,5.02,3.0,3.0,3.0,4.0,5.0,3.0,0,0,1.0199999999999996,0.019999999999999574,0,0
2026-02-24 05:30:00,Nilem,28.29,7.23,5.09,3.0,3.0,3.0,4.0,5.0,3.0,0,0,1.0899999999999999,0.08999999999999986,0,0
2026-02-24 05:45:00,Nilem,28.35,7.38,4.9,3.0,3.0,2.0,4.0,5.0,2.6666666666666665,0,1,0.9000000000000004,-0.09999999999999964,0,0
2026-02-24 06:00:00,Nilem,28.54,7.61,5.07,3.0,3.0,3.0,4.0,5.0,3.0,0,0,1.0700000000000003,0.07000000000000028,0,0
2026-02-24 06:15:00,Nilem,28.61,7.37,5.21,3.0,3.0,3.0,4.0,5.0,3.0,0,0,1.21,0.20999999999999996,0,0
2026-02-24 06:30:00,Nilem,28.56,7.21,5.34,3.0,3.0,3.0,4.0,5.0,3.0,0,0,1.3399999999999999,0.33999999999999986,0,0
2026-02-24 06:45:00,Nilem,28.49,7.38,5.03,3.0,3.0,3.0,4.0,5.0,3.0,0,0,1.0300000000000002,0.03000000000000025,0,0
2026-02-24 07:00:00,Nilem,28.44,7.54,5.15,3.0,3.0,3.0,4.0,5.0,3.0,0,0,1.1500000000000004,0.15000000000000036,0,0
2026-02-24 07:15:00,Nilem,28.79,7.49,6.0,3.0,3.0,3.0,4.0,5.0,3.0,0,0,2.0,1.0,0,0
2026-02-24 07:30:00,Nilem,28.77,7.43,5.51,3.0,3.0,3.0,4.0,5.0,3.0,0,0,1.5099999999999998,0.5099999999999998,0,0
2026-02-24 07:45:00,Nilem,28.82,7.49,5.4,3.0,3.0,3.0,4.0,5.0,3.0,0,0,1.4000000000000004,0.40000000000000036,0,0
2026-02-24 08:00:00,Nilem,28.85,7.5,5.71,3.0,3.0,3.0,4.0,5.0,3.0,0,0,1.71,0.71,0,0
2026-02-24 08:15:00,Nilem,28.93,7.44,5.68,3.0,3.0,3.0,4.0,5.0,3.0,0,0,1.6799999999999997,0.6799999999999997,0,0
2026-02-24 08:30:00,Nilem,29.37,7.67,5.65,2.0,3.0,3.0,4.0,5.0,2.6666666666666665,0,0,1.6500000000000004,0.6500000000000004,0,0
2026-02-24 08:45:00,Nilem,28.94,7.45,6.24,3.0,3.0,3.0,4.0,5.0,3.0,0,0,2.24,1.2400000000000002,0,0
2026-02-24 09:00:00,Nilem,28.92,7.49,6.18,3.0,3.0,3.0,4.0,5.0,3.0,0,0,2.1799999999999997,1.1799999999999997,0,0
2026-02-24 09:15:00,Nilem,29.21,7.44,5.81,2.0,3.0,3.0,4.0,5.0,2.6666666666666665,0,0,1.8099999999999996,0.8099999999999996,0,0
2026-02-24 09:30:00,Nilem,29.37,7.59,5.89,2.0,3.0,3.0,4.0,5.0,2.6666666666666665,0,0,1.8899999999999997,0.8899999999999997,0,0
2026-02-24 09:45:00,Nilem,29.67,7.4,6.55,2.0,3.0,3.0,4.0,5.0,2.6666666666666665,0,0,2.55,1.5499999999999998,0,0
2026-02-24 10:00:00,Nilem,29.11,7.45,5.93,2.0,3.0,3.0,4.0,5.0,2.6666666666666665,0,0,1.9299999999999997,0.9299999999999997,0,0
2026-02-24 10:15:00,Nilem,29.13,7.67,6.56,2.0,3.0,3.0,4.0,5.0,2.6666666666666665,0,0,2.5599999999999996,1.5599999999999996,0,0
2026-02-24 10:30:00,Nilem,29.49,7.41,6.04,2.0,3.0,3.0,4.0,5.0,2.6666666666666665,0,0,2.04,1.04,0,0
2026-02-24 10:45:00,Nilem,28.92,7.31,5.05,3.0,3.0,3.0,4.0,5.0,3.0,0,0,1.0499999999999998,0.04999999999999982,0,0
2026-02-24 11:00:00,Nilem,29.52,7.53,6.07,2.0,3.0,3.0,4.0,5.0,2.6666666666666665,0,0,2.0700000000000003,1.0700000000000003,0,0
2026-02-24 11:15:00,Nilem,29.31,7.64,5.86,2.0,3.0,3.0,4.0,5.0,2.6666666666666665,0,0,1.8600000000000003,0.8600000000000003,0,0
2026-02-24 11:30:00,Nilem,29.51,7.54,6.04,2.0,3.0,3.0,4.0,5.0,2.6666666666666665,0,0,2.04,1.04,0,0
2026-02-24 11:45:00,Nilem,29.0,7.49,6.19,3.0,3.0,3.0,4.0,5.0,3.0,0,0,2.1900000000000004,1.1900000000000004,0,0
2026-02-24 12:00:00,Nilem,29.77,7.62,6.64,2.0,3.0,3.0,4.0,5.0,2.6666666666666665,0,0,2.6399999999999997,1.6399999999999997,0,0
2026-02-24 12:15:00,Nilem,29.4,7.65,6.53,2.0,3.0,3.0,4.0,5.0,2.6666666666666665,0,0,2.5300000000000002,1.5300000000000002,0,0
2026-02-24 12:30:00,Nilem,29.14,7.5,6.87,2.0,3.0,3.0,4.0,5.0,2.6666666666666665,0,0,2.87,1.87,0,0
2026-02-24 12:45:00,Nilem,29.52,7.7,6.59,2.0,3.0,3.0,4.0,5.0,2.6666666666666665,0,0,2.59,1.5899999999999999,0,0
2026-02-24 13:00:00,Nilem,29.21,7.76,5.8,2.0,3.0,3.0,4.0,5.0,2.6666666666666665,0,0,1.7999999999999998,0.7999999999999998,0,0
2026-02-24 13:15:00,Nilem,29.16,7.64,6.69,2.0,3.0,3.0,4.0,5.0,2.6666666666666665,0,0,2.6900000000000004,1.6900000000000004,0,0
2026-02-24 13:30:00,Nilem,28.54,7.46,6.93,3.0,3.0,3.0,4.0,5.0,3.0,0,0,2.9299999999999997,1.9299999999999997,0,0
2026-02-24 13:45:00,Nilem,29.31,7.68,6.52,2.0,3.0,3.0,4.0,5.0,2.6666666666666665,0,0,2.5199999999999996,1.5199999999999996,0,0
2026-02-24 14:00:00,Nilem,29.09,7.58,6.87,2.0,3.0,3.0,4.0,5.0,2.6666666666666665,0,0,2.87,1.87,0,0
2026-02-24 14:15:00,Nilem,29.01,7.59,6.34,2.0,3.0,3.0,4.0,5.0,2.6666666666666665,0,0,2.34,1.3399999999999999,0,0
2026-02-24 14:30:00,Nilem,29.08,7.65,6.57,2.0,3.0,3.0,4.0,5.0,2.6666666666666665,0,0,2.5700000000000003,1.5700000000000003,0,0
2026-02-24 14:45:00,Nilem,28.48,7.66,6.37,3.0,3.0,3.0,4.0,5.0,3.0,0,0,2.37,1.37,0,0
2026-02-24 15:00:00,Nilem,28.53,7.62,6.09,3.0,3.0,3.0,4.0,5.0,3.0,0,0,2.09,1.0899999999999999,0,0
2026-02-24 15:15:00,Nilem,28.1,7.59,6.26,3.0,3.0,3.0,4.0,5.0,3.0,0,0,2.26,1.2599999999999998,0,0
2026-02-24 15:30:00,Nilem,28.83,7.79,5.7,3.0,3.0,3.0,4.0,5.0,3.0,0,0,1.7000000000000002,0.7000000000000002,0,0
2026-02-24 15:45:00,Nilem,28.28,7.32,6.54,3.0,3.0,3.0,4.0,5.0,3.0,0,0,2.54,1.54,0,0
2026-02-24 16:00:00,Nilem,27.83,7.66,6.27,3.0,3.0,3.0,4.0,5.0,3.0,0,0,2.2699999999999996,1.2699999999999996,0,0
2026-02-24 16:15:00,Nilem,28.01,7.58,5.47,3.0,3.0,3.0,4.0,5.0,3.0,0,0,1.4699999999999998,0.46999999999999975,0,0
2026-02-24 16:30:00,Nilem,28.1,7.71,5.81,3.0,3.0,3.0,4.0,5.0,3.0,0,0,1.8099999999999996,0.8099999999999996,0,0
2026-02-24 16:45:00,Nilem,27.79,7.62,6.03,3.0,3.0,3.0,4.0,5.0,3.0,0,0,2.0300000000000002,1.0300000000000002,0,0
2026-02-24 17:00:00,Nilem,27.4,7.45,5.98,3.0,3.0,3.0,4.0,5.0,3.0,0,0,1.9800000000000004,0.9800000000000004,0,0
2026-02-24 17:15:00,Nilem,27.77,7.63,5.86,3.0,3.0,3.0,4.0,5.0,3.0,0,0,1.8600000000000003,0.8600000000000003,0,0
2026-02-24 17:30:00,Nilem,27.62,7.46,5.89,3.0,3.0,3.0,4.0,5.0,3.0,0,0,1.8899999999999997,0.8899999999999997,0,0
2026-02-24 17:45:00,Nilem,27.44,7.67,5.42,3.0,3.0,3.0,4.0,5.0,3.0,0,0,1.42,0.41999999999999993,0,0
2026-02-24 18:00:00,Nilem,27.64,7.66,5.82,3.0,3.0,3.0,4.0,5.0,3.0,0,0,1.8200000000000003,0.8200000000000003,0,0
2026-02-24 18:15:00,Nilem,27.1,7.58,5.3,3.0,3.0,3.0,4.0,5.0,3.0,0,0,1.2999999999999998,0.2999999999999998,0,0
2026-02-24 18:30:00,Nilem,27.4,7.57,5.58,3.0,3.0,3.0,4.0,5.0,3.0,0,0,1.58,0.5800000000000001,0,0
2026-02-24 18:45:00,Nilem,26.73,7.46,5.4,3.0,3.0,3.0,4.0,5.0,3.0,0,0,1.4000000000000004,0.40000000000000036,0,0
2026-02-24 19:00:00,Nilem,26.68,7.39,5.38,3.0,3.0,3.0,4.0,5.0,3.0,0,0,1.38,0.3799999999999999,0,0
2026-02-24 19:15:00,Nilem,27.58,7.48,5.74,3.0,3.0,3.0,4.0,5.0,3.0,0,0,1.7400000000000002,0.7400000000000002,0,0
2026-02-24 19:30:00,Nilem,26.76,7.47,5.16,3.0,3.0,3.0,4.0,5.0,3.0,0,0,1.1600000000000001,0.16000000000000014,0,0
2026-02-24 19:45:00,Nilem,26.24,7.47,4.96,3.0,3.0,2.0,4.0,5.0,2.6666666666666665,0,1,0.96,-0.040000000000000036,0,0
2026-02-24 20:00:00,Nilem,26.47,7.29,3.95,3.0,3.0,1.0,4.0,5.0,2.3333333333333335,1,0,-0.04999999999999982,-1.0499999999999998,1,15
2026-02-24 20:15:00,Nilem,26.61,7.49,5.05,3.0,3.0,3.0,4.0,5.0,3.0,0,0,1.0499999999999998,0.04999999999999982,0,0
2026-02-24 20:30:00,Nilem,25.72,7.26,4.63,2.0,3.0,2.0,4.0,5.0,2.3333333333333335,0,1,0.6299999999999999,-0.3700000000000001,0,0
2026-02-24 20:45:00,Nilem,26.24,7.48,4.87,3.0,3.0,2.0,4.0,5.0,2.6666666666666665,0,1,0.8700000000000001,-0.1299999999999999,0,0
2026-02-24 21:00:00,Nilem,26.58,7.4,4.95,3.0,3.0,2.0,4.0,5.0,2.6666666666666665,0,1,0.9500000000000002,-0.04999999999999982,0,0
2026-02-24 21:15:00,Nilem,26.4,7.42,4.28,3.0,3.0,2.0,4.0,5.0,2.6666666666666665,0,1,0.28000000000000025,-0.7199999999999998,0,0
2026-02-24 21:30:00,Nilem,26.65,7.45,5.35,3.0,3.0,3.0,4.0,5.0,3.0,0,0,1.3499999999999996,0.34999999999999964,0,0
2026-02-24 21:45:00,Nilem,26.54,7.41,4.6,3.0,3.0,2.0,4.0,5.0,2.6666666666666665,0,1,0.5999999999999996,-0.40000000000000036,0,0
2026-02-24 22:00:00,Nilem,26.26,7.43,4.5,3.0,3.0,2.0,4.0,5.0,2.6666666666666665,0,1,0.5,-0.5,0,0
2026-02-24 22:15:00,Nilem,26.47,7.36,4.45,3.0,3.0,2.0,4.0,5.0,2.6666666666666665,0,1,0.4500000000000002,-0.5499999999999998,0,0
2026-02-24 22:30:00,Nilem,26.25,7.43,4.7,3.0,3.0,2.0,4.0,5.0,2.6666666666666665,0,1,0.7000000000000002,-0.2999999999999998,0,0
2026-02-24 22:45:00,Nilem,26.44,7.61,4.38,3.0,3.0,2.0,4.0,5.0,2.6666666666666665,0,1,0.3799999999999999,-0.6200000000000001,0,0
2026-02-24 23:00:00,Nilem,25.87,7.33,4.05,2.0,3.0,2.0,4.0,5.0,2.3333333333333335,0,1,0.04999999999999982,-0.9500000000000002,0,0
2026-02-24 23:15:00,Nilem,25.48,7.3,3.73,2.0,3.0,1.0,4.0,5.0,2.0,1,0,-0.27,-1.27,1,15
2026-02-24 23:30:00,Nilem,25.44,7.06,3.02,2.0,3.0,1.0,4.0,5.0,2.0,1,0,-0.98,-1.98,2,30
2026-02-24 23:45:00,Nilem,26.09,7.29,3.93,3.0,3.0,1.0,4.0,5.0,2.3333333333333335,1,0,-0.06999999999999984,-1.0699999999999998,3,45
2026-02-25 00:00:00,Nilem,26.39,7.23,3.93,3.0,3.0,1.0,4.0,5.0,2.3333333333333335,1,0,-0.06999999999999984,-1.0699999999999998,4,60
2026-02-25 00:15:00,Nilem,25.85,7.25,4.38,2.0,3.0,2.0,4.0,5.0,2.3333333333333335,0,1,0.3799999999999999,-0.6200000000000001,0,0
2026-02-25 00:30:00,Nilem,25.93,7.13,3.58,2.0,3.0,1.0,4.0,5.0,2.0,1,0,-0.41999999999999993,-1.42,1,15
2026-02-25 00:45:00,Nilem,26.22,7.31,3.88,3.0,3.0,1.0,4.0,5.0,2.3333333333333335,1,0,-0.1200000000000001,-1.12,2,30
2026-02-25 01:00:00,Nilem,26.11,7.37,4.28,3.0,3.0,2.0,4.0,5.0,2.6666666666666665,0,1,0.28000000000000025,-0.7199999999999998,0,0
2026-02-25 01:15:00,Nilem,26.06,7.37,3.91,3.0,3.0,1.0,4.0,5.0,2.3333333333333335,1,0,-0.08999999999999986,-1.0899999999999999,1,15
2026-02-25 01:30:00,Nilem,26.52,7.12,3.49,3.0,3.0,1.0,4.0,5.0,2.3333333333333335,1,0,-0.5099999999999998,-1.5099999999999998,2,30
2026-02-25 01:45:00,Nilem,26.78,7.49,4.45,3.0,3.0,2.0,4.0,5.0,2.6666666666666665,0,1,0.4500000000000002,-0.5499999999999998,0,0
2026-02-25 02:00:00,Nilem,26.97,7.52,4.38,3.0,3.0,2.0,4.0,5.0,2.6666666666666665,0,1,0.3799999999999999,-0.6200000000000001,0,0
2026-02-25 02:15:00,Nilem,26.72,7.27,4.14,3.0,3.0,2.0,4.0,5.0,2.6666666666666665,0,1,0.13999999999999968,-0.8600000000000003,0,0
2026-02-25 02:30:00,Nilem,26.92,7.45,4.56,3.0,3.0,2.0,4.0,5.0,2.6666666666666665,0,1,0.5599999999999996,-0.4400000000000004,0,0
2026-02-25 02:45:00,Nilem,26.75,7.31,3.98,3.0,3.0,1.0,4.0,5.0,2.3333333333333335,1,0,-0.020000000000000018,-1.02,1,15
2026-02-25 03:00:00,Nilem,26.54,7.43,4.28,3.0,3.0,2.0,4.0,5.0,2.6666666666666665,0,1,0.28000000000000025,-0.7199999999999998,0,0
2026-02-25 03:15:00,Nilem,26.73,7.41,4.7,3.0,3.0,2.0,4.0,5.0,2.6666666666666665,0,1,0.7000000000000002,-0.2999999999999998,0,0
2026-02-25 03:30:00,Nilem,27.15,7.52,4.37,3.0,3.0,2.0,4.0,5.0,2.6666666666666665,0,1,0.3700000000000001,-0.6299999999999999,0,0
2026-02-25 03:45:00,Nilem,27.13,7.29,4.83,3.0,3.0,2.0,4.0,5.0,2.6666666666666665,0,1,0.8300000000000001,-0.16999999999999993,0,0
2026-02-25 04:00:00,Nilem,27.26,7.54,4.22,3.0,3.0,2.0,4.0,5.0,2.6666666666666665,0,1,0.21999999999999975,-0.7800000000000002,0,0
2026-02-25 04:15:00,Nilem,27.53,7.45,4.43,3.0,3.0,2.0,4.0,5.0,2.6666666666666665,0,1,0.4299999999999997,-0.5700000000000003,0,0
2026-02-25 04:30:00,Nilem,27.8,7.42,4.81,3.0,3.0,2.0,4.0,5.0,2.6666666666666665,0,1,0.8099999999999996,-0.1900000000000004,0,0
2026-02-25 04:45:00,Nilem,27.93,7.31,4.86,3.0,3.0,2.0,4.0,5.0,2.6666666666666665,0,1,0.8600000000000003,-0.13999999999999968,0,0
2026-02-25 05:00:00,Nilem,28.13,7.49,4.82,3.0,3.0,2.0,4.0,5.0,2.6666666666666665,0,1,0.8200000000000003,-0.17999999999999972,0,0
2026-02-25 05:15:00,Nilem,28.29,7.34,4.56,3.0,3.0,2.0,4.0,5.0,2.6666666666666665,0,1,0.5599999999999996,-0.4400000000000004,0,0
2026-02-25 05:30:00,Nilem,28.15,7.45,4.68,3.0,3.0,2.0,4.0,5.0,2.6666666666666665,0,1,0.6799999999999997,-0.3200000000000003,0,0
2026-02-25 05:45:00,Nilem,28.17,7.34,5.11,3.0,3.0,3.0,4.0,5.0,3.0,0,0,1.1100000000000003,0.11000000000000032,0,0
2026-02-25 06:00:00,Nilem,28.14,7.67,4.88,3.0,3.0,2.0,4.0,5.0,2.6666666666666665,0,1,0.8799999999999999,-0.1200000000000001,0,0
2026-02-25 06:15:00,Nilem,28.35,7.28,5.41,3.0,3.0,3.0,4.0,5.0,3.0,0,0,1.4100000000000001,0.41000000000000014,0,0
2026-02-25 06:30:00,Nilem,28.32,7.42,5.23,3.0,3.0,3.0,4.0,5.0,3.0,0,0,1.2300000000000004,0.23000000000000043,0,0
2026-02-25 06:45:00,Nilem,28.1,7.59,5.54,3.0,3.0,3.0,4.0,5.0,3.0,0,0,1.54,0.54,0,0
2026-02-25 07:00:00,Nilem,28.4,7.49,5.71,3.0,3.0,3.0,4.0,5.0,3.0,0,0,1.71,0.71,0,0
2026-02-25 07:15:00,Nilem,28.93,7.33,5.48,3.0,3.0,3.0,4.0,5.0,3.0,0,0,1.4800000000000004,0.4800000000000004,0,0
2026-02-25 07:30:00,Nilem,28.6,7.51,5.7,3.0,3.0,3.0,4.0,5.0,3.0,0,0,1.7000000000000002,0.7000000000000002,0,0
2026-02-25 07:45:00,Nilem,28.28,7.38,4.48,3.0,3.0,2.0,4.0,5.0,2.6666666666666665,0,1,0.4800000000000004,-0.5199999999999996,0,0
2026-02-25 08:00:00,Nilem,29.1,7.55,5.6,2.0,3.0,3.0,4.0,5.0,2.6666666666666665,0,0,1.5999999999999996,0.5999999999999996,0,0
2026-02-25 08:15:00,Nilem,28.76,7.41,6.13,3.0,3.0,3.0,4.0,5.0,3.0,0,0,2.13,1.13,0,0
2026-02-25 08:30:00,Nilem,29.35,7.56,5.93,2.0,3.0,3.0,4.0,5.0,2.6666666666666665,0,0,1.9299999999999997,0.9299999999999997,0,0
2026-02-25 08:45:00,Nilem,29.14,7.42,5.89,2.0,3.0,3.0,4.0,5.0,2.6666666666666665,0,0,1.8899999999999997,0.8899999999999997,0,0
2026-02-25 09:00:00,Nilem,29.56,7.57,5.71,2.0,3.0,3.0,4.0,5.0,2.6666666666666665,0,0,1.71,0.71,0,0
2026-02-25 09:15:00,Nilem,29.29,7.59,5.96,2.0,3.0,3.0,4.0,5.0,2.6666666666666665,0,0,1.96,0.96,0,0
2026-02-25 09:30:00,Nilem,29.11,7.54,5.9,2.0,3.0,3.0,4.0,5.0,2.6666666666666665,0,0,1.9000000000000004,0.9000000000000004,0,0
2026-02-25 09:45:00,Nilem,29.63,7.55,6.36,2.0,3.0,3.0,4.0,5.0,2.6666666666666665,0,0,2.3600000000000003,1.3600000000000003,0,0
2026-02-25 10:00:00,Nilem,29.28,7.54,6.01,2.0,3.0,3.0,4.0,5.0,2.6666666666666665,0,0,2.01,1.0099999999999998,0,0
2026-02-25 10:15:00,Nilem,29.91,7.67,6.06,2.0,3.0,3.0,4.0,5.0,2.6666666666666665,0,0,2.0599999999999996,1.0599999999999996,0,0
2026-02-25 10:30:00,Nilem,29.38,7.56,6.68,2.0,3.0,3.0,4.0,5.0,2.6666666666666665,0,0,2.6799999999999997,1.6799999999999997,0,0
2026-02-25 10:45:00,Nilem,29.49,7.74,6.28,2.0,3.0,3.0,4.0,5.0,2.6666666666666665,0,0,2.2800000000000002,1.2800000000000002,0,0
2026-02-25 11:00:00,Nilem,29.28,7.69,6.13,2.0,3.0,3.0,4.0,5.0,2.6666666666666665,0,0,2.13,1.13,0,0
2026-02-25 11:15:00,Nilem,29.75,7.81,6.64,2.0,3.0,3.0,4.0,5.0,2.6666666666666665,0,0,2.6399999999999997,1.6399999999999997,0,0
2026-02-25 11:30:00,Nilem,29.37,7.61,6.28,2.0,3.0,3.0,4.0,5.0,2.6666666666666665,0,0,2.2800000000000002,1.2800000000000002,0,0
2026-02-25 11:45:00,Nilem,29.25,7.5,6.61,2.0,3.0,3.0,4.0,5.0,2.6666666666666665,0,0,2.6100000000000003,1.6100000000000003,0,0
2026-02-25 12:00:00,Nilem,29.3,7.67,6.63,2.0,3.0,3.0,4.0,5.0,2.6666666666666665,0,0,2.63,1.63,0,0
2026-02-25 12:15:00,Nilem,29.77,7.78,6.76,2.0,3.0,3.0,4.0,5.0,2.6666666666666665,0,0,2.76,1.7599999999999998,0,0
2026-02-25 12:30:00,Nilem,29.05,7.5,7.04,2.0,3.0,3.0,4.0,5.0,2.6666666666666665,0,0,3.04,2.04,0,0
2026-02-25 12:45:00,Nilem,29.53,7.51,6.26,2.0,3.0,3.0,4.0,5.0,2.6666666666666665,0,0,2.26,1.2599999999999998,0,0
2026-02-25 13:00:00,Nilem,29.01,7.5,6.7,2.0,3.0,3.0,4.0,5.0,2.6666666666666665,0,0,2.7,1.7000000000000002,0,0
2026-02-25 13:15:00,Nilem,29.34,7.44,6.77,2.0,3.0,3.0,4.0,5.0,2.6666666666666665,0,0,2.7699999999999996,1.7699999999999996,0,0
2026-02-25 13:30:00,Nilem,28.58,7.54,6.12,3.0,3.0,3.0,4.0,5.0,3.0,0,0,2.12,1.12,0,0
2026-02-25 13:45:00,Nilem,29.43,7.52,6.47,2.0,3.0,3.0,4.0,5.0,2.6666666666666665,0,0,2.4699999999999998,1.4699999999999998,0,0
2026-02-25 14:00:00,Nilem,28.88,7.54,6.91,3.0,3.0,3.0,4.0,5.0,3.0,0,0,2.91,1.9100000000000001,0,0
2026-02-25 14:15:00,Nilem,29.17,7.7,6.25,2.0,3.0,3.0,4.0,5.0,2.6666666666666665,0,0,2.25,1.25,0,0
2026-02-25 14:30:00,Nilem,28.76,7.61,6.73,3.0,3.0,3.0,4.0,5.0,3.0,0,0,2.7300000000000004,1.7300000000000004,0,0
2026-02-25 14:45:00,Nilem,28.58,7.72,6.6,3.0,3.0,3.0,4.0,5.0,3.0,0,0,2.5999999999999996,1.5999999999999996,0,0
2026-02-25 15:00:00,Nilem,28.3,7.69,6.3,3.0,3.0,3.0,4.0,5.0,3.0,0,0,2.3,1.2999999999999998,0,0
2026-02-25 15:15:00,Nilem,28.45,7.49,6.39,3.0,3.0,3.0,4.0,5.0,3.0,0,0,2.3899999999999997,1.3899999999999997,0,0
2026-02-25 15:30:00,Nilem,28.84,7.62,6.03,3.0,3.0,3.0,4.0,5.0,3.0,0,0,2.0300000000000002,1.0300000000000002,0,0
2026-02-25 15:45:00,Nilem,28.65,7.53,6.26,3.0,3.0,3.0,4.0,5.0,3.0,0,0,2.26,1.2599999999999998,0,0
2026-02-25 16:00:00,Nilem,27.94,7.41,6.08,3.0,3.0,3.0,4.0,5.0,3.0,0,0,2.08,1.08,0,0
2026-02-25 16:15:00,Nilem,27.79,7.35,6.23,3.0,3.0,3.0,4.0,5.0,3.0,0,0,2.2300000000000004,1.2300000000000004,0,0
2026-02-25 16:30:00,Nilem,27.56,7.58,6.5,3.0,3.0,3.0,4.0,5.0,3.0,0,0,2.5,1.5,0,0
2026-02-25 16:45:00,Nilem,27.85,7.61,6.61,3.0,3.0,3.0,4.0,5.0,3.0,0,0,2.6100000000000003,1.6100000000000003,0,0
2026-02-25 17:00:00,Nilem,27.77,7.63,6.08,3.0,3.0,3.0,4.0,5.0,3.0,0,0,2.08,1.08,0,0
2026-02-25 17:15:00,Nilem,28.04,7.55,5.63,3.0,3.0,3.0,4.0,5.0,3.0,0,0,1.63,0.6299999999999999,0,0
2026-02-25 17:30:00,Nilem,27.48,7.43,5.92,3.0,3.0,3.0,4.0,5.0,3.0,0,0,1.92,0.9199999999999999,0,0
2026-02-25 17:45:00,Nilem,27.85,7.6,5.6,3.0,3.0,3.0,4.0,5.0,3.0,0,0,1.5999999999999996,0.5999999999999996,0,0
2026-02-25 18:00:00,Nilem,28.02,7.55,5.9,3.0,3.0,3.0,4.0,5.0,3.0,0,0,1.9000000000000004,0.9000000000000004,0,0
2026-02-25 18:15:00,Nilem,27.29,7.62,6.2,3.0,3.0,3.0,4.0,5.0,3.0,0,0,2.2,1.2000000000000002,0,0
2026-02-25 18:30:00,Nilem,26.85,7.36,4.88,3.0,3.0,2.0,4.0,5.0,2.6666666666666665,0,1,0.8799999999999999,-0.1200000000000001,0,0
2026-02-25 18:45:00,Nilem,27.41,7.44,5.37,3.0,3.0,3.0,4.0,5.0,3.0,0,0,1.37,0.3700000000000001,0,0
2026-02-25 19:00:00,Nilem,27.08,7.45,5.53,3.0,3.0,3.0,4.0,5.0,3.0,0,0,1.5300000000000002,0.5300000000000002,0,0
2026-02-25 19:15:00,Nilem,26.77,7.85,5.09,3.0,3.0,3.0,4.0,5.0,3.0,0,0,1.0899999999999999,0.08999999999999986,0,0
2026-02-25 19:30:00,Nilem,27.17,7.42,5.28,3.0,3.0,3.0,4.0,5.0,3.0,0,0,1.2800000000000002,0.28000000000000025,0,0
2026-02-25 19:45:00,Nilem,26.74,7.54,5.69,3.0,3.0,3.0,4.0,5.0,3.0,0,0,1.6900000000000004,0.6900000000000004,0,0
2026-02-25 20:00:00,Nilem,27.0,7.59,4.72,3.0,3.0,2.0,4.0,5.0,2.6666666666666665,0,1,0.7199999999999998,-0.28000000000000025,0,0
2026-02-25 20:15:00,Nilem,26.81,7.5,4.83,3.0,3.0,2.0,4.0,5.0,2.6666666666666665,0,1,0.8300000000000001,-0.16999999999999993,0,0
2026-02-25 20:30:00,Nilem,26.68,7.45,5.11,3.0,3.0,3.0,4.0,5.0,3.0,0,0,1.1100000000000003,0.11000000000000032,0,0
2026-02-25 20:45:00,Nilem,26.68,7.38,5.23,3.0,3.0,3.0,4.0,5.0,3.0,0,0,1.2300000000000004,0.23000000000000043,0,0
2026-02-25 21:00:00,Nilem,26.85,7.59,4.37,3.0,3.0,2.0,4.0,5.0,2.6666666666666665,0,1,0.3700000000000001,-0.6299999999999999,0,0
2026-02-25 21:15:00,Nilem,26.36,7.32,4.55,3.0,3.0,2.0,4.0,5.0,2.6666666666666665,0,1,0.5499999999999998,-0.4500000000000002,0,0
2026-02-25 21:30:00,Nilem,26.39,7.55,5.08,3.0,3.0,3.0,4.0,5.0,3.0,0,0,1.08,0.08000000000000007,0,0
2026-02-25 21:45:00,Nilem,26.84,7.24,4.86,3.0,3.0,2.0,4.0,5.0,2.6666666666666665,0,1,0.8600000000000003,-0.13999999999999968,0,0
2026-02-25 22:00:00,Nilem,26.73,7.34,4.59,3.0,3.0,2.0,4.0,5.0,2.6666666666666665,0,1,0.5899999999999999,-0.41000000000000014,0,0
2026-02-25 22:15:00,Nilem,25.32,7.24,3.53,2.0,3.0,1.0,4.0,5.0,2.0,1,0,-0.4700000000000002,-1.4700000000000002,1,15
2026-02-25 22:30:00,Nilem,25.95,7.44,4.47,2.0,3.0,2.0,4.0,5.0,2.3333333333333335,0,1,0.46999999999999975,-0.5300000000000002,0,0
2026-02-25 22:45:00,Nilem,25.66,7.3,3.5,2.0,3.0,1.0,4.0,5.0,2.0,1,0,-0.5,-1.5,1,15
2026-02-25 23:00:00,Nilem,26.37,7.46,4.35,3.0,3.0,2.0,4.0,5.0,2.6666666666666665,0,1,0.34999999999999964,-0.6500000000000004,0,0
2026-02-25 23:15:00,Nilem,26.72,7.25,4.68,3.0,3.0,2.0,4.0,5.0,2.6666666666666665,0,1,0.6799999999999997,-0.3200000000000003,0,0
2026-02-25 23:30:00,Nilem,26.3,7.18,4.14,3.0,3.0,2.0,4.0,5.0,2.6666666666666665,0,1,0.13999999999999968,-0.8600000000000003,0,0
2026-02-25 23:45:00,Nilem,26.27,7.33,4.32,3.0,3.0,2.0,4.0,5.0,2.6666666666666665,0,1,0.3200000000000003,-0.6799999999999997,0,0
2026-01-29 00:00:00,Tilapia,27.1,7.52,4.05,3.0,3.0,2.0,4.0,5.0,2.6666666666666665,0,1,0.04999999999999982,-0.9500000000000002,0,0
2026-01-29 00:15:00,Tilapia,26.61,7.63,4.28,3.0,3.0,2.0,4.0,5.0,2.6666666666666665,0,1,0.28000000000000025,-0.7199999999999998,0,0
2026-01-29 00:30:00,Tilapia,27.45,7.7,4.34,3.0,3.0,2.0,4.0,5.0,2.6666666666666665,0,1,0.33999999999999986,-0.6600000000000001,0,0
2026-01-29 00:45:00,Tilapia,27.13,7.45,3.94,3.0,3.0,1.0,4.0,5.0,2.3333333333333335,1,0,-0.06000000000000005,-1.06,1,15
2026-01-29 01:00:00,Tilapia,27.65,7.8,3.92,3.0,3.0,1.0,4.0,5.0,2.3333333333333335,1,0,-0.08000000000000007,-1.08,2,30
2026-01-29 01:15:00,Tilapia,27.39,7.64,4.16,3.0,3.0,2.0,4.0,5.0,2.6666666666666665,0,1,0.16000000000000014,-0.8399999999999999,0,0
2026-01-29 01:30:00,Tilapia,27.38,7.8,4.27,3.0,3.0,2.0,4.0,5.0,2.6666666666666665,0,1,0.2699999999999996,-0.7300000000000004,0,0
2026-01-29 01:45:00,Tilapia,26.51,7.48,2.43,3.0,3.0,1.0,4.0,5.0,2.3333333333333335,1,0,-1.5699999999999998,-2.57,1,15
2026-01-29 02:00:00,Tilapia,27.81,7.54,3.67,3.0,3.0,1.0,4.0,5.0,2.3333333333333335,1,0,-0.33000000000000007,-1.33,2,30
2026-01-29 02:15:00,Tilapia,27.84,7.66,4.23,3.0,3.0,2.0,4.0,5.0,2.6666666666666665,0,1,0.23000000000000043,-0.7699999999999996,0,0
2026-01-29 02:30:00,Tilapia,27.8,7.69,4.56,3.0,3.0,2.0,4.0,5.0,2.6666666666666665,0,1,0.5599999999999996,-0.4400000000000004,0,0
2026-01-29 02:45:00,Tilapia,27.76,7.5,3.98,3.0,3.0,1.0,4.0,5.0,2.3333333333333335,1,0,-0.020000000000000018,-1.02,1,15
2026-01-29 03:00:00,Tilapia,28.15,7.47,4.18,3.0,3.0,2.0,4.0,5.0,2.6666666666666665,0,1,0.17999999999999972,-0.8200000000000003,0,0
2026-01-29 03:15:00,Tilapia,27.75,7.8,4.59,3.0,3.0,2.0,4.0,5.0,2.6666666666666665,0,1,0.5899999999999999,-0.41000000000000014,0,0
2026-01-29 03:30:00,Tilapia,28.1,7.78,4.01,3.0,3.0,2.0,4.0,5.0,2.6666666666666665,0,1,0.009999999999999787,-0.9900000000000002,0,0
2026-01-29 03:45:00,Tilapia,27.52,7.65,3.92,3.0,3.0,1.0,4.0,5.0,2.3333333333333335,1,0,-0.08000000000000007,-1.08,1,15
2026-01-29 04:00:00,Tilapia,27.99,7.93,4.59,3.0,3.0,2.0,4.0,5.0,2.6666666666666665,0,1,0.5899999999999999,-0.41000000000000014,0,0
2026-01-29 04:15:00,Tilapia,28.84,7.77,4.35,3.0,3.0,2.0,4.0,5.0,2.6666666666666665,0,1,0.34999999999999964,-0.6500000000000004,0,0
2026-01-29 04:30:00,Tilapia,28.87,7.85,4.28,3.0,3.0,2.0,4.0,5.0,2.6666666666666665,0,1,0.28000000000000025,-0.7199999999999998,0,0
2026-01-29 04:45:00,Tilapia,28.81,7.78,4.26,3.0,3.0,2.0,4.0,5.0,2.6666666666666665,0,1,0.2599999999999998,-0.7400000000000002,0,0
2026-01-29 05:00:00,Tilapia,28.32,7.87,4.37,3.0,3.0,2.0,4.0,5.0,2.6666666666666665,0,1,0.3700000000000001,-0.6299999999999999,0,0
2026-01-29 05:15:00,Tilapia,28.99,7.68,5.14,3.0,3.0,3.0,4.0,5.0,3.0,0,0,1.1399999999999997,0.13999999999999968,0,0
2026-01-29 05:30:00,Tilapia,28.59,7.77,5.11,3.0,3.0,3.0,4.0,5.0,3.0,0,0,1.1100000000000003,0.11000000000000032,0,0
2026-01-29 05:45:00,Tilapia,29.44,7.69,4.81,3.0,3.0,2.0,4.0,5.0,2.6666666666666665,0,1,0.8099999999999996,-0.1900000000000004,0,0
2026-01-29 06:00:00,Tilapia,28.85,7.75,5.03,3.0,3.0,3.0,4.0,5.0,3.0,0,0,1.0300000000000002,0.03000000000000025,0,0
2026-01-29 06:15:00,Tilapia,29.68,7.72,5.14,3.0,3.0,3.0,4.0,5.0,3.0,0,0,1.1399999999999997,0.13999999999999968,0,0
2026-01-29 06:30:00,Tilapia,29.32,7.63,4.72,3.0,3.0,2.0,4.0,5.0,2.6666666666666665,0,1,0.7199999999999998,-0.28000000000000025,0,0
2026-01-29 06:45:00,Tilapia,29.34,7.81,4.94,3.0,3.0,2.0,4.0,5.0,2.6666666666666665,0,1,0.9400000000000004,-0.05999999999999961,0,0
2026-01-29 07:00:00,Tilapia,29.43,7.56,4.88,3.0,3.0,2.0,4.0,5.0,2.6666666666666665,0,1,0.8799999999999999,-0.1200000000000001,0,0
2026-01-29 07:15:00,Tilapia,29.69,7.81,5.73,3.0,3.0,3.0,4.0,5.0,3.0,0,0,1.7300000000000004,0.7300000000000004,0,0
2026-01-29 07:30:00,Tilapia,29.79,7.93,5.61,3.0,3.0,3.0,4.0,5.0,3.0,0,0,1.6100000000000003,0.6100000000000003,0,0
2026-01-29 07:45:00,Tilapia,29.2,7.85,4.78,3.0,3.0,2.0,4.0,5.0,2.6666666666666665,0,1,0.7800000000000002,-0.21999999999999975,0,0
2026-01-29 08:00:00,Tilapia,30.36,7.79,5.69,2.0,3.0,3.0,4.0,5.0,2.6666666666666665,0,0,1.6900000000000004,0.6900000000000004,0,0
2026-01-29 08:15:00,Tilapia,30.21,7.98,5.56,2.0,3.0,3.0,4.0,5.0,2.6666666666666665,0,0,1.5599999999999996,0.5599999999999996,0,0
2026-01-29 08:30:00,Tilapia,30.4,8.01,5.84,2.0,3.0,3.0,4.0,5.0,2.6666666666666665,0,0,1.8399999999999999,0.8399999999999999,0,0
2026-01-29 08:45:00,Tilapia,30.51,7.81,5.88,2.0,3.0,3.0,4.0,5.0,2.6666666666666665,0,0,1.88,0.8799999999999999,0,0
2026-01-29 09:00:00,Tilapia,29.23,7.67,4.8,3.0,3.0,2.0,4.0,5.0,2.6666666666666665,0,1,0.7999999999999998,-0.20000000000000018,0,0
2026-01-29 09:15:00,Tilapia,29.91,7.82,6.09,3.0,3.0,3.0,4.0,5.0,3.0,0,0,2.09,1.0899999999999999,0,0
2026-01-29 09:30:00,Tilapia,29.46,7.76,5.41,3.0,3.0,3.0,4.0,5.0,3.0,0,0,1.4100000000000001,0.41000000000000014,0,0
2026-01-29 09:45:00,Tilapia,30.17,7.76,5.49,2.0,3.0,3.0,4.0,5.0,2.6666666666666665,0,0,1.4900000000000002,0.4900000000000002,0,0
2026-01-29 10:00:00,Tilapia,30.16,7.95,6.01,2.0,3.0,3.0,4.0,5.0,2.6666666666666665,0,0,2.01,1.0099999999999998,0,0
2026-01-29 10:15:00,Tilapia,29.94,7.85,5.39,3.0,3.0,3.0,4.0,5.0,3.0,0,0,1.3899999999999997,0.3899999999999997,0,0
2026-01-29 10:30:00,Tilapia,30.05,7.87,5.67,2.0,3.0,3.0,4.0,5.0,2.6666666666666665,0,0,1.67,0.6699999999999999,0,0
2026-01-29 10:45:00,Tilapia,30.02,7.57,6.33,2.0,3.0,3.0,4.0,5.0,2.6666666666666665,0,0,2.33,1.33,0,0
2026-01-29 11:00:00,Tilapia,29.23,7.75,4.85,3.0,3.0,2.0,4.0,5.0,2.6666666666666665,0,1,0.8499999999999996,-0.15000000000000036,0,0
2026-01-29 11:15:00,Tilapia,30.53,7.92,6.42,2.0,3.0,3.0,4.0,5.0,2.6666666666666665,0,0,2.42,1.42,0,0
2026-01-29 11:30:00,Tilapia,29.71,7.65,5.11,3.0,3.0,3.0,4.0,5.0,3.0,0,0,1.1100000000000003,0.11000000000000032,0,0
2026-01-29 11:45:00,Tilapia,29.86,7.8,5.69,3.0,3.0,3.0,4.0,5.0,3.0,0,0,1.6900000000000004,0.6900000000000004,0,0
2026-01-29 12:00:00,Tilapia,30.48,7.98,6.2,2.0,3.0,3.0,4.0,5.0,2.6666666666666665,0,0,2.2,1.2000000000000002,0,0
2026-01-29 12:15:00,Tilapia,30.25,8.05,6.14,2.0,3.0,3.0,4.0,5.0,2.6666666666666665,0,0,2.1399999999999997,1.1399999999999997,0,0
2026-01-29 12:30:00,Tilapia,30.01,7.8,5.96,2.0,3.0,3.0,4.0,5.0,2.6666666666666665,0,0,1.96,0.96,0,0
2026-01-29 12:45:00,Tilapia,30.11,8.1,6.42,2.0,3.0,3.0,4.0,5.0,2.6666666666666665,0,0,2.42,1.42,0,0
2026-01-29 13:00:00,Tilapia,30.66,8.09,6.15,2.0,3.0,3.0,4.0,5.0,2.6666666666666665,0,0,2.1500000000000004,1.1500000000000004,0,0
2026-01-29 13:15:00,Tilapia,30.14,7.91,6.68,2.0,3.0,3.0,4.0,5.0,2.6666666666666665,0,0,2.6799999999999997,1.6799999999999997,0,0
2026-01-29 13:30:00,Tilapia,30.32,7.98,6.4,2.0,3.0,3.0,4.0,5.0,2.6666666666666665,0,0,2.4000000000000004,1.4000000000000004,0,0
2026-01-29 13:45:00,Tilapia,29.96,7.95,6.46,3.0,3.0,3.0,4.0,5.0,3.0,0,0,2.46,1.46,0,0
2026-01-29 14:00:00,Tilapia,29.98,8.04,6.91,3.0,3.0,3.0,4.0,5.0,3.0,0,0,2.91,1.9100000000000001,0,0
2026-01-29 14:15:00,Tilapia,29.89,7.7,6.21,3.0,3.0,3.0,4.0,5.0,3.0,0,0,2.21,1.21,0,0
2026-01-29 14:30:00,Tilapia,29.72,7.94,5.92,3.0,3.0,3.0,4.0,5.0,3.0,0,0,1.92,0.9199999999999999,0,0
2026-01-29 14:45:00,Tilapia,29.4,8.06,6.03,3.0,3.0,3.0,4.0,5.0,3.0,0,0,2.0300000000000002,1.0300000000000002,0,0
2026-01-29 15:00:00,Tilapia,29.91,7.88,6.21,3.0,3.0,3.0,4.0,5.0,3.0,0,0,2.21,1.21,0,0
2026-01-29 15:15:00,Tilapia,29.82,7.96,6.34,3.0,3.0,3.0,4.0,5.0,3.0,0,0,2.34,1.3399999999999999,0,0
2026-01-29 15:30:00,Tilapia,29.93,7.95,6.09,3.0,3.0,3.0,4.0,5.0,3.0,0,0,2.09,1.0899999999999999,0,0
2026-01-29 15:45:00,Tilapia,29.35,7.85,6.19,3.0,3.0,3.0,4.0,5.0,3.0,0,0,2.1900000000000004,1.1900000000000004,0,0
2026-01-29 16:00:00,Tilapia,28.95,7.97,6.21,3.0,3.0,3.0,4.0,5.0,3.0,0,0,2.21,1.21,0,0
2026-01-29 16:15:00,Tilapia,29.05,7.75,5.47,3.0,3.0,3.0,4.0,5.0,3.0,0,0,1.4699999999999998,0.46999999999999975,0,0
2026-01-29 16:30:00,Tilapia,28.83,7.92,5.64,3.0,3.0,3.0,4.0,5.0,3.0,0,0,1.6399999999999997,0.6399999999999997,0,0
2026-01-29 16:45:00,Tilapia,28.5,7.81,5.76,3.0,3.0,3.0,4.0,5.0,3.0,0,0,1.7599999999999998,0.7599999999999998,0,0
2026-01-29 17:00:00,Tilapia,28.64,7.89,5.63,3.0,3.0,3.0,4.0,5.0,3.0,0,0,1.63,0.6299999999999999,0,0
2026-01-29 17:15:00,Tilapia,28.93,7.8,5.85,3.0,3.0,3.0,4.0,5.0,3.0,0,0,1.8499999999999996,0.8499999999999996,0,0
2026-01-29 17:30:00,Tilapia,28.49,7.76,5.39,3.0,3.0,3.0,4.0,5.0,3.0,0,0,1.3899999999999997,0.3899999999999997,0,0
2026-01-29 17:45:00,Tilapia,28.67,7.88,6.18,3.0,3.0,3.0,4.0,5.0,3.0,0,0,2.1799999999999997,1.1799999999999997,0,0
2026-01-29 18:00:00,Tilapia,28.24,7.98,5.24,3.0,3.0,3.0,4.0,5.0,3.0,0,0,1.2400000000000002,0.2400000000000002,0,0
2026-01-29 18:15:00,Tilapia,28.55,7.96,5.38,3.0,3.0,3.0,4.0,5.0,3.0,0,0,1.38,0.3799999999999999,0,0
2026-01-29 18:30:00,Tilapia,28.8,7.75,5.64,3.0,3.0,3.0,4.0,5.0,3.0,0,0,1.6399999999999997,0.6399999999999997,0,0
2026-01-29 18:45:00,Tilapia,28.27,8.04,5.23,3.0,3.0,3.0,4.0,5.0,3.0,0,0,1.2300000000000004,0.23000000000000043,0,0
2026-01-29 19:00:00,Tilapia,28.46,7.98,5.38,3.0,3.0,3.0,4.0,5.0,3.0,0,0,1.38,0.3799999999999999,0,0
2026-01-29 19:15:00,Tilapia,28.0,7.9,5.36,3.0,3.0,3.0,4.0,5.0,3.0,0,0,1.3600000000000003,0.3600000000000003,0,0
2026-01-29 19:30:00,Tilapia,28.19,7.76,5.3,3.0,3.0,3.0,4.0,5.0,3.0,0,0,1.2999999999999998,0.2999999999999998,0,0
2026-01-29 19:45:00,Tilapia,27.89,7.95,5.56,3.0,3.0,3.0,4.0,5.0,3.0,0,0,1.5599999999999996,0.5599999999999996,0,0
2026-01-29 20:00:00,Tilapia,27.69,8.02,4.95,3.0,3.0,2.0,4.0,5.0,2.6666666666666665,0,1,0.9500000000000002,-0.04999999999999982,0,0
2026-01-29 20:15:00,Tilapia,27.49,7.71,5.02,3.0,3.0,3.0,4.0,5.0,3.0,0,0,1.0199999999999996,0.019999999999999574,0,0
2026-01-29 20:30:00,Tilapia,27.82,7.77,5.0,3.0,3.0,3.0,4.0,5.0,3.0,0,0,1.0,0.0,0,0
2026-01-29 20:45:00,Tilapia,28.02,7.79,4.92,3.0,3.0,2.0,4.0,5.0,2.6666666666666665,0,1,0.9199999999999999,-0.08000000000000007,0,0
2026-01-29 21:00:00,Tilapia,27.43,7.68,4.65,3.0,3.0,2.0,4.0,5.0,2.6666666666666665,0,1,0.6500000000000004,-0.34999999999999964,0,0
2026-01-29 21:15:00,Tilapia,27.86,7.88,4.33,3.0,3.0,2.0,4.0,5.0,2.6666666666666665,0,1,0.33000000000000007,-0.6699999999999999,0,0
2026-01-29 21:30:00,Tilapia,27.06,7.82,4.51,3.0,3.0,2.0,4.0,5.0,2.6666666666666665,0,1,0.5099999999999998,-0.4900000000000002,0,0
2026-01-29 21:45:00,Tilapia,26.69,7.84,4.29,3.0,3.0,2.0,4.0,5.0,2.6666666666666665,0,1,0.29000000000000004,-0.71,0,0
2026-01-29 22:00:00,Tilapia,27.35,7.74,4.65,3.0,3.0,2.0,4.0,5.0,2.6666666666666665,0,1,0.6500000000000004,-0.34999999999999964,0,0
2026-01-29 22:15:00,Tilapia,27.3,7.76,4.31,3.0,3.0,2.0,4.0,5.0,2.6666666666666665,0,1,0.3099999999999996,-0.6900000000000004,0,0
2026-01-29 22:30:00,Tilapia,27.48,7.89,4.84,3.0,3.0,2.0,4.0,5.0,2.6666666666666665,0,1,0.8399999999999999,-0.16000000000000014,0,0
2026-01-29 22:45:00,Tilapia,27.21,7.93,4.5,3.0,3.0,2.0,4.0,5.0,2.6666666666666665,0,1,0.5,-0.5,0,0
2026-01-29 23:00:00,Tilapia,27.18,7.69,4.61,3.0,3.0,2.0,4.0,5.0,2.6666666666666665,0,1,0.6100000000000003,-0.3899999999999997,0,0
2026-01-29 23:15:00,Tilapia,27.62,7.68,4.36,3.0,3.0,2.0,4.0,5.0,2.6666666666666665,0,1,0.3600000000000003,-0.6399999999999997,0,0
2026-01-29 23:30:00,Tilapia,27.2,7.83,4.4,3.0,3.0,2.0,4.0,5.0,2.6666666666666665,0,1,0.40000000000000036,-0.5999999999999996,0,0
2026-01-29 23:45:00,Tilapia,26.68,7.45,3.95,3.0,3.0,1.0,4.0,5.0,2.3333333333333335,1,0,-0.04999999999999982,-1.0499999999999998,1,15
2026-01-30 00:00:00,Tilapia,26.18,7.59,2.9,3.0,3.0,1.0,4.0,5.0,2.3333333333333335,1,0,-1.1,-2.1,2,30
2026-01-30 00:15:00,Tilapia,26.6,7.64,3.68,3.0,3.0,1.0,4.0,5.0,2.3333333333333335,1,0,-0.31999999999999984,-1.3199999999999998,3,45
2026-01-30 00:30:00,Tilapia,27.39,7.83,4.25,3.0,3.0,2.0,4.0,5.0,2.6666666666666665,0,1,0.25,-0.75,0,0
2026-01-30 00:45:00,Tilapia,26.54,7.4,2.82,3.0,3.0,1.0,4.0,5.0,2.3333333333333335,1,0,-1.1800000000000002,-2.18,1,15
2026-01-30 01:00:00,Tilapia,27.16,7.64,4.31,3.0,3.0,2.0,4.0,5.0,2.6666666666666665,0,1,0.3099999999999996,-0.6900000000000004,0,0
2026-01-30 01:15:00,Tilapia,27.6,7.71,4.05,3.0,3.0,2.0,4.0,5.0,2.6666666666666665,0,1,0.04999999999999982,-0.9500000000000002,0,0
2026-01-30 01:30:00,Tilapia,27.78,7.64,4.23,3.0,3.0,2.0,4.0,5.0,2.6666666666666665,0,1,0.23000000000000043,-0.7699999999999996,0,0
2026-01-30 01:45:00,Tilapia,27.76,7.74,4.12,3.0,3.0,2.0,4.0,5.0,2.6666666666666665,0,1,0.1200000000000001,-0.8799999999999999,0,0
2026-01-30 02:00:00,Tilapia,27.97,7.64,4.21,3.0,3.0,2.0,4.0,5.0,2.6666666666666665,0,1,0.20999999999999996,-0.79,0,0
2026-01-30 02:15:00,Tilapia,27.13,7.38,3.84,3.0,3.0,1.0,4.0,5.0,2.3333333333333335,1,0,-0.16000000000000014,-1.1600000000000001,1,15
2026-01-30 02:30:00,Tilapia,27.72,7.77,3.82,3.0,3.0,1.0,4.0,5.0,2.3333333333333335,1,0,-0.18000000000000016,-1.1800000000000002,2,30
2026-01-30 02:45:00,Tilapia,27.0,7.42,2.76,3.0,3.0,1.0,4.0,5.0,2.3333333333333335,1,0,-1.2400000000000002,-2.24,3,45
2026-01-30 03:00:00,Tilapia,26.88,7.7,2.64,3.0,3.0,1.0,4.0,5.0,2.3333333333333335,1,0,-1.3599999999999999,-2.36,4,60
2026-01-30 03:15:00,Tilapia,28.1,7.69,4.85,3.0,3.0,2.0,4.0,5.0,2.6666666666666665,0,1,0.8499999999999996,-0.15000000000000036,0,0
2026-01-30 03:30:00,Tilapia,28.01,7.91,4.57,3.0,3.0,2.0,4.0,5.0,2.6666666666666665,0,1,0.5700000000000003,-0.4299999999999997,0,0
2026-01-30 03:45:00,Tilapia,28.19,7.76,3.66,3.0,3.0,1.0,4.0,5.0,2.3333333333333335,1,0,-0.33999999999999986,-1.3399999999999999,1,15
2026-01-30 04:00:00,Tilapia,27.81,7.66,3.79,3.0,3.0,1.0,4.0,5.0,2.3333333333333335,1,0,-0.20999999999999996,-1.21,2,30
2026-01-30 04:15:00,Tilapia,28.68,7.61,4.5,3.0,3.0,2.0,4.0,5.0,2.6666666666666665,0,1,0.5,-0.5,0,0
2026-01-30 04:30:00,Tilapia,28.13,7.63,4.08,3.0,3.0,2.0,4.0,5.0,2.6666666666666665,0,1,0.08000000000000007,-0.9199999999999999,0,0
2026-01-30 04:45:00,Tilapia,28.33,7.74,4.72,3.0,3.0,2.0,4.0,5.0,2.6666666666666665,0,1,0.7199999999999998,-0.28000000000000025,0,0
2026-01-30 05:00:00,Tilapia,28.56,7.74,4.07,3.0,3.0,2.0,4.0,5.0,2.6666666666666665,0,1,0.07000000000000028,-0.9299999999999997,0,0
2026-01-30 05:15:00,Tilapia,29.01,7.72,4.35,3.0,3.0,2.0,4.0,5.0,2.6666666666666665,0,1,0.34999999999999964,-0.6500000000000004,0,0
2026-01-30 05:30:00,Tilapia,29.01,7.5,4.42,3.0,3.0,2.0,4.0,5.0,2.6666666666666665,0,1,0.41999999999999993,-0.5800000000000001,0,0
2026-01-30 05:45:00,Tilapia,28.8,7.54,4.91,3.0,3.0,2.0,4.0,5.0,2.6666666666666665,0,1,0.9100000000000001,-0.08999999999999986,0,0
2026-01-30 06:00:00,Tilapia,29.18,7.66,4.68,3.0,3.0,2.0,4.0,5.0,2.6666666666666665,0,1,0.6799999999999997,-0.3200000000000003,0,0
2026-01-30 06:15:00,Tilapia,28.89,7.82,5.1,3.0,3.0,3.0,4.0,5.0,3.0,0,0,1.0999999999999996,0.09999999999999964,0,0
2026-01-30 06:30:00,Tilapia,29.27,7.69,5.14,3.0,3.0,3.0,4.0,5.0,3.0,0,0,1.1399999999999997,0.13999999999999968,0,0
2026-01-30 06:45:00,Tilapia,29.3,7.84,5.24,3.0,3.0,3.0,4.0,5.0,3.0,0,0,1.2400000000000002,0.2400000000000002,0,0
2026-01-30 07:00:00,Tilapia,29.87,7.81,5.65,3.0,3.0,3.0,4.0,5.0,3.0,0,0,1.6500000000000004,0.6500000000000004,0,0
2026-01-30 07:15:00,Tilapia,29.65,7.99,5.53,3.0,3.0,3.0,4.0,5.0,3.0,0,0,1.5300000000000002,0.5300000000000002,0,0
2026-01-30 07:30:00,Tilapia,29.56,7.96,5.39,3.0,3.0,3.0,4.0,5.0,3.0,0,0,1.3899999999999997,0.3899999999999997,0,0
2026-01-30 07:45:00,Tilapia,30.26,7.97,5.85,2.0,3.0,3.0,4.0,5.0,2.6666666666666665,0,0,1.8499999999999996,0.8499999999999996,0,0
2026-01-30 08:00:00,Tilapia,30.02,7.83,5.36,2.0,3.0,3.0,4.0,5.0,2.6666666666666665,0,0,1.3600000000000003,0.3600000000000003,0,0
2026-01-30 08:15:00,Tilapia,30.34,7.78,5.84,2.0,3.0,3.0,4.0,5.0,2.6666666666666665,0,0,1.8399999999999999,0.8399999999999999,0,0
2026-01-30 08:30:00,Tilapia,30.31,7.63,5.85,2.0,3.0,3.0,4.0,5.0,2.6666666666666665,0,0,1.8499999999999996,0.8499999999999996,0,0
2026-01-30 08:45:00,Tilapia,29.97,7.88,5.84,3.0,3.0,3.0,4.0,5.0,3.0,0,0,1.8399999999999999,0.8399999999999999,0,0
2026-01-30 09:00:00,Tilapia,30.7,7.94,5.75,2.0,3.0,3.0,4.0,5.0,2.6666666666666665,0,0,1.75,0.75,0,0
2026-01-30 09:15:00,Tilapia,30.04,8.12,5.58,2.0,3.0,3.0,4.0,5.0,2.6666666666666665,0,0,1.58,0.5800000000000001,0,0
2026-01-30 09:30:00,Tilapia,30.4,7.91,6.09,2.0,3.0,3.0,4.0,5.0,2.6666666666666665,0,0,2.09,1.0899999999999999,0,0
2026-01-30 09:45:00,Tilapia,30.58,7.72,5.67,2.0,3.0,3.0,4.0,5.0,2.6666666666666665,0,0,1.67,0.6699999999999999,0,0
2026-01-30 10:00:00,Tilapia,29.82,7.65,5.38,3.0,3.0,3.0,4.0,5.0,3.0,0,0,1.38,0.3799999999999999,0,0
2026-01-30 10:15:00,Tilapia,29.9,7.74,6.47,3.0,3.0,3.0,4.0,5.0,3.0,0,0,2.4699999999999998,1.4699999999999998,0,0
2026-01-30 10:30:00,Tilapia,29.89,7.92,5.81,3.0,3.0,3.0,4.0,5.0,3.0,0,0,1.8099999999999996,0.8099999999999996,0,0
2026-01-30 10:45:00,Tilapia,30.57,7.81,6.19,2.0,3.0,3.0,4.0,5.0,2.6666666666666665,0,0,2.1900000000000004,1.1900000000000004,0,0
2026-01-30 11:00:00,Tilapia,30.4,7.96,6.23,2.0,3.0,3.0,4.0,5.0,2.6666666666666665,0,0,2.2300000000000004,1.2300000000000004,0,0
2026-01-30 11:15:00,Tilapia,30.37,7.96,6.51,2.0,3.0,3.0,4.0,5.0,2.6666666666666665,0,0,2.51,1.5099999999999998,0,0
2026-01-30 11:30:00,Tilapia,30.02,7.7,6.21,2.0,3.0,3.0,4.0,5.0,2.6666666666666665,0,0,2.21,1.21,0,0
2026-01-30 11:45:00,Tilapia,30.25,7.9,6.23,2.0,3.0,3.0,4.0,5.0,2.6666666666666665,0,0,2.2300000000000004,1.2300000000000004,0,0
2026-01-30 12:00:00,Tilapia,30.31,8.01,6.49,2.0,3.0,3.0,4.0,5.0,2.6666666666666665,0,0,2.49,1.4900000000000002,0,0
2026-01-30 12:15:00,Tilapia,30.33,7.95,5.93,2.0,3.0,3.0,4.0,5.0,2.6666666666666665,0,0,1.9299999999999997,0.9299999999999997,0,0
2026-01-30 12:30:00,Tilapia,29.38,7.75,5.91,3.0,3.0,3.0,4.0,5.0,3.0,0,0,1.9100000000000001,0.9100000000000001,0,0
2026-01-30 12:45:00,Tilapia,30.73,7.81,5.79,2.0,3.0,3.0,4.0,5.0,2.6666666666666665,0,0,1.79,0.79,0,0
2026-01-30 13:00:00,Tilapia,29.99,7.68,5.75,3.0,3.0,3.0,4.0,5.0,3.0,0,0,1.75,0.75,0,0
2026-01-30 13:15:00,Tilapia,30.37,7.93,6.49,2.0,3.0,3.0,4.0,5.0,2.6666666666666665,0,0,2.49,1.4900000000000002,0,0
2026-01-30 13:30:00,Tilapia,29.29,8.05,6.22,3.0,3.0,3.0,4.0,5.0,3.0,0,0,2.2199999999999998,1.2199999999999998,0,0
2026-01-30 13:45:00,Tilapia,30.34,8.04,6.09,2.0,3.0,3.0,4.0,5.0,2.6666666666666665,0,0,2.09,1.0899999999999999,0,0
2026-01-30 14:00:00,Tilapia,29.89,8.08,6.42,3.0,3.0,3.0,4.0,5.0,3.0,0,0,2.42,1.42,0,0
2026-01-30 14:15:00,Tilapia,29.54,7.84,5.82,3.0,3.0,3.0,4.0,5.0,3.0,0,0,1.8200000000000003,0.8200000000000003,0,0
2026-01-30 14:30:00,Tilapia,29.38,7.83,6.04,3.0,3.0,3.0,4.0,5.0,3.0,0,0,2.04,1.04,0,0
2026-01-30 14:45:00,Tilapia,29.01,7.74,5.88,3.0,3.0,3.0,4.0,5.0,3.0,0,0,1.88,0.8799999999999999,0,0
2026-01-30 15:00:00,Tilapia,30.12,7.92,6.52,2.0,3.0,3.0,4.0,5.0,2.6666666666666665,0,0,2.5199999999999996,1.5199999999999996,0,0
2026-01-30 15:15:00,Tilapia,29.33,7.79,6.11,3.0,3.0,3.0,4.0,5.0,3.0,0,0,2.1100000000000003,1.1100000000000003,0,0
2026-01-30 15:30:00,Tilapia,28.98,7.93,6.4,3.0,3.0,3.0,4.0,5.0,3.0,0,0,2.4000000000000004,1.4000000000000004,0,0
2026-01-30 15:45:00,Tilapia,29.44,8.08,5.73,3.0,3.0,3.0,4.0,5.0,3.0,0,0,1.7300000000000004,0.7300000000000004,0,0
2026-01-30 16:00:00,Tilapia,29.44,8.04,6.37,3.0,3.0,3.0,4.0,5.0,3.0,0,0,2.37,1.37,0,0
2026-01-30 16:15:00,Tilapia,29.38,7.84,5.71,3.0,3.0,3.0,4.0,5.0,3.0,0,0,1.71,0.71,0,0
2026-01-30 16:30:00,Tilapia,29.6,7.88,6.34,3.0,3.0,3.0,4.0,5.0,3.0,0,0,2.34,1.3399999999999999,0,0
2026-01-30 16:45:00,Tilapia,28.61,7.83,5.94,3.0,3.0,3.0,4.0,5.0,3.0,0,0,1.9400000000000004,0.9400000000000004,0,0
2026-01-30 17:00:00,Tilapia,28.56,7.89,5.92,3.0,3.0,3.0,4.0,5.0,3.0,0,0,1.92,0.9199999999999999,0,0
2026-01-30 17:15:00,Tilapia,29.02,8.05,6.19,3.0,3.0,3.0,4.0,5.0,3.0,0,0,2.1900000000000004,1.1900000000000004,0,0
2026-01-30 17:30:00,Tilapia,28.94,7.81,5.81,3.0,3.0,3.0,4.0,5.0,3.0,0,0,1.8099999999999996,0.8099999999999996,0,0
2026-01-30 17:45:00,Tilapia,28.39,7.8,5.82,3.0,3.0,3.0,4.0,5.0,3.0,0,0,1.8200000000000003,0.8200000000000003,0,0
2026-01-30 18:00:00,Tilapia,27.97,7.93,5.56,3.0,3.0,3.0,4.0,5.0,3.0,0,0,1.5599999999999996,0.5599999999999996,0,0
2026-01-30 18:15:00,Tilapia,27.75,7.87,5.4,3.0,3.0,3.0,4.0,5.0,3.0,0,0,1.4000000000000004,0.40000000000000036,0,0
2026-01-30 18:30:00,Tilapia,28.62,7.71,5.67,3.0,3.0,3.0,4.0,5.0,3.0,0,0,1.67,0.6699999999999999,0,0
2026-01-30 18:45:00,Tilapia,28.28,7.84,5.39,3.0,3.0,3.0,4.0,5.0,3.0,0,0,1.3899999999999997,0.3899999999999997,0,0
2026-01-30 19:00:00,Tilapia,28.49,7.74,4.88,3.0,3.0,2.0,4.0,5.0,2.6666666666666665,0,1,0.8799999999999999,-0.1200000000000001,0,0
2026-01-30 19:15:00,Tilapia,27.98,7.88,5.37,3.0,3.0,3.0,4.0,5.0,3.0,0,0,1.37,0.3700000000000001,0,0
2026-01-30 19:30:00,Tilapia,27.89,7.81,5.07,3.0,3.0,3.0,4.0,5.0,3.0,0,0,1.0700000000000003,0.07000000000000028,0,0
2026-01-30 19:45:00,Tilapia,28.36,7.83,5.07,3.0,3.0,3.0,4.0,5.0,3.0,0,0,1.0700000000000003,0.07000000000000028,0,0
2026-01-30 20:00:00,Tilapia,28.1,7.93,4.93,3.0,3.0,2.0,4.0,5.0,2.6666666666666665,0,1,0.9299999999999997,-0.07000000000000028,0,0
2026-01-30 20:15:00,Tilapia,27.72,7.93,4.32,3.0,3.0,2.0,4.0,5.0,2.6666666666666665,0,1,0.3200000000000003,-0.6799999999999997,0,0
2026-01-30 20:30:00,Tilapia,28.05,7.88,4.97,3.0,3.0,2.0,4.0,5.0,2.6666666666666665,0,1,0.9699999999999998,-0.03000000000000025,0,0
2026-01-30 20:45:00,Tilapia,27.84,7.78,4.8,3.0,3.0,2.0,4.0,5.0,2.6666666666666665,0,1,0.7999999999999998,-0.20000000000000018,0,0
2026-01-30 21:00:00,Tilapia,27.48,7.76,4.61,3.0,3.0,2.0,4.0,5.0,2.6666666666666665,0,1,0.6100000000000003,-0.3899999999999997,0,0
2026-01-30 21:15:00,Tilapia,27.35,7.66,4.53,3.0,3.0,2.0,4.0,5.0,2.6666666666666665,0,1,0.5300000000000002,-0.46999999999999975,0,0
2026-01-30 21:30:00,Tilapia,27.49,7.72,4.37,3.0,3.0,2.0,4.0,5.0,2.6666666666666665,0,1,0.3700000000000001,-0.6299999999999999,0,0
2026-01-30 21:45:00,Tilapia,27.1,7.94,4.73,3.0,3.0,2.0,4.0,5.0,2.6666666666666665,0,1,0.7300000000000004,-0.2699999999999996,0,0
2026-01-30 22:00:00,Tilapia,27.39,7.85,4.65,3.0,3.0,2.0,4.0,5.0,2.6666666666666665,0,1,0.6500000000000004,-0.34999999999999964,0,0
2026-01-30 22:15:00,Tilapia,27.29,7.83,4.65,3.0,3.0,2.0,4.0,5.0,2.6666666666666665,0,1,0.6500000000000004,-0.34999999999999964,0,0
2026-01-30 22:30:00,Tilapia,27.71,7.79,4.78,3.0,3.0,2.0,4.0,5.0,2.6666666666666665,0,1,0.7800000000000002,-0.21999999999999975,0,0
2026-01-30 22:45:00,Tilapia,27.11,7.89,4.23,3.0,3.0,2.0,4.0,5.0,2.6666666666666665,0,1,0.23000000000000043,-0.7699999999999996,0,0
2026-01-30 23:00:00,Tilapia,27.51,7.78,4.46,3.0,3.0,2.0,4.0,5.0,2.6666666666666665,0,1,0.45999999999999996,-0.54,0,0
2026-01-30 23:15:00,Tilapia,27.47,7.74,4.43,3.0,3.0,2.0,4.0,5.0,2.6666666666666665,0,1,0.4299999999999997,-0.5700000000000003,0,0
2026-01-30 23:30:00,Tilapia,27.15,7.77,4.12,3.0,3.0,2.0,4.0,5.0,2.6666666666666665,0,1,0.1200000000000001,-0.8799999999999999,0,0
2026-01-30 23:45:00,Tilapia,27.61,7.81,4.57,3.0,3.0,2.0,4.0,5.0,2.6666666666666665,0,1,0.5700000000000003,-0.4299999999999997,0,0
2026-01-31 00:00:00,Tilapia,27.45,7.8,4.15,3.0,3.0,2.0,4.0,5.0,2.6666666666666665,0,1,0.15000000000000036,-0.8499999999999996,0,0
2026-01-31 00:15:00,Tilapia,27.45,7.77,3.95,3.0,3.0,1.0,4.0,5.0,2.3333333333333335,1,0,-0.04999999999999982,-1.0499999999999998,1,15
2026-01-31 00:30:00,Tilapia,26.99,7.72,4.14,3.0,3.0,2.0,4.0,5.0,2.6666666666666665,0,1,0.13999999999999968,-0.8600000000000003,0,0
2026-01-31 00:45:00,Tilapia,27.22,7.95,4.05,3.0,3.0,2.0,4.0,5.0,2.6666666666666665,0,1,0.04999999999999982,-0.9500000000000002,0,0
2026-01-31 01:00:00,Tilapia,27.21,7.67,4.32,3.0,3.0,2.0,4.0,5.0,2.6666666666666665,0,1,0.3200000000000003,-0.6799999999999997,0,0
2026-01-31 01:15:00,Tilapia,27.68,7.84,4.5,3.0,3.0,2.0,4.0,5.0,2.6666666666666665,0,1,0.5,-0.5,0,0
2026-01-31 01:30:00,Tilapia,27.08,7.75,4.4,3.0,3.0,2.0,4.0,5.0,2.6666666666666665,0,1,0.40000000000000036,-0.5999999999999996,0,0
2026-01-31 01:45:00,Tilapia,27.66,7.76,4.15,3.0,3.0,2.0,4.0,5.0,2.6666666666666665,0,1,0.15000000000000036,-0.8499999999999996,0,0
2026-01-31 02:00:00,Tilapia,28.03,7.8,4.41,3.0,3.0,2.0,4.0,5.0,2.6666666666666665,0,1,0.41000000000000014,-0.5899999999999999,0,0
2026-01-31 02:15:00,Tilapia,27.52,7.82,4.44,3.0,3.0,2.0,4.0,5.0,2.6666666666666665,0,1,0.4400000000000004,-0.5599999999999996,0,0
2026-01-31 02:30:00,Tilapia,28.53,7.56,4.3,3.0,3.0,2.0,4.0,5.0,2.6666666666666665,0,1,0.2999999999999998,-0.7000000000000002,0,0
2026-01-31 02:45:00,Tilapia,28.45,7.95,4.4,3.0,3.0,2.0,4.0,5.0,2.6666666666666665,0,1,0.40000000000000036,-0.5999999999999996,0,0
2026-01-31 03:00:00,Tilapia,28.43,7.74,4.2,3.0,3.0,2.0,4.0,5.0,2.6666666666666665,0,1,0.20000000000000018,-0.7999999999999998,0,0
2026-01-31 03:15:00,Tilapia,28.82,7.67,4.05,3.0,3.0,2.0,4.0,5.0,2.6666666666666665,0,1,0.04999999999999982,-0.9500000000000002,0,0
2026-01-31 03:30:00,Tilapia,28.32,7.65,4.34,3.0,3.0,2.0,4.0,5.0,2.6666666666666665,0,1,0.33999999999999986,-0.6600000000000001,0,0
2026-01-31 03:45:00,Tilapia,28.49,7.89,4.46,3.0,3.0,2.0,4.0,5.0,2.6666666666666665,0,1,0.45999999999999996,-0.54,0,0
2026-01-31 04:00:00,Tilapia,28.07,7.78,4.37,3.0,3.0,2.0,4.0,5.0,2.6666666666666665,0,1,0.3700000000000001,-0.6299999999999999,0,0
2026-01-31 04:15:00,Tilapia,28.79,7.75,4.46,3.0,3.0,2.0,4.0,5.0,2.6666666666666665,0,1,0.45999999999999996,-0.54,0,0
2026-01-31 04:30:00,Tilapia,28.75,7.88,5.06,3.0,3.0,3.0,4.0,5.0,3.0,0,0,1.0599999999999996,0.05999999999999961,0,0
2026-01-31 04:45:00,Tilapia,28.83,7.72,4.47,3.0,3.0,2.0,4.0,5.0,2.6666666666666665,0,1,0.46999999999999975,-0.5300000000000002,0,0
2026-01-31 05:00:00,Tilapia,29.15,7.68,4.79,3.0,3.0,2.0,4.0,5.0,2.6666666666666665,0,1,0.79,-0.20999999999999996,0,0
2026-01-31 05:15:00,Tilapia,28.86,7.86,4.44,3.0,3.0,2.0,4.0,5.0,2.6666666666666665,0,1,0.4400000000000004,-0.5599999999999996,0,0
2026-01-31 05:30:00,Tilapia,29.09,7.73,4.73,3.0,3.0,2.0,4.0,5.0,2.6666666666666665,0,1,0.7300000000000004,-0.2699999999999996,0,0
2026-01-31 05:45:00,Tilapia,29.04,7.73,4.88,3.0,3.0,2.0,4.0,5.0,2.6666666666666665,0,1,0.8799999999999999,-0.1200000000000001,0,0
2026-01-31 06:00:00,Tilapia,29.66,7.88,5.04,3.0,3.0,3.0,4.0,5.0,3.0,0,0,1.04,0.040000000000000036,0,0
2026-01-31 06:15:00,Tilapia,29.09,7.86,4.76,3.0,3.0,2.0,4.0,5.0,2.6666666666666665,0,1,0.7599999999999998,-0.2400000000000002,0,0
2026-01-31 06:30:00,Tilapia,29.74,7.62,4.89,3.0,3.0,2.0,4.0,5.0,2.6666666666666665,0,1,0.8899999999999997,-0.11000000000000032,0,0
2026-01-31 06:45:00,Tilapia,29.65,7.62,4.93,3.0,3.0,2.0,4.0,5.0,2.6666666666666665,0,1,0.9299999999999997,-0.07000000000000028,0,0
2026-01-31 07:00:00,Tilapia,29.55,7.76,5.01,3.0,3.0,3.0,4.0,5.0,3.0,0,0,1.0099999999999998,0.009999999999999787,0,0
2026-01-31 07:15:00,Tilapia,29.61,7.79,5.38,3.0,3.0,3.0,4.0,5.0,3.0,0,0,1.38,0.3799999999999999,0,0
2026-01-31 07:30:00,Tilapia,30.03,7.88,5.32,2.0,3.0,3.0,4.0,5.0,2.6666666666666665,0,0,1.3200000000000003,0.3200000000000003,0,0
2026-01-31 07:45:00,Tilapia,30.26,7.89,5.46,2.0,3.0,3.0,4.0,5.0,2.6666666666666665,0,0,1.46,0.45999999999999996,0,0
2026-01-31 08:00:00,Tilapia,30.39,7.93,5.41,2.0,3.0,3.0,4.0,5.0,2.6666666666666665,0,0,1.4100000000000001,0.41000000000000014,0,0
2026-01-31 08:15:00,Tilapia,30.33,7.96,5.57,2.0,3.0,3.0,4.0,5.0,2.6666666666666665,0,0,1.5700000000000003,0.5700000000000003,0,0
2026-01-31 08:30:00,Tilapia,29.97,8.05,5.91,3.0,3.0,3.0,4.0,5.0,3.0,0,0,1.9100000000000001,0.9100000000000001,0,0
2026-01-31 08:45:00,Tilapia,30.57,7.94,5.68,2.0,3.0,3.0,4.0,5.0,2.6666666666666665,0,0,1.6799999999999997,0.6799999999999997,0,0
2026-01-31 09:00:00,Tilapia,30.55,7.89,5.94,2.0,3.0,3.0,4.0,5.0,2.6666666666666665,0,0,1.9400000000000004,0.9400000000000004,0,0
2026-01-31 09:15:00,Tilapia,30.12,7.71,5.63,2.0,3.0,3.0,4.0,5.0,2.6666666666666665,0,0,1.63,0.6299999999999999,0,0
2026-01-31 09:30:00,Tilapia,30.15,7.85,6.11,2.0,3.0,3.0,4.0,5.0,2.6666666666666665,0,0,2.1100000000000003,1.1100000000000003,0,0
2026-01-31 09:45:00,Tilapia,30.62,7.66,6.36,2.0,3.0,3.0,4.0,5.0,2.6666666666666665,0,0,2.3600000000000003,1.3600000000000003,0,0
2026-01-31 10:00:00,Tilapia,30.24,8.04,5.65,2.0,3.0,3.0,4.0,5.0,2.6666666666666665,0,0,1.6500000000000004,0.6500000000000004,0,0
2026-01-31 10:15:00,Tilapia,30.75,7.83,6.39,2.0,3.0,3.0,4.0,5.0,2.6666666666666665,0,0,2.3899999999999997,1.3899999999999997,0,0
2026-01-31 10:30:00,Tilapia,30.05,7.89,6.34,2.0,3.0,3.0,4.0,5.0,2.6666666666666665,0,0,2.34,1.3399999999999999,0,0
2026-01-31 10:45:00,Tilapia,30.18,7.79,6.1,2.0,3.0,3.0,4.0,5.0,2.6666666666666665,0,0,2.0999999999999996,1.0999999999999996,0,0
2026-01-31 11:00:00,Tilapia,30.8,7.82,6.45,2.0,3.0,3.0,4.0,5.0,2.6666666666666665,0,0,2.45,1.4500000000000002,0,0
2026-01-31 11:15:00,Tilapia,30.12,7.66,6.04,2.0,3.0,3.0,4.0,5.0,2.6666666666666665,0,0,2.04,1.04,0,0
2026-01-31 11:30:00,Tilapia,30.42,7.87,5.79,2.0,3.0,3.0,4.0,5.0,2.6666666666666665,0,0,1.79,0.79,0,0
2026-01-31 11:45:00,Tilapia,30.22,7.97,6.33,2.0,3.0,3.0,4.0,5.0,2.6666666666666665,0,0,2.33,1.33,0,0
2026-01-31 12:00:00,Tilapia,30.53,7.96,6.66,2.0,3.0,3.0,4.0,5.0,2.6666666666666665,0,0,2.66,1.6600000000000001,0,0
2026-01-31 12:15:00,Tilapia,30.45,7.88,6.29,2.0,3.0,3.0,4.0,5.0,2.6666666666666665,0,0,2.29,1.29,0,0
2026-01-31 12:30:00,Tilapia,30.29,8.04,6.22,2.0,3.0,3.0,4.0,5.0,2.6666666666666665,0,0,2.2199999999999998,1.2199999999999998,0,0
2026-01-31 12:45:00,Tilapia,30.14,8.04,6.77,2.0,3.0,3.0,4.0,5.0,2.6666666666666665,0,0,2.7699999999999996,1.7699999999999996,0,0
2026-01-31 13:00:00,Tilapia,30.15,8.01,6.12,2.0,3.0,3.0,4.0,5.0,2.6666666666666665,0,0,2.12,1.12,0,0
2026-01-31 13:15:00,Tilapia,30.01,7.72,6.54,2.0,3.0,3.0,4.0,5.0,2.6666666666666665,0,0,2.54,1.54,0,0
2026-01-31 13:30:00,Tilapia,30.35,8.09,6.21,2.0,3.0,3.0,4.0,5.0,2.6666666666666665,0,0,2.21,1.21,0,0
2026-01-31 13:45:00,Tilapia,29.91,7.67,6.04,3.0,3.0,3.0,4.0,5.0,3.0,0,0,2.04,1.04,0,0
2026-01-31 14:00:00,Tilapia,29.86,7.95,6.33,3.0,3.0,3.0,4.0,5.0,3.0,0,0,2.33,1.33,0,0
2026-01-31 14:15:00,Tilapia,30.1,7.96,6.29,2.0,3.0,3.0,4.0,5.0,2.6666666666666665,0,0,2.29,1.29,0,0
2026-01-31 14:30:00,Tilapia,29.23,8.06,5.89,3.0,3.0,3.0,4.0,5.0,3.0,0,0,1.8899999999999997,0.8899999999999997,0,0
2026-01-31 14:45:00,Tilapia,30.09,7.82,6.7,2.0,3.0,3.0,4.0,5.0,2.6666666666666665,0,0,2.7,1.7000000000000002,0,0
2026-01-31 15:00:00,Tilapia,29.73,7.95,5.98,3.0,3.0,3.0,4.0,5.0,3.0,0,0,1.9800000000000004,0.9800000000000004,0,0
2026-01-31 15:15:00,Tilapia,29.1,7.74,5.99,3.0,3.0,3.0,4.0,5.0,3.0,0,0,1.9900000000000002,0.9900000000000002,0,0
2026-01-31 15:30:00,Tilapia,29.19,7.86,6.6,3.0,3.0,3.0,4.0,5.0,3.0,0,0,2.5999999999999996,1.5999999999999996,0,0
2026-01-31 15:45:00,Tilapia,29.13,7.92,6.05,3.0,3.0,3.0,4.0,5.0,3.0,0,0,2.05,1.0499999999999998,0,0
2026-01-31 16:00:00,Tilapia,29.67,7.81,6.03,3.0,3.0,3.0,4.0,5.0,3.0,0,0,2.0300000000000002,1.0300000000000002,0,0
2026-01-31 16:15:00,Tilapia,29.07,7.98,5.57,3.0,3.0,3.0,4.0,5.0,3.0,0,0,1.5700000000000003,0.5700000000000003,0,0
2026-01-31 16:30:00,Tilapia,28.51,8.06,6.25,3.0,3.0,3.0,4.0,5.0,3.0,0,0,2.25,1.25,0,0
2026-01-31 16:45:00,Tilapia,27.98,7.68,5.18,3.0,3.0,3.0,4.0,5.0,3.0,0,0,1.1799999999999997,0.17999999999999972,0,0
2026-01-31 17:00:00,Tilapia,29.05,8.02,5.9,3.0,3.0,3.0,4.0,5.0,3.0,0,0,1.9000000000000004,0.9000000000000004,0,0
2026-01-31 17:15:00,Tilapia,28.61,7.7,6.04,3.0,3.0,3.0,4.0,5.0,3.0,0,0,2.04,1.04,0,0
2026-01-31 17:30:00,Tilapia,28.38,7.85,5.42,3.0,3.0,3.0,4.0,5.0,3.0,0,0,1.42,0.41999999999999993,0,0
2026-01-31 17:45:00,Tilapia,28.41,7.88,5.57,3.0,3.0,3.0,4.0,5.0,3.0,0,0,1.5700000000000003,0.5700000000000003,0,0
2026-01-31 18:00:00,Tilapia,28.32,7.77,5.49,3.0,3.0,3.0,4.0,5.0,3.0,0,0,1.4900000000000002,0.4900000000000002,0,0
2026-01-31 18:15:00,Tilapia,27.7,7.99,5.78,3.0,3.0,3.0,4.0,5.0,3.0,0,0,1.7800000000000002,0.7800000000000002,0,0
2026-01-31 18:30:00,Tilapia,28.43,7.68,5.67,3.0,3.0,3.0,4.0,5.0,3.0,0,0,1.67,0.6699999999999999,0,0
2026-01-31 18:45:00,Tilapia,28.01,7.86,5.04,3.0,3.0,3.0,4.0,5.0,3.0,0,0,1.04,0.040000000000000036,0,0
2026-01-31 19:00:00,Tilapia,27.75,7.85,4.99,3.0,3.0,2.0,4.0,5.0,2.6666666666666665,0,1,0.9900000000000002,-0.009999999999999787,0,0
2026-01-31 19:15:00,Tilapia,27.72,7.77,5.55,3.0,3.0,3.0,4.0,5.0,3.0,0,0,1.5499999999999998,0.5499999999999998,0,0
2026-01-31 19:30:00,Tilapia,27.9,7.87,5.15,3.0,3.0,3.0,4.0,5.0,3.0,0,0,1.1500000000000004,0.15000000000000036,0,0
2026-01-31 19:45:00,Tilapia,27.93,7.94,5.35,3.0,3.0,3.0,4.0,5.0,3.0,0,0,1.3499999999999996,0.34999999999999964,0,0
2026-01-31 20:00:00,Tilapia,27.47,7.8,4.54,3.0,3.0,2.0,4.0,5.0,2.6666666666666665,0,1,0.54,-0.45999999999999996,0,0
2026-01-31 20:15:00,Tilapia,27.29,7.69,3.81,3.0,3.0,1.0,4.0,5.0,2.3333333333333335,1,0,-0.18999999999999995,-1.19,1,15
2026-01-31 20:30:00,Tilapia,27.26,7.71,4.51,3.0,3.0,2.0,4.0,5.0,2.6666666666666665,0,1,0.5099999999999998,-0.4900000000000002,0,0
2026-01-31 20:45:00,Tilapia,26.71,7.84,4.04,3.0,3.0,2.0,4.0,5.0,2.6666666666666665,0,1,0.040000000000000036,-0.96,0,0
2026-01-31 21:00:00,Tilapia,26.93,7.73,4.29,3.0,3.0,2.0,4.0,5.0,2.6666666666666665,0,1,0.29000000000000004,-0.71,0,0
2026-01-31 21:15:00,Tilapia,26.99,7.56,4.7,3.0,3.0,2.0,4.0,5.0,2.6666666666666665,0,1,0.7000000000000002,-0.2999999999999998,0,0
2026-01-31 21:30:00,Tilapia,27.76,7.66,4.6,3.0,3.0,2.0,4.0,5.0,2.6666666666666665,0,1,0.5999999999999996,-0.40000000000000036,0,0
2026-01-31 21:45:00,Tilapia,27.0,7.82,4.36,3.0,3.0,2.0,4.0,5.0,2.6666666666666665,0,1,0.3600000000000003,-0.6399999999999997,0,0
2026-01-31 22:00:00,Tilapia,26.92,7.68,4.44,3.0,3.0,2.0,4.0,5.0,2.6666666666666665,0,1,0.4400000000000004,-0.5599999999999996,0,0
2026-01-31 22:15:00,Tilapia,27.05,7.82,4.35,3.0,3.0,2.0,4.0,5.0,2.6666666666666665,0,1,0.34999999999999964,-0.6500000000000004,0,0
2026-01-31 22:30:00,Tilapia,26.85,7.71,4.56,3.0,3.0,2.0,4.0,5.0,2.6666666666666665,0,1,0.5599999999999996,-0.4400000000000004,0,0
2026-01-31 22:45:00,Tilapia,27.09,7.76,3.94,3.0,3.0,1.0,4.0,5.0,2.3333333333333335,1,0,-0.06000000000000005,-1.06,1,15
2026-01-31 23:00:00,Tilapia,27.25,7.74,4.22,3.0,3.0,2.0,4.0,5.0,2.6666666666666665,0,1,0.21999999999999975,-0.7800000000000002,0,0
2026-01-31 23:15:00,Tilapia,27.41,7.93,3.91,3.0,3.0,1.0,4.0,5.0,2.3333333333333335,1,0,-0.08999999999999986,-1.0899999999999999,1,15
2026-01-31 23:30:00,Tilapia,27.03,7.58,3.78,3.0,3.0,1.0,4.0,5.0,2.3333333333333335,1,0,-0.2200000000000002,-1.2200000000000002,2,30
2026-01-31 23:45:00,Tilapia,27.26,7.51,3.9,3.0,3.0,1.0,4.0,5.0,2.3333333333333335,1,0,-0.10000000000000009,-1.1,3,45
2026-02-01 00:00:00,Tilapia,27.58,7.61,3.81,3.0,3.0,1.0,4.0,5.0,2.3333333333333335,1,0,-0.18999999999999995,-1.19,4,60
2026-02-01 00:15:00,Tilapia,26.6,7.51,4.1,3.0,3.0,2.0,4.0,5.0,2.6666666666666665,0,1,0.09999999999999964,-0.9000000000000004,0,0
2026-02-01 00:30:00,Tilapia,27.53,7.71,3.96,3.0,3.0,1.0,4.0,5.0,2.3333333333333335,1,0,-0.040000000000000036,-1.04,1,15
2026-02-01 00:45:00,Tilapia,27.65,7.9,3.69,3.0,3.0,1.0,4.0,5.0,2.3333333333333335,1,0,-0.31000000000000005,-1.31,2,30
2026-02-01 01:00:00,Tilapia,27.24,7.55,4.28,3.0,3.0,2.0,4.0,5.0,2.6666666666666665,0,1,0.28000000000000025,-0.7199999999999998,0,0
2026-02-01 01:15:00,Tilapia,27.23,7.69,4.0,3.0,3.0,2.0,4.0,5.0,2.6666666666666665,0,1,0.0,-1.0,0,0
2026-02-01 01:30:00,Tilapia,27.57,7.72,3.99,3.0,3.0,1.0,4.0,5.0,2.3333333333333335,1,0,-0.009999999999999787,-1.0099999999999998,1,15
2026-02-01 01:45:00,Tilapia,27.68,7.78,4.06,3.0,3.0,2.0,4.0,5.0,2.6666666666666665,0,1,0.05999999999999961,-0.9400000000000004,0,0
2026-02-01 02:00:00,Tilapia,27.74,7.68,4.32,3.0,3.0,2.0,4.0,5.0,2.6666666666666665,0,1,0.3200000000000003,-0.6799999999999997,0,0
2026-02-01 02:15:00,Tilapia,27.56,7.85,4.19,3.0,3.0,2.0,4.0,5.0,2.6666666666666665,0,1,0.1900000000000004,-0.8099999999999996,0,0
2026-02-01 02:30:00,Tilapia,27.92,7.81,3.89,3.0,3.0,1.0,4.0,5.0,2.3333333333333335,1,0,-0.10999999999999988,-1.1099999999999999,1,15
2026-02-01 02:45:00,Tilapia,27.93,7.6,4.13,3.0,3.0,2.0,4.0,5.0,2.6666666666666665,0,1,0.1299999999999999,-0.8700000000000001,0,0
2026-02-01 03:00:00,Tilapia,28.22,7.67,4.3,3.0,3.0,2.0,4.0,5.0,2.6666666666666665,0,1,0.2999999999999998,-0.7000000000000002,0,0
2026-02-01 03:15:00,Tilapia,28.17,7.62,3.99,3.0,3.0,1.0,4.0,5.0,2.3333333333333335,1,0,-0.009999999999999787,-1.0099999999999998,1,15
2026-02-01 03:30:00,Tilapia,27.96,7.84,4.65,3.0,3.0,2.0,4.0,5.0,2.6666666666666665,0,1,0.6500000000000004,-0.34999999999999964,0,0
2026-02-01 03:45:00,Tilapia,28.44,7.51,4.73,3.0,3.0,2.0,4.0,5.0,2.6666666666666665,0,1,0.7300000000000004,-0.2699999999999996,0,0
2026-02-01 04:00:00,Tilapia,28.2,7.64,4.36,3.0,3.0,2.0,4.0,5.0,2.6666666666666665,0,1,0.3600000000000003,-0.6399999999999997,0,0
2026-02-01 04:15:00,Tilapia,28.34,7.91,4.7,3.0,3.0,2.0,4.0,5.0,2.6666666666666665,0,1,0.7000000000000002,-0.2999999999999998,0,0
2026-02-01 04:30:00,Tilapia,28.52,7.58,4.46,3.0,3.0,2.0,4.0,5.0,2.6666666666666665,0,1,0.45999999999999996,-0.54,0,0
2026-02-01 04:45:00,Tilapia,28.58,7.67,4.92,3.0,3.0,2.0,4.0,5.0,2.6666666666666665,0,1,0.9199999999999999,-0.08000000000000007,0,0
2026-02-01 05:00:00,Tilapia,28.81,7.79,4.66,3.0,3.0,2.0,4.0,5.0,2.6666666666666665,0,1,0.6600000000000001,-0.33999999999999986,0,0
2026-02-01 05:15:00,Tilapia,28.62,7.69,4.56,3.0,3.0,2.0,4.0,5.0,2.6666666666666665,0,1,0.5599999999999996,-0.4400000000000004,0,0
2026-02-01 05:30:00,Tilapia,29.0,7.55,4.91,3.0,3.0,2.0,4.0,5.0,2.6666666666666665,0,1,0.9100000000000001,-0.08999999999999986,0,0
2026-02-01 05:45:00,Tilapia,29.08,7.73,4.94,3.0,3.0,2.0,4.0,5.0,2.6666666666666665,0,1,0.9400000000000004,-0.05999999999999961,0,0
2026-02-01 06:00:00,Tilapia,29.37,8.0,5.07,3.0,3.0,3.0,4.0,5.0,3.0,0,0,1.0700000000000003,0.07000000000000028,0,0
2026-02-01 06:15:00,Tilapia,29.35,7.95,5.16,3.0,3.0,3.0,4.0,5.0,3.0,0,0,1.1600000000000001,0.16000000000000014,0,0
2026-02-01 06:30:00,Tilapia,28.96,7.79,5.09,3.0,3.0,3.0,4.0,5.0,3.0,0,0,1.0899999999999999,0.08999999999999986,0,0
2026-02-01 06:45:00,Tilapia,29.41,7.67,5.02,3.0,3.0,3.0,4.0,5.0,3.0,0,0,1.0199999999999996,0.019999999999999574,0,0
2026-02-01 07:00:00,Tilapia,30.07,7.78,5.23,2.0,3.0,3.0,4.0,5.0,2.6666666666666665,0,0,1.2300000000000004,0.23000000000000043,0,0
2026-02-01 07:15:00,Tilapia,29.56,7.79,5.2,3.0,3.0,3.0,4.0,5.0,3.0,0,0,1.2000000000000002,0.20000000000000018,0,0
2026-02-01 07:30:00,Tilapia,30.16,7.78,5.5,2.0,3.0,3.0,4.0,5.0,2.6666666666666665,0,0,1.5,0.5,0,0
2026-02-01 07:45:00,Tilapia,29.58,7.62,5.28,3.0,3.0,3.0,4.0,5.0,3.0,0,0,1.2800000000000002,0.28000000000000025,0,0
2026-02-01 08:00:00,Tilapia,30.12,8.02,5.19,2.0,3.0,3.0,4.0,5.0,2.6666666666666665,0,0,1.1900000000000004,0.1900000000000004,0,0
2026-02-01 08:15:00,Tilapia,30.53,7.67,5.55,2.0,3.0,3.0,4.0,5.0,2.6666666666666665,0,0,1.5499999999999998,0.5499999999999998,0,0
2026-02-01 08:30:00,Tilapia,30.26,7.86,5.88,2.0,3.0,3.0,4.0,5.0,2.6666666666666665,0,0,1.88,0.8799999999999999,0,0
2026-02-01 08:45:00,Tilapia,30.29,7.75,5.9,2.0,3.0,3.0,4.0,5.0,2.6666666666666665,0,0,1.9000000000000004,0.9000000000000004,0,0
2026-02-01 09:00:00,Tilapia,29.97,7.73,5.97,3.0,3.0,3.0,4.0,5.0,3.0,0,0,1.9699999999999998,0.9699999999999998,0,0
2026-02-01 09:15:00,Tilapia,30.31,7.88,5.62,2.0,3.0,3.0,4.0,5.0,2.6666666666666665,0,0,1.62,0.6200000000000001,0,0
2026-02-01 09:30:00,Tilapia,30.31,7.71,5.21,2.0,3.0,3.0,4.0,5.0,2.6666666666666665,0,0,1.21,0.20999999999999996,0,0
2026-02-01 09:45:00,Tilapia,30.29,7.74,5.82,2.0,3.0,3.0,4.0,5.0,2.6666666666666665,0,0,1.8200000000000003,0.8200000000000003,0,0
2026-02-01 10:00:00,Tilapia,30.66,7.7,5.85,2.0,3.0,3.0,4.0,5.0,2.6666666666666665,0,0,1.8499999999999996,0.8499999999999996,0,0
2026-02-01 10:15:00,Tilapia,30.14,7.83,6.33,2.0,3.0,3.0,4.0,5.0,2.6666666666666665,0,0,2.33,1.33,0,0
2026-02-01 10:30:00,Tilapia,30.18,8.0,5.82,2.0,3.0,3.0,4.0,5.0,2.6666666666666665,0,0,1.8200000000000003,0.8200000000000003,0,0
2026-02-01 10:45:00,Tilapia,30.42,7.63,6.0,2.0,3.0,3.0,4.0,5.0,2.6666666666666665,0,0,2.0,1.0,0,0
2026-02-01 11:00:00,Tilapia,30.6,7.86,6.4,2.0,3.0,3.0,4.0,5.0,2.6666666666666665,0,0,2.4000000000000004,1.4000000000000004,0,0
2026-02-01 11:15:00,Tilapia,30.31,7.77,6.24,2.0,3.0,3.0,4.0,5.0,2.6666666666666665,0,0,2.24,1.2400000000000002,0,0
2026-02-01 11:30:00,Tilapia,30.62,8.14,6.16,2.0,3.0,3.0,4.0,5.0,2.6666666666666665,0,0,2.16,1.1600000000000001,0,0
2026-02-01 11:45:00,Tilapia,30.35,7.92,6.07,2.0,3.0,3.0,4.0,5.0,2.6666666666666665,0,0,2.0700000000000003,1.0700000000000003,0,0
2026-02-01 12:00:00,Tilapia,30.48,8.0,5.87,2.0,3.0,3.0,4.0,5.0,2.6666666666666665,0,0,1.87,0.8700000000000001,0,0
2026-02-01 12:15:00,Tilapia,30.88,8.06,6.47,2.0,3.0,3.0,4.0,5.0,2.6666666666666665,0,0,2.4699999999999998,1.4699999999999998,0,0
2026-02-01 12:30:00,Tilapia,30.58,7.85,6.32,2.0,3.0,3.0,4.0,5.0,2.6666666666666665,0,0,2.3200000000000003,1.3200000000000003,0,0
2026-02-01 12:45:00,Tilapia,30.51,7.98,6.6,2.0,3.0,3.0,4.0,5.0,2.6666666666666665,0,0,2.5999999999999996,1.5999999999999996,0,0
2026-02-01 13:00:00,Tilapia,30.13,7.93,6.57,2.0,3.0,3.0,4.0,5.0,2.6666666666666665,0,0,2.5700000000000003,1.5700000000000003,0,0
2026-02-01 13:15:00,Tilapia,30.39,7.97,6.36,2.0,3.0,3.0,4.0,5.0,2.6666666666666665,0,0,2.3600000000000003,1.3600000000000003,0,0
2026-02-01 13:30:00,Tilapia,30.29,8.07,6.41,2.0,3.0,3.0,4.0,5.0,2.6666666666666665,0,0,2.41,1.4100000000000001,0,0
2026-02-01 13:45:00,Tilapia,30.43,7.9,5.92,2.0,3.0,3.0,4.0,5.0,2.6666666666666665,0,0,1.92,0.9199999999999999,0,0
2026-02-01 14:00:00,Tilapia,29.78,7.74,6.2,3.0,3.0,3.0,4.0,5.0,3.0,0,0,2.2,1.2000000000000002,0,0
2026-02-01 14:15:00,Tilapia,29.62,7.86,6.17,3.0,3.0,3.0,4.0,5.0,3.0,0,0,2.17,1.17,0,0
2026-02-01 14:30:00,Tilapia,30.05,8.05,6.58,2.0,3.0,3.0,4.0,5.0,2.6666666666666665,0,0,2.58,1.58,0,0
2026-02-01 14:45:00,Tilapia,29.79,7.88,6.22,3.0,3.0,3.0,4.0,5.0,3.0,0,0,2.2199999999999998,1.2199999999999998,0,0
2026-02-01 15:00:00,Tilapia,29.77,7.7,6.35,3.0,3.0,3.0,4.0,5.0,3.0,0,0,2.3499999999999996,1.3499999999999996,0,0
2026-02-01 15:15:00,Tilapia,29.37,7.88,5.85,3.0,3.0,3.0,4.0,5.0,3.0,0,0,1.8499999999999996,0.8499999999999996,0,0
2026-02-01 15:30:00,Tilapia,29.53,8.11,6.07,3.0,3.0,3.0,4.0,5.0,3.0,0,0,2.0700000000000003,1.0700000000000003,0,0
2026-02-01 15:45:00,Tilapia,29.64,7.76,5.6,3.0,3.0,3.0,4.0,5.0,3.0,0,0,1.5999999999999996,0.5999999999999996,0,0
2026-02-01 16:00:00,Tilapia,29.41,7.88,6.28,3.0,3.0,3.0,4.0,5.0,3.0,0,0,2.2800000000000002,1.2800000000000002,0,0
2026-02-01 16:15:00,Tilapia,28.97,7.95,6.25,3.0,3.0,3.0,4.0,5.0,3.0,0,0,2.25,1.25,0,0
2026-02-01 16:30:00,Tilapia,29.17,7.81,5.65,3.0,3.0,3.0,4.0,5.0,3.0,0,0,1.6500000000000004,0.6500000000000004,0,0
2026-02-01 16:45:00,Tilapia,29.04,7.93,5.53,3.0,3.0,3.0,4.0,5.0,3.0,0,0,1.5300000000000002,0.5300000000000002,0,0
2026-02-01 17:00:00,Tilapia,29.09,7.84,5.87,3.0,3.0,3.0,4.0,5.0,3.0,0,0,1.87,0.8700000000000001,0,0
2026-02-01 17:15:00,Tilapia,28.88,7.8,5.78,3.0,3.0,3.0,4.0,5.0,3.0,0,0,1.7800000000000002,0.7800000000000002,0,0
2026-02-01 17:30:00,Tilapia,28.66,7.94,5.64,3.0,3.0,3.0,4.0,5.0,3.0,0,0,1.6399999999999997,0.6399999999999997,0,0
2026-02-01 17:45:00,Tilapia,28.52,8.02,5.76,3.0,3.0,3.0,4.0,5.0,3.0,0,0,1.7599999999999998,0.7599999999999998,0,0
2026-02-01 18:00:00,Tilapia,28.62,7.81,5.6,3.0,3.0,3.0,4.0,5.0,3.0,0,0,1.5999999999999996,0.5999999999999996,0,0
2026-02-01 18:15:00,Tilapia,28.26,7.94,5.46,3.0,3.0,3.0,4.0,5.0,3.0,0,0,1.46,0.45999999999999996,0,0
2026-02-01 18:30:00,Tilapia,27.66,7.8,5.87,3.0,3.0,3.0,4.0,5.0,3.0,0,0,1.87,0.8700000000000001,0,0
2026-02-01 18:45:00,Tilapia,28.16,7.95,4.96,3.0,3.0,2.0,4.0,5.0,2.6666666666666665,0,1,0.96,-0.040000000000000036,0,0
2026-02-01 19:00:00,Tilapia,28.06,7.99,5.03,3.0,3.0,3.0,4.0,5.0,3.0,0,0,1.0300000000000002,0.03000000000000025,0,0
2026-02-01 19:15:00,Tilapia,27.17,7.6,4.31,3.0,3.0,2.0,4.0,5.0,2.6666666666666665,0,1,0.3099999999999996,-0.6900000000000004,0,0
2026-02-01 19:30:00,Tilapia,27.59,7.64,5.23,3.0,3.0,3.0,4.0,5.0,3.0,0,0,1.2300000000000004,0.23000000000000043,0,0
2026-02-01 19:45:00,Tilapia,27.39,7.83,4.76,3.0,3.0,2.0,4.0,5.0,2.6666666666666665,0,1,0.7599999999999998,-0.2400000000000002,0,0
2026-02-01 20:00:00,Tilapia,27.41,7.7,4.64,3.0,3.0,2.0,4.0,5.0,2.6666666666666665,0,1,0.6399999999999997,-0.3600000000000003,0,0
2026-02-01 20:15:00,Tilapia,27.28,7.74,5.12,3.0,3.0,3.0,4.0,5.0,3.0,0,0,1.12,0.1200000000000001,0,0
2026-02-01 20:30:00,Tilapia,27.68,7.76,5.09,3.0,3.0,3.0,4.0,5.0,3.0,0,0,1.0899999999999999,0.08999999999999986,0,0
2026-02-01 20:45:00,Tilapia,27.24,7.64,4.63,3.0,3.0,2.0,4.0,5.0,2.6666666666666665,0,1,0.6299999999999999,-0.3700000000000001,0,0
2026-02-01 21:00:00,Tilapia,27.66,7.76,4.48,3.0,3.0,2.0,4.0,5.0,2.6666666666666665,0,1,0.4800000000000004,-0.5199999999999996,0,0
2026-02-01 21:15:00,Tilapia,27.49,7.68,4.11,3.0,3.0,2.0,4.0,5.0,2.6666666666666665,0,1,0.11000000000000032,-0.8899999999999997,0,0
2026-02-01 21:30:00,Tilapia,26.75,7.89,4.14,3.0,3.0,2.0,4.0,5.0,2.6666666666666665,0,1,0.13999999999999968,-0.8600000000000003,0,0
2026-02-01 21:45:00,Tilapia,27.15,7.77,4.08,3.0,3.0,2.0,4.0,5.0,2.6666666666666665,0,1,0.08000000000000007,-0.9199999999999999,0,0
2026-02-01 22:00:00,Tilapia,26.79,7.65,4.57,3.0,3.0,2.0,4.0,5.0,2.6666666666666665,0,1,0.5700000000000003,-0.4299999999999997,0,0
2026-02-01 22:15:00,Tilapia,27.2,7.83,3.85,3.0,3.0,1.0,4.0,5.0,2.3333333333333335,1,0,-0.1499999999999999,-1.15,1,15
2026-02-01 22:30:00,Tilapia,27.49,7.7,4.32,3.0,3.0,2.0,4.0,5.0,2.6666666666666665,0,1,0.3200000000000003,-0.6799999999999997,0,0
2026-02-01 22:45:00,Tilapia,26.62,7.51,3.56,3.0,3.0,1.0,4.0,5.0,2.3333333333333335,1,0,-0.43999999999999995,-1.44,1,15
2026-02-01 23:00:00,Tilapia,26.97,7.68,3.37,3.0,3.0,1.0,4.0,5.0,2.3333333333333335,1,0,-0.6299999999999999,-1.63,2,30
2026-02-01 23:15:00,Tilapia,27.37,7.54,4.08,3.0,3.0,2.0,4.0,5.0,2.6666666666666665,0,1,0.08000000000000007,-0.9199999999999999,0,0
2026-02-01 23:30:00,Tilapia,27.0,7.52,4.16,3.0,3.0,2.0,4.0,5.0,2.6666666666666665,0,1,0.16000000000000014,-0.8399999999999999,0,0
2026-02-01 23:45:00,Tilapia,27.8,7.72,3.96,3.0,3.0,1.0,4.0,5.0,2.3333333333333335,1,0,-0.040000000000000036,-1.04,1,15
2026-02-02 00:00:00,Tilapia,27.34,7.66,4.22,3.0,3.0,2.0,4.0,5.0,2.6666666666666665,0,1,0.21999999999999975,-0.7800000000000002,0,0
2026-02-02 00:15:00,Tilapia,27.46,7.64,3.87,3.0,3.0,1.0,4.0,5.0,2.3333333333333335,1,0,-0.1299999999999999,-1.13,1,15
2026-02-02 00:30:00,Tilapia,27.31,7.61,4.07,3.0,3.0,2.0,4.0,5.0,2.6666666666666665,0,1,0.07000000000000028,-0.9299999999999997,0,0
2026-02-02 00:45:00,Tilapia,27.46,7.64,4.12,3.0,3.0,2.0,4.0,5.0,2.6666666666666665,0,1,0.1200000000000001,-0.8799999999999999,0,0
2026-02-02 01:00:00,Tilapia,27.36,7.77,4.33,3.0,3.0,2.0,4.0,5.0,2.6666666666666665,0,1,0.33000000000000007,-0.6699999999999999,0,0
2026-02-02 01:15:00,Tilapia,27.36,7.83,3.88,3.0,3.0,1.0,4.0,5.0,2.3333333333333335,1,0,-0.1200000000000001,-1.12,1,15
2026-02-02 01:30:00,Tilapia,27.51,7.8,3.94,3.0,3.0,1.0,4.0,5.0,2.3333333333333335,1,0,-0.06000000000000005,-1.06,2,30
2026-02-02 01:45:00,Tilapia,27.56,7.71,4.22,3.0,3.0,2.0,4.0,5.0,2.6666666666666665,0,1,0.21999999999999975,-0.7800000000000002,0,0
2026-02-02 02:00:00,Tilapia,27.69,7.82,3.91,3.0,3.0,1.0,4.0,5.0,2.3333333333333335,1,0,-0.08999999999999986,-1.0899999999999999,1,15
2026-02-02 02:15:00,Tilapia,27.58,7.57,4.3,3.0,3.0,2.0,4.0,5.0,2.6666666666666665,0,1,0.2999999999999998,-0.7000000000000002,0,0
2026-02-02 02:30:00,Tilapia,28.03,7.69,4.62,3.0,3.0,2.0,4.0,5.0,2.6666666666666665,0,1,0.6200000000000001,-0.3799999999999999,0,0
2026-02-02 02:45:00,Tilapia,27.45,7.59,4.3,3.0,3.0,2.0,4.0,5.0,2.6666666666666665,0,1,0.2999999999999998,-0.7000000000000002,0,0
2026-02-02 03:00:00,Tilapia,28.23,7.55,4.07,3.0,3.0,2.0,4.0,5.0,2.6666666666666665,0,1,0.07000000000000028,-0.9299999999999997,0,0
2026-02-02 03:15:00,Tilapia,28.02,7.58,4.62,3.0,3.0,2.0,4.0,5.0,2.6666666666666665,0,1,0.6200000000000001,-0.3799999999999999,0,0
2026-02-02 03:30:00,Tilapia,28.42,7.68,4.5,3.0,3.0,2.0,4.0,5.0,2.6666666666666665,0,1,0.5,-0.5,0,0
2026-02-02 03:45:00,Tilapia,28.25,7.88,4.34,3.0,3.0,2.0,4.0,5.0,2.6666666666666665,0,1,0.33999999999999986,-0.6600000000000001,0,0
2026-02-02 04:00:00,Tilapia,28.44,7.6,4.71,3.0,3.0,2.0,4.0,5.0,2.6666666666666665,0,1,0.71,-0.29000000000000004,0,0
2026-02-02 04:15:00,Tilapia,28.3,7.78,4.78,3.0,3.0,2.0,4.0,5.0,2.6666666666666665,0,1,0.7800000000000002,-0.21999999999999975,0,0
2026-02-02 04:30:00,Tilapia,28.46,7.71,4.25,3.0,3.0,2.0,4.0,5.0,2.6666666666666665,0,1,0.25,-0.75,0,0
2026-02-02 04:45:00,Tilapia,28.46,7.75,4.52,3.0,3.0,2.0,4.0,5.0,2.6666666666666665,0,1,0.5199999999999996,-0.4800000000000004,0,0
2026-02-02 05:00:00,Tilapia,28.72,7.75,4.99,3.0,3.0,2.0,4.0,5.0,2.6666666666666665,0,1,0.9900000000000002,-0.009999999999999787,0,0
2026-02-02 05:15:00,Tilapia,29.17,7.72,4.91,3.0,3.0,2.0,4.0,5.0,2.6666666666666665,0,1,0.9100000000000001,-0.08999999999999986,0,0
2026-02-02 05:30:00,Tilapia,29.3,7.61,5.05,3.0,3.0,3.0,4.0,5.0,3.0,0,0,1.0499999999999998,0.04999999999999982,0,0
2026-02-02 05:45:00,Tilapia,29.06,7.79,4.65,3.0,3.0,2.0,4.0,5.0,2.6666666666666665,0,1,0.6500000000000004,-0.34999999999999964,0,0
2026-02-02 06:00:00,Tilapia,29.44,7.76,4.8,3.0,3.0,2.0,4.0,5.0,2.6666666666666665,0,1,0.7999999999999998,-0.20000000000000018,0,0
2026-02-02 06:15:00,Tilapia,29.24,7.69,5.17,3.0,3.0,3.0,4.0,5.0,3.0,0,0,1.17,0.16999999999999993,0,0
2026-02-02 06:30:00,Tilapia,29.75,7.66,5.17,3.0,3.0,3.0,4.0,5.0,3.0,0,0,1.17,0.16999999999999993,0,0
2026-02-02 06:45:00,Tilapia,29.67,7.68,5.01,3.0,3.0,3.0,4.0,5.0,3.0,0,0,1.0099999999999998,0.009999999999999787,0,0
2026-02-02 07:00:00,Tilapia,30.18,7.79,5.16,2.0,3.0,3.0,4.0,5.0,2.6666666666666665,0,0,1.1600000000000001,0.16000000000000014,0,0
2026-02-02 07:15:00,Tilapia,30.26,7.76,5.11,2.0,3.0,3.0,4.0,5.0,2.6666666666666665,0,0,1.1100000000000003,0.11000000000000032,0,0
2026-02-02 07:30:00,Tilapia,29.68,7.94,5.24,3.0,3.0,3.0,4.0,5.0,3.0,0,0,1.2400000000000002,0.2400000000000002,0,0
2026-02-02 07:45:00,Tilapia,29.9,7.82,5.28,3.0,3.0,3.0,4.0,5.0,3.0,0,0,1.2800000000000002,0.28000000000000025,0,0
2026-02-02 08:00:00,Tilapia,29.45,8.0,4.89,3.0,3.0,2.0,4.0,5.0,2.6666666666666665,0,1,0.8899999999999997,-0.11000000000000032,0,0
2026-02-02 08:15:00,Tilapia,29.79,7.64,5.14,3.0,3.0,3.0,4.0,5.0,3.0,0,0,1.1399999999999997,0.13999999999999968,0,0
2026-02-02 08:30:00,Tilapia,30.45,7.95,5.66,2.0,3.0,3.0,4.0,5.0,2.6666666666666665,0,0,1.6600000000000001,0.6600000000000001,0,0
2026-02-02 08:45:00,Tilapia,30.07,7.79,6.14,2.0,3.0,3.0,4.0,5.0,2.6666666666666665,0,0,2.1399999999999997,1.1399999999999997,0,0
2026-02-02 09:00:00,Tilapia,30.19,8.01,5.87,2.0,3.0,3.0,4.0,5.0,2.6666666666666665,0,0,1.87,0.8700000000000001,0,0
2026-02-02 09:15:00,Tilapia,30.44,7.8,5.76,2.0,3.0,3.0,4.0,5.0,2.6666666666666665,0,0,1.7599999999999998,0.7599999999999998,0,0
2026-02-02 09:30:00,Tilapia,30.67,7.85,6.13,2.0,3.0,3.0,4.0,5.0,2.6666666666666665,0,0,2.13,1.13,0,0
2026-02-02 09:45:00,Tilapia,30.59,7.83,5.97,2.0,3.0,3.0,4.0,5.0,2.6666666666666665,0,0,1.9699999999999998,0.9699999999999998,0,0
2026-02-02 10:00:00,Tilapia,30.37,7.71,6.52,2.0,3.0,3.0,4.0,5.0,2.6666666666666665,0,0,2.5199999999999996,1.5199999999999996,0,0
2026-02-02 10:15:00,Tilapia,30.55,7.71,5.66,2.0,3.0,3.0,4.0,5.0,2.6666666666666665,0,0,1.6600000000000001,0.6600000000000001,0,0
2026-02-02 10:30:00,Tilapia,30.61,8.0,6.29,2.0,3.0,3.0,4.0,5.0,2.6666666666666665,0,0,2.29,1.29,0,0
2026-02-02 10:45:00,Tilapia,30.71,8.05,6.45,2.0,3.0,3.0,4.0,5.0,2.6666666666666665,0,0,2.45,1.4500000000000002,0,0
2026-02-02 11:00:00,Tilapia,30.55,7.94,5.89,2.0,3.0,3.0,4.0,5.0,2.6666666666666665,0,0,1.8899999999999997,0.8899999999999997,0,0
2026-02-02 11:15:00,Tilapia,30.31,7.8,6.13,2.0,3.0,3.0,4.0,5.0,2.6666666666666665,0,0,2.13,1.13,0,0
2026-02-02 11:30:00,Tilapia,30.47,8.1,6.47,2.0,3.0,3.0,4.0,5.0,2.6666666666666665,0,0,2.4699999999999998,1.4699999999999998,0,0
2026-02-02 11:45:00,Tilapia,30.14,7.84,6.83,2.0,3.0,3.0,4.0,5.0,2.6666666666666665,0,0,2.83,1.83,0,0
2026-02-02 12:00:00,Tilapia,30.48,7.99,5.79,2.0,3.0,3.0,4.0,5.0,2.6666666666666665,0,0,1.79,0.79,0,0
2026-02-02 12:15:00,Tilapia,30.56,7.93,5.57,2.0,3.0,3.0,4.0,5.0,2.6666666666666665,0,0,1.5700000000000003,0.5700000000000003,0,0
2026-02-02 12:30:00,Tilapia,30.28,8.01,6.31,2.0,3.0,3.0,4.0,5.0,2.6666666666666665,0,0,2.3099999999999996,1.3099999999999996,0,0
2026-02-02 12:45:00,Tilapia,30.13,7.91,6.12,2.0,3.0,3.0,4.0,5.0,2.6666666666666665,0,0,2.12,1.12,0,0
2026-02-02 13:00:00,Tilapia,30.19,7.98,6.12,2.0,3.0,3.0,4.0,5.0,2.6666666666666665,0,0,2.12,1.12,0,0
2026-02-02 13:15:00,Tilapia,30.05,8.05,6.42,2.0,3.0,3.0,4.0,5.0,2.6666666666666665,0,0,2.42,1.42,0,0
2026-02-02 13:30:00,Tilapia,30.05,7.87,6.26,2.0,3.0,3.0,4.0,5.0,2.6666666666666665,0,0,2.26,1.2599999999999998,0,0
2026-02-02 13:45:00,Tilapia,30.11,7.91,6.72,2.0,3.0,3.0,4.0,5.0,2.6666666666666665,0,0,2.7199999999999998,1.7199999999999998,0,0
2026-02-02 14:00:00,Tilapia,30.04,7.83,6.21,2.0,3.0,3.0,4.0,5.0,2.6666666666666665,0,0,2.21,1.21,0,0
2026-02-02 14:15:00,Tilapia,29.62,7.9,6.24,3.0,3.0,3.0,4.0,5.0,3.0,0,0,2.24,1.2400000000000002,0,0
2026-02-02 14:30:00,Tilapia,29.57,7.96,6.18,3.0,3.0,3.0,4.0,5.0,3.0,0,0,2.1799999999999997,1.1799999999999997,0,0
2026-02-02 14:45:00,Tilapia,29.83,7.87,6.01,3.0,3.0,3.0,4.0,5.0,3.0,0,0,2.01,1.0099999999999998,0,0
2026-02-02 15:00:00,Tilapia,29.49,7.96,6.72,3.0,3.0,3.0,4.0,5.0,3.0,0,0,2.7199999999999998,1.7199999999999998,0,0
2026-02-02 15:15:00,Tilapia,29.75,8.05,5.89,3.0,3.0,3.0,4.0,5.0,3.0,0,0,1.8899999999999997,0.8899999999999997,0,0
2026-02-02 15:30:00,Tilapia,29.08,7.97,6.15,3.0,3.0,3.0,4.0,5.0,3.0,0,0,2.1500000000000004,1.1500000000000004,0,0
2026-02-02 15:45:00,Tilapia,29.53,7.81,5.84,3.0,3.0,3.0,4.0,5.0,3.0,0,0,1.8399999999999999,0.8399999999999999,0,0
2026-02-02 16:00:00,Tilapia,29.15,7.82,6.03,3.0,3.0,3.0,4.0,5.0,3.0,0,0,2.0300000000000002,1.0300000000000002,0,0
2026-02-02 16:15:00,Tilapia,29.32,7.95,5.44,3.0,3.0,3.0,4.0,5.0,3.0,0,0,1.4400000000000004,0.4400000000000004,0,0
2026-02-02 16:30:00,Tilapia,29.38,7.78,5.6,3.0,3.0,3.0,4.0,5.0,3.0,0,0,1.5999999999999996,0.5999999999999996,0,0
2026-02-02 16:45:00,Tilapia,28.9,7.77,5.76,3.0,3.0,3.0,4.0,5.0,3.0,0,0,1.7599999999999998,0.7599999999999998,0,0
2026-02-02 17:00:00,Tilapia,28.64,7.96,5.78,3.0,3.0,3.0,4.0,5.0,3.0,0,0,1.7800000000000002,0.7800000000000002,0,0
2026-02-02 17:15:00,Tilapia,28.55,7.77,6.01,3.0,3.0,3.0,4.0,5.0,3.0,0,0,2.01,1.0099999999999998,0,0
2026-02-02 17:30:00,Tilapia,28.8,7.93,5.6,3.0,3.0,3.0,4.0,5.0,3.0,0,0,1.5999999999999996,0.5999999999999996,0,0
2026-02-02 17:45:00,Tilapia,28.71,7.87,5.74,3.0,3.0,3.0,4.0,5.0,3.0,0,0,1.7400000000000002,0.7400000000000002,0,0
2026-02-02 18:00:00,Tilapia,28.77,8.06,5.78,3.0,3.0,3.0,4.0,5.0,3.0,0,0,1.7800000000000002,0.7800000000000002,0,0
2026-02-02 18:15:00,Tilapia,28.05,7.87,5.53,3.0,3.0,3.0,4.0,5.0,3.0,0,0,1.5300000000000002,0.5300000000000002,0,0
2026-02-02 18:30:00,Tilapia,28.28,7.75,5.11,3.0,3.0,3.0,4.0,5.0,3.0,0,0,1.1100000000000003,0.11000000000000032,0,0
2026-02-02 18:45:00,Tilapia,28.21,7.96,5.34,3.0,3.0,3.0,4.0,5.0,3.0,0,0,1.3399999999999999,0.33999999999999986,0,0
2026-02-02 19:00:00,Tilapia,28.17,7.6,4.93,3.0,3.0,2.0,4.0,5.0,2.6666666666666665,0,1,0.9299999999999997,-0.07000000000000028,0,0
2026-02-02 19:15:00,Tilapia,27.79,7.67,5.37,3.0,3.0,3.0,4.0,5.0,3.0,0,0,1.37,0.3700000000000001,0,0
2026-02-02 19:30:00,Tilapia,27.83,7.96,5.42,3.0,3.0,3.0,4.0,5.0,3.0,0,0,1.42,0.41999999999999993,0,0
2026-02-02 19:45:00,Tilapia,27.72,7.68,5.42,3.0,3.0,3.0,4.0,5.0,3.0,0,0,1.42,0.41999999999999993,0,0
2026-02-02 20:00:00,Tilapia,27.66,7.72,5.04,3.0,3.0,3.0,4.0,5.0,3.0,0,0,1.04,0.040000000000000036,0,0
2026-02-02 20:15:00,Tilapia,27.63,7.82,5.18,3.0,3.0,3.0,4.0,5.0,3.0,0,0,1.1799999999999997,0.17999999999999972,0,0
2026-02-02 20:30:00,Tilapia,27.54,7.75,4.85,3.0,3.0,2.0,4.0,5.0,2.6666666666666665,0,1,0.8499999999999996,-0.15000000000000036,0,0
2026-02-02 20:45:00,Tilapia,27.96,7.94,4.59,3.0,3.0,2.0,4.0,5.0,2.6666666666666665,0,1,0.5899999999999999,-0.41000000000000014,0,0
2026-02-02 21:00:00,Tilapia,27.12,7.74,4.69,3.0,3.0,2.0,4.0,5.0,2.6666666666666665,0,1,0.6900000000000004,-0.3099999999999996,0,0
2026-02-02 21:15:00,Tilapia,27.62,7.69,4.65,3.0,3.0,2.0,4.0,5.0,2.6666666666666665,0,1,0.6500000000000004,-0.34999999999999964,0,0
2026-02-02 21:30:00,Tilapia,27.25,7.7,4.74,3.0,3.0,2.0,4.0,5.0,2.6666666666666665,0,1,0.7400000000000002,-0.2599999999999998,0,0
2026-02-02 21:45:00,Tilapia,27.74,7.63,4.45,3.0,3.0,2.0,4.0,5.0,2.6666666666666665,0,1,0.4500000000000002,-0.5499999999999998,0,0
2026-02-02 22:00:00,Tilapia,27.17,7.83,4.53,3.0,3.0,2.0,4.0,5.0,2.6666666666666665,0,1,0.5300000000000002,-0.46999999999999975,0,0
2026-02-02 22:15:00,Tilapia,27.6,7.86,4.13,3.0,3.0,2.0,4.0,5.0,2.6666666666666665,0,1,0.1299999999999999,-0.8700000000000001,0,0
2026-02-02 22:30:00,Tilapia,27.21,7.76,4.2,3.0,3.0,2.0,4.0,5.0,2.6666666666666665,0,1,0.20000000000000018,-0.7999999999999998,0,0
2026-02-02 22:45:00,Tilapia,26.88,7.65,4.28,3.0,3.0,2.0,4.0,5.0,2.6666666666666665,0,1,0.28000000000000025,-0.7199999999999998,0,0
2026-02-02 23:00:00,Tilapia,27.17,7.73,4.45,3.0,3.0,2.0,4.0,5.0,2.6666666666666665,0,1,0.4500000000000002,-0.5499999999999998,0,0
2026-02-02 23:15:00,Tilapia,27.5,7.56,4.54,3.0,3.0,2.0,4.0,5.0,2.6666666666666665,0,1,0.54,-0.45999999999999996,0,0
2026-02-02 23:30:00,Tilapia,27.24,7.66,4.16,3.0,3.0,2.0,4.0,5.0,2.6666666666666665,0,1,0.16000000000000014,-0.8399999999999999,0,0
2026-02-02 23:45:00,Tilapia,27.2,7.79,4.58,3.0,3.0,2.0,4.0,5.0,2.6666666666666665,0,1,0.5800000000000001,-0.41999999999999993,0,0
2026-02-03 00:00:00,Tilapia,27.28,7.78,4.39,3.0,3.0,2.0,4.0,5.0,2.6666666666666665,0,1,0.3899999999999997,-0.6100000000000003,0,0
2026-02-03 00:15:00,Tilapia,27.32,8.0,3.83,3.0,3.0,1.0,4.0,5.0,2.3333333333333335,1,0,-0.16999999999999993,-1.17,1,15
2026-02-03 00:30:00,Tilapia,27.57,7.76,3.99,3.0,3.0,1.0,4.0,5.0,2.3333333333333335,1,0,-0.009999999999999787,-1.0099999999999998,2,30
2026-02-03 00:45:00,Tilapia,27.35,7.58,4.11,3.0,3.0,2.0,4.0,5.0,2.6666666666666665,0,1,0.11000000000000032,-0.8899999999999997,0,0
2026-02-03 01:00:00,Tilapia,27.33,7.53,4.09,3.0,3.0,2.0,4.0,5.0,2.6666666666666665,0,1,0.08999999999999986,-0.9100000000000001,0,0
2026-02-03 01:15:00,Tilapia,27.68,7.75,4.0,3.0,3.0,2.0,4.0,5.0,2.6666666666666665,0,1,0.0,-1.0,0,0
2026-02-03 01:30:00,Tilapia,27.58,7.61,4.18,3.0,3.0,2.0,4.0,5.0,2.6666666666666665,0,1,0.17999999999999972,-0.8200000000000003,0,0
2026-02-03 01:45:00,Tilapia,27.68,7.67,4.64,3.0,3.0,2.0,4.0,5.0,2.6666666666666665,0,1,0.6399999999999997,-0.3600000000000003,0,0
2026-02-03 02:00:00,Tilapia,27.73,7.75,4.29,3.0,3.0,2.0,4.0,5.0,2.6666666666666665,0,1,0.29000000000000004,-0.71,0,0
2026-02-03 02:15:00,Tilapia,27.8,7.8,4.14,3.0,3.0,2.0,4.0,5.0,2.6666666666666665,0,1,0.13999999999999968,-0.8600000000000003,0,0
2026-02-03 02:30:00,Tilapia,27.43,7.69,4.11,3.0,3.0,2.0,4.0,5.0,2.6666666666666665,0,1,0.11000000000000032,-0.8899999999999997,0,0
2026-02-03 02:45:00,Tilapia,27.98,7.79,4.26,3.0,3.0,2.0,4.0,5.0,2.6666666666666665,0,1,0.2599999999999998,-0.7400000000000002,0,0
2026-02-03 03:00:00,Tilapia,27.79,7.65,4.39,3.0,3.0,2.0,4.0,5.0,2.6666666666666665,0,1,0.3899999999999997,-0.6100000000000003,0,0
2026-02-03 03:15:00,Tilapia,28.27,7.7,4.11,3.0,3.0,2.0,4.0,5.0,2.6666666666666665,0,1,0.11000000000000032,-0.8899999999999997,0,0
2026-02-03 03:30:00,Tilapia,28.49,7.8,4.16,3.0,3.0,2.0,4.0,5.0,2.6666666666666665,0,1,0.16000000000000014,-0.8399999999999999,0,0
2026-02-03 03:45:00,Tilapia,28.51,7.66,3.99,3.0,3.0,1.0,4.0,5.0,2.3333333333333335,1,0,-0.009999999999999787,-1.0099999999999998,1,15
2026-02-03 04:00:00,Tilapia,28.79,7.78,4.7,3.0,3.0,2.0,4.0,5.0,2.6666666666666665,0,1,0.7000000000000002,-0.2999999999999998,0,0
2026-02-03 04:15:00,Tilapia,28.79,7.9,4.72,3.0,3.0,2.0,4.0,5.0,2.6666666666666665,0,1,0.7199999999999998,-0.28000000000000025,0,0
2026-02-03 04:30:00,Tilapia,28.8,7.83,4.43,3.0,3.0,2.0,4.0,5.0,2.6666666666666665,0,1,0.4299999999999997,-0.5700000000000003,0,0
2026-02-03 04:45:00,Tilapia,28.84,7.65,4.9,3.0,3.0,2.0,4.0,5.0,2.6666666666666665,0,1,0.9000000000000004,-0.09999999999999964,0,0
2026-02-03 05:00:00,Tilapia,28.97,7.69,5.04,3.0,3.0,3.0,4.0,5.0,3.0,0,0,1.04,0.040000000000000036,0,0
2026-02-03 05:15:00,Tilapia,29.14,7.67,4.79,3.0,3.0,2.0,4.0,5.0,2.6666666666666665,0,1,0.79,-0.20999999999999996,0,0
2026-02-03 05:30:00,Tilapia,28.94,7.64,4.73,3.0,3.0,2.0,4.0,5.0,2.6666666666666665,0,1,0.7300000000000004,-0.2699999999999996,0,0
2026-02-03 05:45:00,Tilapia,29.1,7.83,4.97,3.0,3.0,2.0,4.0,5.0,2.6666666666666665,0,1,0.9699999999999998,-0.03000000000000025,0,0
2026-02-03 06:00:00,Tilapia,29.46,7.87,5.23,3.0,3.0,3.0,4.0,5.0,3.0,0,0,1.2300000000000004,0.23000000000000043,0,0
2026-02-03 06:15:00,Tilapia,29.14,7.9,4.81,3.0,3.0,2.0,4.0,5.0,2.6666666666666665,0,1,0.8099999999999996,-0.1900000000000004,0,0
2026-02-03 06:30:00,Tilapia,29.93,7.81,5.25,3.0,3.0,3.0,4.0,5.0,3.0,0,0,1.25,0.25,0,0
2026-02-03 06:45:00,Tilapia,28.91,7.65,4.98,3.0,3.0,2.0,4.0,5.0,2.6666666666666665,0,1,0.9800000000000004,-0.019999999999999574,0,0
2026-02-03 07:00:00,Tilapia,29.9,7.76,5.35,3.0,3.0,3.0,4.0,5.0,3.0,0,0,1.3499999999999996,0.34999999999999964,0,0
2026-02-03 07:15:00,Tilapia,29.72,7.65,5.46,3.0,3.0,3.0,4.0,5.0,3.0,0,0,1.46,0.45999999999999996,0,0
2026-02-03 07:30:00,Tilapia,29.59,7.6,5.63,3.0,3.0,3.0,4.0,5.0,3.0,0,0,1.63,0.6299999999999999,0,0
2026-02-03 07:45:00,Tilapia,29.84,7.86,5.39,3.0,3.0,3.0,4.0,5.0,3.0,0,0,1.3899999999999997,0.3899999999999997,0,0
2026-02-03 08:00:00,Tilapia,29.78,7.89,5.67,3.0,3.0,3.0,4.0,5.0,3.0,0,0,1.67,0.6699999999999999,0,0
2026-02-03 08:15:00,Tilapia,30.33,7.79,5.98,2.0,3.0,3.0,4.0,5.0,2.6666666666666665,0,0,1.9800000000000004,0.9800000000000004,0,0
2026-02-03 08:30:00,Tilapia,30.58,7.86,5.35,2.0,3.0,3.0,4.0,5.0,2.6666666666666665,0,0,1.3499999999999996,0.34999999999999964,0,0
2026-02-03 08:45:00,Tilapia,29.88,7.78,5.71,3.0,3.0,3.0,4.0,5.0,3.0,0,0,1.71,0.71,0,0
2026-02-03 09:00:00,Tilapia,29.97,7.82,5.81,3.0,3.0,3.0,4.0,5.0,3.0,0,0,1.8099999999999996,0.8099999999999996,0,0
2026-02-03 09:15:00,Tilapia,30.45,7.68,5.7,2.0,3.0,3.0,4.0,5.0,2.6666666666666665,0,0,1.7000000000000002,0.7000000000000002,0,0
2026-02-03 09:30:00,Tilapia,30.45,7.91,5.96,2.0,3.0,3.0,4.0,5.0,2.6666666666666665,0,0,1.96,0.96,0,0
2026-02-03 09:45:00,Tilapia,30.34,7.8,5.77,2.0,3.0,3.0,4.0,5.0,2.6666666666666665,0,0,1.7699999999999996,0.7699999999999996,0,0
2026-02-03 10:00:00,Tilapia,30.31,7.85,6.18,2.0,3.0,3.0,4.0,5.0,2.6666666666666665,0,0,2.1799999999999997,1.1799999999999997,0,0
2026-02-03 10:15:00,Tilapia,30.45,7.91,6.32,2.0,3.0,3.0,4.0,5.0,2.6666666666666665,0,0,2.3200000000000003,1.3200000000000003,0,0
2026-02-03 10:30:00,Tilapia,30.65,7.88,6.1,2.0,3.0,3.0,4.0,5.0,2.6666666666666665,0,0,2.0999999999999996,1.0999999999999996,0,0
2026-02-03 10:45:00,Tilapia,30.59,8.13,6.43,2.0,3.0,3.0,4.0,5.0,2.6666666666666665,0,0,2.4299999999999997,1.4299999999999997,0,0
2026-02-03 11:00:00,Tilapia,30.47,8.21,6.37,2.0,3.0,3.0,4.0,5.0,2.6666666666666665,0,0,2.37,1.37,0,0
2026-02-03 11:15:00,Tilapia,30.7,7.9,6.44,2.0,3.0,3.0,4.0,5.0,2.6666666666666665,0,0,2.4400000000000004,1.4400000000000004,0,0
2026-02-03 11:30:00,Tilapia,30.22,8.07,5.89,2.0,3.0,3.0,4.0,5.0,2.6666666666666665,0,0,1.8899999999999997,0.8899999999999997,0,0
2026-02-03 11:45:00,Tilapia,30.69,8.24,5.95,2.0,3.0,3.0,4.0,5.0,2.6666666666666665,0,0,1.9500000000000002,0.9500000000000002,0,0
2026-02-03 12:00:00,Tilapia,30.39,7.83,6.59,2.0,3.0,3.0,4.0,5.0,2.6666666666666665,0,0,2.59,1.5899999999999999,0,0
2026-02-03 12:15:00,Tilapia,30.77,7.74,6.61,2.0,3.0,3.0,4.0,5.0,2.6666666666666665,0,0,2.6100000000000003,1.6100000000000003,0,0
2026-02-03 12:30:00,Tilapia,30.44,7.81,6.42,2.0,3.0,3.0,4.0,5.0,2.6666666666666665,0,0,2.42,1.42,0,0
2026-02-03 12:45:00,Tilapia,30.41,7.79,6.27,2.0,3.0,3.0,4.0,5.0,2.6666666666666665,0,0,2.2699999999999996,1.2699999999999996,0,0
2026-02-03 13:00:00,Tilapia,30.16,7.89,5.92,2.0,3.0,3.0,4.0,5.0,2.6666666666666665,0,0,1.92,0.9199999999999999,0,0
2026-02-03 13:15:00,Tilapia,30.46,8.05,6.25,2.0,3.0,3.0,4.0,5.0,2.6666666666666665,0,0,2.25,1.25,0,0
2026-02-03 13:30:00,Tilapia,30.44,8.05,6.45,2.0,3.0,3.0,4.0,5.0,2.6666666666666665,0,0,2.45,1.4500000000000002,0,0
2026-02-03 13:45:00,Tilapia,30.03,8.0,6.02,2.0,3.0,3.0,4.0,5.0,2.6666666666666665,0,0,2.0199999999999996,1.0199999999999996,0,0
2026-02-03 14:00:00,Tilapia,29.66,7.77,6.27,3.0,3.0,3.0,4.0,5.0,3.0,0,0,2.2699999999999996,1.2699999999999996,0,0
2026-02-03 14:15:00,Tilapia,29.56,7.79,6.63,3.0,3.0,3.0,4.0,5.0,3.0,0,0,2.63,1.63,0,0
2026-02-03 14:30:00,Tilapia,30.07,8.13,6.35,2.0,3.0,3.0,4.0,5.0,2.6666666666666665,0,0,2.3499999999999996,1.3499999999999996,0,0
2026-02-03 14:45:00,Tilapia,30.55,7.92,6.14,2.0,3.0,3.0,4.0,5.0,2.6666666666666665,0,0,2.1399999999999997,1.1399999999999997,0,0
2026-02-03 15:00:00,Tilapia,29.45,7.94,6.01,3.0,3.0,3.0,4.0,5.0,3.0,0,0,2.01,1.0099999999999998,0,0
2026-02-03 15:15:00,Tilapia,29.19,7.91,6.39,3.0,3.0,3.0,4.0,5.0,3.0,0,0,2.3899999999999997,1.3899999999999997,0,0
2026-02-03 15:30:00,Tilapia,29.79,7.97,5.81,3.0,3.0,3.0,4.0,5.0,3.0,0,0,1.8099999999999996,0.8099999999999996,0,0
2026-02-03 15:45:00,Tilapia,29.25,7.92,6.48,3.0,3.0,3.0,4.0,5.0,3.0,0,0,2.4800000000000004,1.4800000000000004,0,0
2026-02-03 16:00:00,Tilapia,29.43,8.04,5.92,3.0,3.0,3.0,4.0,5.0,3.0,0,0,1.92,0.9199999999999999,0,0
2026-02-03 16:15:00,Tilapia,29.43,8.03,5.98,3.0,3.0,3.0,4.0,5.0,3.0,0,0,1.9800000000000004,0.9800000000000004,0,0
2026-02-03 16:30:00,Tilapia,28.89,7.83,6.16,3.0,3.0,3.0,4.0,5.0,3.0,0,0,2.16,1.1600000000000001,0,0
2026-02-03 16:45:00,Tilapia,29.15,7.91,5.87,3.0,3.0,3.0,4.0,5.0,3.0,0,0,1.87,0.8700000000000001,0,0
2026-02-03 17:00:00,Tilapia,28.95,8.06,5.77,3.0,3.0,3.0,4.0,5.0,3.0,0,0,1.7699999999999996,0.7699999999999996,0,0
2026-02-03 17:15:00,Tilapia,28.51,7.84,5.69,3.0,3.0,3.0,4.0,5.0,3.0,0,0,1.6900000000000004,0.6900000000000004,0,0
2026-02-03 17:30:00,Tilapia,28.84,8.01,5.88,3.0,3.0,3.0,4.0,5.0,3.0,0,0,1.88,0.8799999999999999,0,0
2026-02-03 17:45:00,Tilapia,28.48,7.9,5.43,3.0,3.0,3.0,4.0,5.0,3.0,0,0,1.4299999999999997,0.4299999999999997,0,0
2026-02-03 18:00:00,Tilapia,28.48,7.92,5.44,3.0,3.0,3.0,4.0,5.0,3.0,0,0,1.4400000000000004,0.4400000000000004,0,0
2026-02-03 18:15:00,Tilapia,28.54,7.86,5.7,3.0,3.0,3.0,4.0,5.0,3.0,0,0,1.7000000000000002,0.7000000000000002,0,0
2026-02-03 18:30:00,Tilapia,28.38,7.83,5.46,3.0,3.0,3.0,4.0,5.0,3.0,0,0,1.46,0.45999999999999996,0,0
2026-02-03 18:45:00,Tilapia,28.32,7.85,5.25,3.0,3.0,3.0,4.0,5.0,3.0,0,0,1.25,0.25,0,0
2026-02-03 19:00:00,Tilapia,27.88,7.99,5.02,3.0,3.0,3.0,4.0,5.0,3.0,0,0,1.0199999999999996,0.019999999999999574,0,0
2026-02-03 19:15:00,Tilapia,27.78,8.01,4.77,3.0,3.0,2.0,4.0,5.0,2.6666666666666665,0,1,0.7699999999999996,-0.23000000000000043,0,0
2026-02-03 19:30:00,Tilapia,27.87,7.73,4.92,3.0,3.0,2.0,4.0,5.0,2.6666666666666665,0,1,0.9199999999999999,-0.08000000000000007,0,0
2026-02-03 19:45:00,Tilapia,27.49,7.75,5.43,3.0,3.0,3.0,4.0,5.0,3.0,0,0,1.4299999999999997,0.4299999999999997,0,0
2026-02-03 20:00:00,Tilapia,27.66,7.86,5.15,3.0,3.0,3.0,4.0,5.0,3.0,0,0,1.1500000000000004,0.15000000000000036,0,0
2026-02-03 20:15:00,Tilapia,28.01,7.59,4.49,3.0,3.0,2.0,4.0,5.0,2.6666666666666665,0,1,0.4900000000000002,-0.5099999999999998,0,0
2026-02-03 20:30:00,Tilapia,27.65,7.72,4.85,3.0,3.0,2.0,4.0,5.0,2.6666666666666665,0,1,0.8499999999999996,-0.15000000000000036,0,0
2026-02-03 20:45:00,Tilapia,27.85,7.68,4.61,3.0,3.0,2.0,4.0,5.0,2.6666666666666665,0,1,0.6100000000000003,-0.3899999999999997,0,0
2026-02-03 21:00:00,Tilapia,27.68,7.64,5.02,3.0,3.0,3.0,4.0,5.0,3.0,0,0,1.0199999999999996,0.019999999999999574,0,0
2026-02-03 21:15:00,Tilapia,27.42,7.82,4.56,3.0,3.0,2.0,4.0,5.0,2.6666666666666665,0,1,0.5599999999999996,-0.4400000000000004,0,0
2026-02-03 21:30:00,Tilapia,27.69,7.83,4.46,3.0,3.0,2.0,4.0,5.0,2.6666666666666665,0,1,0.45999999999999996,-0.54,0,0
2026-02-03 21:45:00,Tilapia,27.23,7.74,4.73,3.0,3.0,2.0,4.0,5.0,2.6666666666666665,0,1,0.7300000000000004,-0.2699999999999996,0,0
2026-02-03 22:00:00,Tilapia,26.9,7.76,4.13,3.0,3.0,2.0,4.0,5.0,2.6666666666666665,0,1,0.1299999999999999,-0.8700000000000001,0,0
2026-02-03 22:15:00,Tilapia,27.31,7.84,3.87,3.0,3.0,1.0,4.0,5.0,2.3333333333333335,1,0,-0.1299999999999999,-1.13,1,15
2026-02-03 22:30:00,Tilapia,27.24,7.78,3.97,3.0,3.0,1.0,4.0,5.0,2.3333333333333335,1,0,-0.029999999999999805,-1.0299999999999998,2,30
2026-02-03 22:45:00,Tilapia,26.94,7.86,4.41,3.0,3.0,2.0,4.0,5.0,2.6666666666666665,0,1,0.41000000000000014,-0.5899999999999999,0,0
2026-02-03 23:00:00,Tilapia,26.93,7.7,4.61,3.0,3.0,2.0,4.0,5.0,2.6666666666666665,0,1,0.6100000000000003,-0.3899999999999997,0,0
2026-02-03 23:15:00,Tilapia,27.6,7.75,4.42,3.0,3.0,2.0,4.0,5.0,2.6666666666666665,0,1,0.41999999999999993,-0.5800000000000001,0,0
2026-02-03 23:30:00,Tilapia,27.23,7.58,4.46,3.0,3.0,2.0,4.0,5.0,2.6666666666666665,0,1,0.45999999999999996,-0.54,0,0
2026-02-03 23:45:00,Tilapia,27.42,7.87,4.24,3.0,3.0,2.0,4.0,5.0,2.6666666666666665,0,1,0.2400000000000002,-0.7599999999999998,0,0
2026-02-04 00:00:00,Tilapia,27.35,7.64,3.96,3.0,3.0,1.0,4.0,5.0,2.3333333333333335,1,0,-0.040000000000000036,-1.04,1,15
2026-02-04 00:15:00,Tilapia,27.9,7.56,4.21,3.0,3.0,2.0,4.0,5.0,2.6666666666666665,0,1,0.20999999999999996,-0.79,0,0
2026-02-04 00:30:00,Tilapia,27.64,7.8,4.35,3.0,3.0,2.0,4.0,5.0,2.6666666666666665,0,1,0.34999999999999964,-0.6500000000000004,0,0
2026-02-04 00:45:00,Tilapia,27.5,7.8,4.02,3.0,3.0,2.0,4.0,5.0,2.6666666666666665,0,1,0.019999999999999574,-0.9800000000000004,0,0
2026-02-04 01:00:00,Tilapia,28.05,7.67,3.97,3.0,3.0,1.0,4.0,5.0,2.3333333333333335,1,0,-0.029999999999999805,-1.0299999999999998,1,15
2026-02-04 01:15:00,Tilapia,27.51,7.56,4.29,3.0,3.0,2.0,4.0,5.0,2.6666666666666665,0,1,0.29000000000000004,-0.71,0,0
2026-02-04 01:30:00,Tilapia,27.92,7.8,4.04,3.0,3.0,2.0,4.0,5.0,2.6666666666666665,0,1,0.040000000000000036,-0.96,0,0
2026-02-04 01:45:00,Tilapia,27.7,7.84,3.75,3.0,3.0,1.0,4.0,5.0,2.3333333333333335,1,0,-0.25,-1.25,1,15
2026-02-04 02:00:00,Tilapia,27.76,7.6,4.31,3.0,3.0,2.0,4.0,5.0,2.6666666666666665,0,1,0.3099999999999996,-0.6900000000000004,0,0
2026-02-04 02:15:00,Tilapia,27.78,7.64,4.14,3.0,3.0,2.0,4.0,5.0,2.6666666666666665,0,1,0.13999999999999968,-0.8600000000000003,0,0
2026-02-04 02:30:00,Tilapia,28.18,7.81,4.43,3.0,3.0,2.0,4.0,5.0,2.6666666666666665,0,1,0.4299999999999997,-0.5700000000000003,0,0
2026-02-04 02:45:00,Tilapia,28.14,7.59,4.14,3.0,3.0,2.0,4.0,5.0,2.6666666666666665,0,1,0.13999999999999968,-0.8600000000000003,0,0
2026-02-04 03:00:00,Tilapia,28.17,7.85,4.09,3.0,3.0,2.0,4.0,5.0,2.6666666666666665,0,1,0.08999999999999986,-0.9100000000000001,0,0
2026-02-04 03:15:00,Tilapia,27.88,7.66,4.17,3.0,3.0,2.0,4.0,5.0,2.6666666666666665,0,1,0.16999999999999993,-0.8300000000000001,0,0
2026-02-04 03:30:00,Tilapia,28.5,7.74,4.64,3.0,3.0,2.0,4.0,5.0,2.6666666666666665,0,1,0.6399999999999997,-0.3600000000000003,0,0
2026-02-04 03:45:00,Tilapia,28.08,7.66,4.61,3.0,3.0,2.0,4.0,5.0,2.6666666666666665,0,1,0.6100000000000003,-0.3899999999999997,0,0
2026-02-04 04:00:00,Tilapia,28.26,7.8,4.07,3.0,3.0,2.0,4.0,5.0,2.6666666666666665,0,1,0.07000000000000028,-0.9299999999999997,0,0
2026-02-04 04:15:00,Tilapia,28.58,7.65,5.0,3.0,3.0,3.0,4.0,5.0,3.0,0,0,1.0,0.0,0,0
2026-02-04 04:30:00,Tilapia,28.71,7.69,4.98,3.0,3.0,2.0,4.0,5.0,2.6666666666666665,0,1,0.9800000000000004,-0.019999999999999574,0,0
2026-02-04 04:45:00,Tilapia,28.51,7.53,4.56,3.0,3.0,2.0,4.0,5.0,2.6666666666666665,0,1,0.5599999999999996,-0.4400000000000004,0,0
2026-02-04 05:00:00,Tilapia,29.16,7.61,4.75,3.0,3.0,2.0,4.0,5.0,2.6666666666666665,0,1,0.75,-0.25,0,0
2026-02-04 05:15:00,Tilapia,29.33,7.82,4.74,3.0,3.0,2.0,4.0,5.0,2.6666666666666665,0,1,0.7400000000000002,-0.2599999999999998,0,0
2026-02-04 05:30:00,Tilapia,28.35,7.27,3.33,3.0,3.0,1.0,4.0,5.0,2.3333333333333335,1,0,-0.6699999999999999,-1.67,1,15
2026-02-04 05:45:00,Tilapia,28.79,7.38,4.46,3.0,3.0,2.0,4.0,5.0,2.6666666666666665,0,1,0.45999999999999996,-0.54,0,0
2026-02-04 06:00:00,Tilapia,29.13,7.73,4.58,3.0,3.0,2.0,4.0,5.0,2.6666666666666665,0,1,0.5800000000000001,-0.41999999999999993,0,0
2026-02-04 06:15:00,Tilapia,29.24,7.65,4.85,3.0,3.0,2.0,4.0,5.0,2.6666666666666665,0,1,0.8499999999999996,-0.15000000000000036,0,0
2026-02-04 06:30:00,Tilapia,29.02,7.74,4.59,3.0,3.0,2.0,4.0,5.0,2.6666666666666665,0,1,0.5899999999999999,-0.41000000000000014,0,0
2026-02-04 06:45:00,Tilapia,29.82,7.72,5.15,3.0,3.0,3.0,4.0,5.0,3.0,0,0,1.1500000000000004,0.15000000000000036,0,0
2026-02-04 07:00:00,Tilapia,29.33,7.6,4.94,3.0,3.0,2.0,4.0,5.0,2.6666666666666665,0,1,0.9400000000000004,-0.05999999999999961,0,0
2026-02-04 07:15:00,Tilapia,29.77,7.72,4.69,3.0,3.0,2.0,4.0,5.0,2.6666666666666665,0,1,0.6900000000000004,-0.3099999999999996,0,0
2026-02-04 07:30:00,Tilapia,29.76,7.61,4.98,3.0,3.0,2.0,4.0,5.0,2.6666666666666665,0,1,0.9800000000000004,-0.019999999999999574,0,0
2026-02-04 07:45:00,Tilapia,29.68,7.84,4.94,3.0,3.0,2.0,4.0,5.0,2.6666666666666665,0,1,0.9400000000000004,-0.05999999999999961,0,0
2026-02-04 08:00:00,Tilapia,30.08,7.82,4.97,2.0,3.0,2.0,4.0,5.0,2.3333333333333335,0,1,0.9699999999999998,-0.03000000000000025,0,0
2026-02-04 08:15:00,Tilapia,30.32,7.78,5.34,2.0,3.0,3.0,4.0,5.0,2.6666666666666665,0,0,1.3399999999999999,0.33999999999999986,0,0
2026-02-04 08:30:00,Tilapia,29.94,7.81,5.39,3.0,3.0,3.0,4.0,5.0,3.0,0,0,1.3899999999999997,0.3899999999999997,0,0
2026-02-04 08:45:00,Tilapia,29.14,7.55,4.42,3.0,3.0,2.0,4.0,5.0,2.6666666666666665,0,1,0.41999999999999993,-0.5800000000000001,0,0
2026-02-04 09:00:00,Tilapia,30.13,7.58,5.74,2.0,3.0,3.0,4.0,5.0,2.6666666666666665,0,0,1.7400000000000002,0.7400000000000002,0,0
2026-02-04 09:15:00,Tilapia,30.25,7.74,5.8,2.0,3.0,3.0,4.0,5.0,2.6666666666666665,0,0,1.7999999999999998,0.7999999999999998,0,0
2026-02-04 09:30:00,Tilapia,30.0,7.78,5.94,3.0,3.0,3.0,4.0,5.0,3.0,0,0,1.9400000000000004,0.9400000000000004,0,0
2026-02-04 09:45:00,Tilapia,30.64,7.77,6.22,2.0,3.0,3.0,4.0,5.0,2.6666666666666665,0,0,2.2199999999999998,1.2199999999999998,0,0
2026-02-04 10:00:00,Tilapia,30.6,7.84,5.94,2.0,3.0,3.0,4.0,5.0,2.6666666666666665,0,0,1.9400000000000004,0.9400000000000004,0,0
2026-02-04 10:15:00,Tilapia,30.19,7.97,5.86,2.0,3.0,3.0,4.0,5.0,2.6666666666666665,0,0,1.8600000000000003,0.8600000000000003,0,0
2026-02-04 10:30:00,Tilapia,30.82,7.82,6.15,2.0,3.0,3.0,4.0,5.0,2.6666666666666665,0,0,2.1500000000000004,1.1500000000000004,0,0
2026-02-04 10:45:00,Tilapia,29.99,7.91,6.18,3.0,3.0,3.0,4.0,5.0,3.0,0,0,2.1799999999999997,1.1799999999999997,0,0
2026-02-04 11:00:00,Tilapia,30.6,7.85,6.34,2.0,3.0,3.0,4.0,5.0,2.6666666666666665,0,0,2.34,1.3399999999999999,0,0
2026-02-04 11:15:00,Tilapia,30.49,7.85,6.51,2.0,3.0,3.0,4.0,5.0,2.6666666666666665,0,0,2.51,1.5099999999999998,0,0
2026-02-04 11:30:00,Tilapia,30.44,7.96,6.42,2.0,3.0,3.0,4.0,5.0,2.6666666666666665,0,0,2.42,1.42,0,0
2026-02-04 11:45:00,Tilapia,30.74,7.89,6.52,2.0,3.0,3.0,4.0,5.0,2.6666666666666665,0,0,2.5199999999999996,1.5199999999999996,0,0
2026-02-04 12:00:00,Tilapia,30.55,8.02,6.26,2.0,3.0,3.0,4.0,5.0,2.6666666666666665,0,0,2.26,1.2599999999999998,0,0
2026-02-04 12:15:00,Tilapia,30.37,7.94,6.16,2.0,3.0,3.0,4.0,5.0,2.6666666666666665,0,0,2.16,1.1600000000000001,0,0
2026-02-04 12:30:00,Tilapia,30.55,7.94,6.22,2.0,3.0,3.0,4.0,5.0,2.6666666666666665,0,0,2.2199999999999998,1.2199999999999998,0,0
2026-02-04 12:45:00,Tilapia,30.62,7.99,6.59,2.0,3.0,3.0,4.0,5.0,2.6666666666666665,0,0,2.59,1.5899999999999999,0,0
2026-02-04 13:00:00,Tilapia,30.1,8.06,6.33,2.0,3.0,3.0,4.0,5.0,2.6666666666666665,0,0,2.33,1.33,0,0
2026-02-04 13:15:00,Tilapia,30.34,7.97,6.84,2.0,3.0,3.0,4.0,5.0,2.6666666666666665,0,0,2.84,1.8399999999999999,0,0
2026-02-04 13:30:00,Tilapia,30.09,8.01,6.32,2.0,3.0,3.0,4.0,5.0,2.6666666666666665,0,0,2.3200000000000003,1.3200000000000003,0,0
2026-02-04 13:45:00,Tilapia,29.97,8.09,6.55,3.0,3.0,3.0,4.0,5.0,3.0,0,0,2.55,1.5499999999999998,0,0
2026-02-04 14:00:00,Tilapia,30.34,7.9,6.37,2.0,3.0,3.0,4.0,5.0,2.6666666666666665,0,0,2.37,1.37,0,0
2026-02-04 14:15:00,Tilapia,30.0,7.93,6.14,3.0,3.0,3.0,4.0,5.0,3.0,0,0,2.1399999999999997,1.1399999999999997,0,0
2026-02-04 14:30:00,Tilapia,29.87,7.98,6.43,3.0,3.0,3.0,4.0,5.0,3.0,0,0,2.4299999999999997,1.4299999999999997,0,0
2026-02-04 14:45:00,Tilapia,29.68,7.88,6.13,3.0,3.0,3.0,4.0,5.0,3.0,0,0,2.13,1.13,0,0
2026-02-04 15:00:00,Tilapia,29.87,8.15,6.24,3.0,3.0,3.0,4.0,5.0,3.0,0,0,2.24,1.2400000000000002,0,0
2026-02-04 15:15:00,Tilapia,29.81,7.82,6.07,3.0,3.0,3.0,4.0,5.0,3.0,0,0,2.0700000000000003,1.0700000000000003,0,0
2026-02-04 15:30:00,Tilapia,29.55,7.91,6.55,3.0,3.0,3.0,4.0,5.0,3.0,0,0,2.55,1.5499999999999998,0,0
2026-02-04 15:45:00,Tilapia,29.84,7.8,6.24,3.0,3.0,3.0,4.0,5.0,3.0,0,0,2.24,1.2400000000000002,0,0
2026-02-04 16:00:00,Tilapia,29.59,7.61,5.93,3.0,3.0,3.0,4.0,5.0,3.0,0,0,1.9299999999999997,0.9299999999999997,0,0
2026-02-04 16:15:00,Tilapia,29.31,7.96,6.06,3.0,3.0,3.0,4.0,5.0,3.0,0,0,2.0599999999999996,1.0599999999999996,0,0
2026-02-04 16:30:00,Tilapia,28.85,7.84,5.75,3.0,3.0,3.0,4.0,5.0,3.0,0,0,1.75,0.75,0,0
2026-02-04 16:45:00,Tilapia,28.93,7.88,6.51,3.0,3.0,3.0,4.0,5.0,3.0,0,0,2.51,1.5099999999999998,0,0
2026-02-04 17:00:00,Tilapia,28.73,7.8,5.98,3.0,3.0,3.0,4.0,5.0,3.0,0,0,1.9800000000000004,0.9800000000000004,0,0
2026-02-04 17:15:00,Tilapia,28.98,7.93,5.93,3.0,3.0,3.0,4.0,5.0,3.0,0,0,1.9299999999999997,0.9299999999999997,0,0
2026-02-04 17:30:00,Tilapia,28.77,8.01,5.82,3.0,3.0,3.0,4.0,5.0,3.0,0,0,1.8200000000000003,0.8200000000000003,0,0
2026-02-04 17:45:00,Tilapia,28.27,7.65,5.54,3.0,3.0,3.0,4.0,5.0,3.0,0,0,1.54,0.54,0,0
2026-02-04 18:00:00,Tilapia,28.48,7.79,5.66,3.0,3.0,3.0,4.0,5.0,3.0,0,0,1.6600000000000001,0.6600000000000001,0,0
2026-02-04 18:15:00,Tilapia,28.55,7.83,5.16,3.0,3.0,3.0,4.0,5.0,3.0,0,0,1.1600000000000001,0.16000000000000014,0,0
2026-02-04 18:30:00,Tilapia,27.92,7.85,5.82,3.0,3.0,3.0,4.0,5.0,3.0,0,0,1.8200000000000003,0.8200000000000003,0,0
2026-02-04 18:45:00,Tilapia,28.76,7.73,5.57,3.0,3.0,3.0,4.0,5.0,3.0,0,0,1.5700000000000003,0.5700000000000003,0,0
2026-02-04 19:00:00,Tilapia,28.23,7.77,5.23,3.0,3.0,3.0,4.0,5.0,3.0,0,0,1.2300000000000004,0.23000000000000043,0,0
2026-02-04 19:15:00,Tilapia,27.58,7.71,5.68,3.0,3.0,3.0,4.0,5.0,3.0,0,0,1.6799999999999997,0.6799999999999997,0,0
2026-02-04 19:30:00,Tilapia,27.74,7.89,4.9,3.0,3.0,2.0,4.0,5.0,2.6666666666666665,0,1,0.9000000000000004,-0.09999999999999964,0,0
2026-02-04 19:45:00,Tilapia,27.48,7.81,5.33,3.0,3.0,3.0,4.0,5.0,3.0,0,0,1.33,0.33000000000000007,0,0
2026-02-04 20:00:00,Tilapia,27.76,7.83,4.67,3.0,3.0,2.0,4.0,5.0,2.6666666666666665,0,1,0.6699999999999999,-0.33000000000000007,0,0
2026-02-04 20:15:00,Tilapia,27.44,7.84,5.01,3.0,3.0,3.0,4.0,5.0,3.0,0,0,1.0099999999999998,0.009999999999999787,0,0
2026-02-04 20:30:00,Tilapia,27.24,7.74,4.74,3.0,3.0,2.0,4.0,5.0,2.6666666666666665,0,1,0.7400000000000002,-0.2599999999999998,0,0
2026-02-04 20:45:00,Tilapia,27.51,7.54,4.59,3.0,3.0,2.0,4.0,5.0,2.6666666666666665,0,1,0.5899999999999999,-0.41000000000000014,0,0
2026-02-04 21:00:00,Tilapia,27.75,7.77,5.02,3.0,3.0,3.0,4.0,5.0,3.0,0,0,1.0199999999999996,0.019999999999999574,0,0
2026-02-04 21:15:00,Tilapia,26.88,7.71,4.49,3.0,3.0,2.0,4.0,5.0,2.6666666666666665,0,1,0.4900000000000002,-0.5099999999999998,0,0
2026-02-04 21:30:00,Tilapia,26.97,7.74,4.61,3.0,3.0,2.0,4.0,5.0,2.6666666666666665,0,1,0.6100000000000003,-0.3899999999999997,0,0
2026-02-04 21:45:00,Tilapia,27.39,7.96,4.5,3.0,3.0,2.0,4.0,5.0,2.6666666666666665,0,1,0.5,-0.5,0,0
2026-02-04 22:00:00,Tilapia,27.28,7.83,4.52,3.0,3.0,2.0,4.0,5.0,2.6666666666666665,0,1,0.5199999999999996,-0.4800000000000004,0,0
2026-02-04 22:15:00,Tilapia,27.38,7.82,4.35,3.0,3.0,2.0,4.0,5.0,2.6666666666666665,0,1,0.34999999999999964,-0.6500000000000004,0,0
2026-02-04 22:30:00,Tilapia,27.42,7.78,4.04,3.0,3.0,2.0,4.0,5.0,2.6666666666666665,0,1,0.040000000000000036,-0.96,0,0
2026-02-04 22:45:00,Tilapia,27.63,7.78,3.97,3.0,3.0,1.0,4.0,5.0,2.3333333333333335,1,0,-0.029999999999999805,-1.0299999999999998,1,15
2026-02-04 23:00:00,Tilapia,26.96,7.93,4.03,3.0,3.0,2.0,4.0,5.0,2.6666666666666665,0,1,0.03000000000000025,-0.9699999999999998,0,0
2026-02-04 23:15:00,Tilapia,27.44,7.69,4.97,3.0,3.0,2.0,4.0,5.0,2.6666666666666665,0,1,0.9699999999999998,-0.03000000000000025,0,0
2026-02-04 23:30:00,Tilapia,27.43,7.8,4.26,3.0,3.0,2.0,4.0,5.0,2.6666666666666665,0,1,0.2599999999999998,-0.7400000000000002,0,0
2026-02-04 23:45:00,Tilapia,27.45,7.64,3.78,3.0,3.0,1.0,4.0,5.0,2.3333333333333335,1,0,-0.2200000000000002,-1.2200000000000002,1,15
2026-02-05 00:00:00,Tilapia,27.38,7.84,4.15,3.0,3.0,2.0,4.0,5.0,2.6666666666666665,0,1,0.15000000000000036,-0.8499999999999996,0,0
2026-02-05 00:15:00,Tilapia,27.68,7.68,3.9,3.0,3.0,1.0,4.0,5.0,2.3333333333333335,1,0,-0.10000000000000009,-1.1,1,15
2026-02-05 00:30:00,Tilapia,27.41,7.79,3.69,3.0,3.0,1.0,4.0,5.0,2.3333333333333335,1,0,-0.31000000000000005,-1.31,2,30
2026-02-05 00:45:00,Tilapia,27.34,7.58,4.14,3.0,3.0,2.0,4.0,5.0,2.6666666666666665,0,1,0.13999999999999968,-0.8600000000000003,0,0
2026-02-05 01:00:00,Tilapia,27.52,7.85,4.05,3.0,3.0,2.0,4.0,5.0,2.6666666666666665,0,1,0.04999999999999982,-0.9500000000000002,0,0
2026-02-05 01:15:00,Tilapia,27.58,7.44,4.13,3.0,3.0,2.0,4.0,5.0,2.6666666666666665,0,1,0.1299999999999999,-0.8700000000000001,0,0
2026-02-05 01:30:00,Tilapia,27.26,7.73,3.9,3.0,3.0,1.0,4.0,5.0,2.3333333333333335,1,0,-0.10000000000000009,-1.1,1,15
2026-02-05 01:45:00,Tilapia,27.31,7.52,4.43,3.0,3.0,2.0,4.0,5.0,2.6666666666666665,0,1,0.4299999999999997,-0.5700000000000003,0,0
2026-02-05 02:00:00,Tilapia,27.55,7.66,3.99,3.0,3.0,1.0,4.0,5.0,2.3333333333333335,1,0,-0.009999999999999787,-1.0099999999999998,1,15
2026-02-05 02:15:00,Tilapia,27.5,7.8,4.29,3.0,3.0,2.0,4.0,5.0,2.6666666666666665,0,1,0.29000000000000004,-0.71,0,0
2026-02-05 02:30:00,Tilapia,27.84,7.83,3.99,3.0,3.0,1.0,4.0,5.0,2.3333333333333335,1,0,-0.009999999999999787,-1.0099999999999998,1,15
2026-02-05 02:45:00,Tilapia,27.92,7.74,4.35,3.0,3.0,2.0,4.0,5.0,2.6666666666666665,0,1,0.34999999999999964,-0.6500000000000004,0,0
2026-02-05 03:00:00,Tilapia,27.47,7.73,4.35,3.0,3.0,2.0,4.0,5.0,2.6666666666666665,0,1,0.34999999999999964,-0.6500000000000004,0,0
2026-02-05 03:15:00,Tilapia,28.28,7.81,4.22,3.0,3.0,2.0,4.0,5.0,2.6666666666666665,0,1,0.21999999999999975,-0.7800000000000002,0,0
2026-02-05 03:30:00,Tilapia,27.78,7.89,4.43,3.0,3.0,2.0,4.0,5.0,2.6666666666666665,0,1,0.4299999999999997,-0.5700000000000003,0,0
2026-02-05 03:45:00,Tilapia,28.56,7.71,4.29,3.0,3.0,2.0,4.0,5.0,2.6666666666666665,0,1,0.29000000000000004,-0.71,0,0
2026-02-05 04:00:00,Tilapia,28.4,7.8,4.41,3.0,3.0,2.0,4.0,5.0,2.6666666666666665,0,1,0.41000000000000014,-0.5899999999999999,0,0
2026-02-05 04:15:00,Tilapia,28.24,7.67,4.65,3.0,3.0,2.0,4.0,5.0,2.6666666666666665,0,1,0.6500000000000004,-0.34999999999999964,0,0
2026-02-05 04:30:00,Tilapia,28.64,7.56,4.4,3.0,3.0,2.0,4.0,5.0,2.6666666666666665,0,1,0.40000000000000036,-0.5999999999999996,0,0
2026-02-05 04:45:00,Tilapia,28.67,7.82,4.46,3.0,3.0,2.0,4.0,5.0,2.6666666666666665,0,1,0.45999999999999996,-0.54,0,0
2026-02-05 05:00:00,Tilapia,29.06,7.64,4.66,3.0,3.0,2.0,4.0,5.0,2.6666666666666665,0,1,0.6600000000000001,-0.33999999999999986,0,0
2026-02-05 05:15:00,Tilapia,28.57,7.65,4.83,3.0,3.0,2.0,4.0,5.0,2.6666666666666665,0,1,0.8300000000000001,-0.16999999999999993,0,0
2026-02-05 05:30:00,Tilapia,29.14,7.85,4.96,3.0,3.0,2.0,4.0,5.0,2.6666666666666665,0,1,0.96,-0.040000000000000036,0,0
2026-02-05 05:45:00,Tilapia,29.24,7.8,5.2,3.0,3.0,3.0,4.0,5.0,3.0,0,0,1.2000000000000002,0.20000000000000018,0,0
2026-02-05 06:00:00,Tilapia,29.06,7.9,4.8,3.0,3.0,2.0,4.0,5.0,2.6666666666666665,0,1,0.7999999999999998,-0.20000000000000018,0,0
2026-02-05 06:15:00,Tilapia,29.43,7.83,5.01,3.0,3.0,3.0,4.0,5.0,3.0,0,0,1.0099999999999998,0.009999999999999787,0,0
2026-02-05 06:30:00,Tilapia,29.46,7.75,5.24,3.0,3.0,3.0,4.0,5.0,3.0,0,0,1.2400000000000002,0.2400000000000002,0,0
2026-02-05 06:45:00,Tilapia,29.87,7.64,5.18,3.0,3.0,3.0,4.0,5.0,3.0,0,0,1.1799999999999997,0.17999999999999972,0,0
2026-02-05 07:00:00,Tilapia,29.68,7.7,5.63,3.0,3.0,3.0,4.0,5.0,3.0,0,0,1.63,0.6299999999999999,0,0
2026-02-05 07:15:00,Tilapia,29.83,7.87,5.23,3.0,3.0,3.0,4.0,5.0,3.0,0,0,1.2300000000000004,0.23000000000000043,0,0
2026-02-05 07:30:00,Tilapia,29.48,7.87,5.21,3.0,3.0,3.0,4.0,5.0,3.0,0,0,1.21,0.20999999999999996,0,0
2026-02-05 07:45:00,Tilapia,29.63,7.9,5.8,3.0,3.0,3.0,4.0,5.0,3.0,0,0,1.7999999999999998,0.7999999999999998,0,0
2026-02-05 08:00:00,Tilapia,30.29,7.65,5.29,2.0,3.0,3.0,4.0,5.0,2.6666666666666665,0,0,1.29,0.29000000000000004,0,0
2026-02-05 08:15:00,Tilapia,30.5,7.74,5.13,2.0,3.0,3.0,4.0,5.0,2.6666666666666665,0,0,1.13,0.1299999999999999,0,0
2026-02-05 08:30:00,Tilapia,30.1,7.71,5.13,2.0,3.0,3.0,4.0,5.0,2.6666666666666665,0,0,1.13,0.1299999999999999,0,0
2026-02-05 08:45:00,Tilapia,30.18,8.01,5.39,2.0,3.0,3.0,4.0,5.0,2.6666666666666665,0,0,1.3899999999999997,0.3899999999999997,0,0
2026-02-05 09:00:00,Tilapia,30.13,7.86,5.81,2.0,3.0,3.0,4.0,5.0,2.6666666666666665,0,0,1.8099999999999996,0.8099999999999996,0,0
2026-02-05 09:15:00,Tilapia,30.59,8.06,6.07,2.0,3.0,3.0,4.0,5.0,2.6666666666666665,0,0,2.0700000000000003,1.0700000000000003,0,0
2026-02-05 09:30:00,Tilapia,30.63,7.91,5.96,2.0,3.0,3.0,4.0,5.0,2.6666666666666665,0,0,1.96,0.96,0,0
2026-02-05 09:45:00,Tilapia,30.17,7.94,6.32,2.0,3.0,3.0,4.0,5.0,2.6666666666666665,0,0,2.3200000000000003,1.3200000000000003,0,0
2026-02-05 10:00:00,Tilapia,30.32,7.8,6.25,2.0,3.0,3.0,4.0,5.0,2.6666666666666665,0,0,2.25,1.25,0,0
2026-02-05 10:15:00,Tilapia,30.33,7.93,6.06,2.0,3.0,3.0,4.0,5.0,2.6666666666666665,0,0,2.0599999999999996,1.0599999999999996,0,0
2026-02-05 10:30:00,Tilapia,31.0,7.88,6.29,2.0,3.0,3.0,4.0,5.0,2.6666666666666665,0,0,2.29,1.29,0,0
2026-02-05 10:45:00,Tilapia,30.64,7.96,6.02,2.0,3.0,3.0,4.0,5.0,2.6666666666666665,0,0,2.0199999999999996,1.0199999999999996,0,0
2026-02-05 11:00:00,Tilapia,30.91,7.8,6.2,2.0,3.0,3.0,4.0,5.0,2.6666666666666665,0,0,2.2,1.2000000000000002,0,0
2026-02-05 11:15:00,Tilapia,30.67,7.73,6.07,2.0,3.0,3.0,4.0,5.0,2.6666666666666665,0,0,2.0700000000000003,1.0700000000000003,0,0
2026-02-05 11:30:00,Tilapia,30.61,7.93,6.11,2.0,3.0,3.0,4.0,5.0,2.6666666666666665,0,0,2.1100000000000003,1.1100000000000003,0,0
2026-02-05 11:45:00,Tilapia,30.32,7.92,6.23,2.0,3.0,3.0,4.0,5.0,2.6666666666666665,0,0,2.2300000000000004,1.2300000000000004,0,0
2026-02-05 12:00:00,Tilapia,30.16,8.11,6.72,2.0,3.0,3.0,4.0,5.0,2.6666666666666665,0,0,2.7199999999999998,1.7199999999999998,0,0
2026-02-05 12:15:00,Tilapia,30.36,7.79,6.53,2.0,3.0,3.0,4.0,5.0,2.6666666666666665,0,0,2.5300000000000002,1.5300000000000002,0,0
2026-02-05 12:30:00,Tilapia,30.29,7.85,5.96,2.0,3.0,3.0,4.0,5.0,2.6666666666666665,0,0,1.96,0.96,0,0
2026-02-05 12:45:00,Tilapia,30.68,8.0,6.2,2.0,3.0,3.0,4.0,5.0,2.6666666666666665,0,0,2.2,1.2000000000000002,0,0
2026-02-05 13:00:00,Tilapia,29.98,7.86,6.25,3.0,3.0,3.0,4.0,5.0,3.0,0,0,2.25,1.25,0,0
2026-02-05 13:15:00,Tilapia,30.01,7.86,6.64,2.0,3.0,3.0,4.0,5.0,2.6666666666666665,0,0,2.6399999999999997,1.6399999999999997,0,0
2026-02-05 13:30:00,Tilapia,29.64,7.82,6.13,3.0,3.0,3.0,4.0,5.0,3.0,0,0,2.13,1.13,0,0
2026-02-05 13:45:00,Tilapia,30.01,7.89,6.21,2.0,3.0,3.0,4.0,5.0,2.6666666666666665,0,0,2.21,1.21,0,0
2026-02-05 14:00:00,Tilapia,29.31,7.84,5.95,3.0,3.0,3.0,4.0,5.0,3.0,0,0,1.9500000000000002,0.9500000000000002,0,0
2026-02-05 14:15:00,Tilapia,29.45,7.78,6.38,3.0,3.0,3.0,4.0,5.0,3.0,0,0,2.38,1.38,0,0
2026-02-05 14:30:00,Tilapia,29.69,7.73,5.87,3.0,3.0,3.0,4.0,5.0,3.0,0,0,1.87,0.8700000000000001,0,0
2026-02-05 14:45:00,Tilapia,29.93,7.53,6.01,3.0,3.0,3.0,4.0,5.0,3.0,0,0,2.01,1.0099999999999998,0,0
2026-02-05 15:00:00,Tilapia,29.39,7.99,6.03,3.0,3.0,3.0,4.0,5.0,3.0,0,0,2.0300000000000002,1.0300000000000002,0,0
2026-02-05 15:15:00,Tilapia,29.75,8.08,5.76,3.0,3.0,3.0,4.0,5.0,3.0,0,0,1.7599999999999998,0.7599999999999998,0,0
2026-02-05 15:30:00,Tilapia,29.49,7.82,6.09,3.0,3.0,3.0,4.0,5.0,3.0,0,0,2.09,1.0899999999999999,0,0
2026-02-05 15:45:00,Tilapia,29.62,7.97,6.13,3.0,3.0,3.0,4.0,5.0,3.0,0,0,2.13,1.13,0,0
2026-02-05 16:00:00,Tilapia,29.54,7.9,6.27,3.0,3.0,3.0,4.0,5.0,3.0,0,0,2.2699999999999996,1.2699999999999996,0,0
2026-02-05 16:15:00,Tilapia,29.35,8.0,5.83,3.0,3.0,3.0,4.0,5.0,3.0,0,0,1.83,0.8300000000000001,0,0
2026-02-05 16:30:00,Tilapia,28.89,7.9,6.04,3.0,3.0,3.0,4.0,5.0,3.0,0,0,2.04,1.04,0,0
2026-02-05 16:45:00,Tilapia,28.71,7.95,5.75,3.0,3.0,3.0,4.0,5.0,3.0,0,0,1.75,0.75,0,0
2026-02-05 17:00:00,Tilapia,28.78,7.85,5.73,3.0,3.0,3.0,4.0,5.0,3.0,0,0,1.7300000000000004,0.7300000000000004,0,0
2026-02-05 17:15:00,Tilapia,28.91,7.96,5.9,3.0,3.0,3.0,4.0,5.0,3.0,0,0,1.9000000000000004,0.9000000000000004,0,0
2026-02-05 17:30:00,Tilapia,28.61,7.9,5.49,3.0,3.0,3.0,4.0,5.0,3.0,0,0,1.4900000000000002,0.4900000000000002,0,0
2026-02-05 17:45:00,Tilapia,28.8,7.97,5.56,3.0,3.0,3.0,4.0,5.0,3.0,0,0,1.5599999999999996,0.5599999999999996,0,0
2026-02-05 18:00:00,Tilapia,28.49,7.51,5.51,3.0,3.0,3.0,4.0,5.0,3.0,0,0,1.5099999999999998,0.5099999999999998,0,0
2026-02-05 18:15:00,Tilapia,28.0,7.86,5.41,3.0,3.0,3.0,4.0,5.0,3.0,0,0,1.4100000000000001,0.41000000000000014,0,0
2026-02-05 18:30:00,Tilapia,28.6,7.97,5.56,3.0,3.0,3.0,4.0,5.0,3.0,0,0,1.5599999999999996,0.5599999999999996,0,0
2026-02-05 18:45:00,Tilapia,28.13,7.94,5.43,3.0,3.0,3.0,4.0,5.0,3.0,0,0,1.4299999999999997,0.4299999999999997,0,0
2026-02-05 19:00:00,Tilapia,28.61,7.78,5.74,3.0,3.0,3.0,4.0,5.0,3.0,0,0,1.7400000000000002,0.7400000000000002,0,0
2026-02-05 19:15:00,Tilapia,28.58,7.81,5.06,3.0,3.0,3.0,4.0,5.0,3.0,0,0,1.0599999999999996,0.05999999999999961,0,0
2026-02-05 19:30:00,Tilapia,28.22,7.96,5.15,3.0,3.0,3.0,4.0,5.0,3.0,0,0,1.1500000000000004,0.15000000000000036,0,0
2026-02-05 19:45:00,Tilapia,27.67,7.88,5.06,3.0,3.0,3.0,4.0,5.0,3.0,0,0,1.0599999999999996,0.05999999999999961,0,0
2026-02-05 20:00:00,Tilapia,27.8,7.62,5.28,3.0,3.0,3.0,4.0,5.0,3.0,0,0,1.2800000000000002,0.28000000000000025,0,0
2026-02-05 20:15:00,Tilapia,27.62,7.63,4.69,3.0,3.0,2.0,4.0,5.0,2.6666666666666665,0,1,0.6900000000000004,-0.3099999999999996,0,0
2026-02-05 20:30:00,Tilapia,27.35,7.79,4.69,3.0,3.0,2.0,4.0,5.0,2.6666666666666665,0,1,0.6900000000000004,-0.3099999999999996,0,0
2026-02-05 20:45:00,Tilapia,27.9,7.85,5.01,3.0,3.0,3.0,4.0,5.0,3.0,0,0,1.0099999999999998,0.009999999999999787,0,0
2026-02-05 21:00:00,Tilapia,27.56,7.77,4.61,3.0,3.0,2.0,4.0,5.0,2.6666666666666665,0,1,0.6100000000000003,-0.3899999999999997,0,0
2026-02-05 21:15:00,Tilapia,27.44,7.86,4.58,3.0,3.0,2.0,4.0,5.0,2.6666666666666665,0,1,0.5800000000000001,-0.41999999999999993,0,0
2026-02-05 21:30:00,Tilapia,27.51,7.8,4.98,3.0,3.0,2.0,4.0,5.0,2.6666666666666665,0,1,0.9800000000000004,-0.019999999999999574,0,0
2026-02-05 21:45:00,Tilapia,27.27,7.84,4.91,3.0,3.0,2.0,4.0,5.0,2.6666666666666665,0,1,0.9100000000000001,-0.08999999999999986,0,0
2026-02-05 22:00:00,Tilapia,27.36,7.79,4.21,3.0,3.0,2.0,4.0,5.0,2.6666666666666665,0,1,0.20999999999999996,-0.79,0,0
2026-02-05 22:15:00,Tilapia,27.48,7.83,4.19,3.0,3.0,2.0,4.0,5.0,2.6666666666666665,0,1,0.1900000000000004,-0.8099999999999996,0,0
2026-02-05 22:30:00,Tilapia,27.42,7.76,4.09,3.0,3.0,2.0,4.0,5.0,2.6666666666666665,0,1,0.08999999999999986,-0.9100000000000001,0,0
2026-02-05 22:45:00,Tilapia,27.19,7.66,4.58,3.0,3.0,2.0,4.0,5.0,2.6666666666666665,0,1,0.5800000000000001,-0.41999999999999993,0,0
2026-02-05 23:00:00,Tilapia,26.74,7.81,4.29,3.0,3.0,2.0,4.0,5.0,2.6666666666666665,0,1,0.29000000000000004,-0.71,0,0
2026-02-05 23:15:00,Tilapia,27.27,7.78,4.34,3.0,3.0,2.0,4.0,5.0,2.6666666666666665,0,1,0.33999999999999986,-0.6600000000000001,0,0
2026-02-05 23:30:00,Tilapia,27.5,7.84,4.1,3.0,3.0,2.0,4.0,5.0,2.6666666666666665,0,1,0.09999999999999964,-0.9000000000000004,0,0
2026-02-05 23:45:00,Tilapia,27.4,7.67,4.08,3.0,3.0,2.0,4.0,5.0,2.6666666666666665,0,1,0.08000000000000007,-0.9199999999999999,0,0
2026-02-06 00:00:00,Tilapia,27.58,7.55,3.82,3.0,3.0,1.0,4.0,5.0,2.3333333333333335,1,0,-0.18000000000000016,-1.1800000000000002,1,15
2026-02-06 00:15:00,Tilapia,27.55,7.58,4.19,3.0,3.0,2.0,4.0,5.0,2.6666666666666665,0,1,0.1900000000000004,-0.8099999999999996,0,0
2026-02-06 00:30:00,Tilapia,27.87,7.69,4.25,3.0,3.0,2.0,4.0,5.0,2.6666666666666665,0,1,0.25,-0.75,0,0
2026-02-06 00:45:00,Tilapia,27.11,7.76,4.14,3.0,3.0,2.0,4.0,5.0,2.6666666666666665,0,1,0.13999999999999968,-0.8600000000000003,0,0
2026-02-06 01:00:00,Tilapia,27.48,7.59,4.4,3.0,3.0,2.0,4.0,5.0,2.6666666666666665,0,1,0.40000000000000036,-0.5999999999999996,0,0
2026-02-06 01:15:00,Tilapia,27.85,7.68,4.31,3.0,3.0,2.0,4.0,5.0,2.6666666666666665,0,1,0.3099999999999996,-0.6900000000000004,0,0
2026-02-06 01:30:00,Tilapia,27.6,7.41,4.26,3.0,3.0,2.0,4.0,5.0,2.6666666666666665,0,1,0.2599999999999998,-0.7400000000000002,0,0
2026-02-06 01:45:00,Tilapia,27.41,7.79,4.13,3.0,3.0,2.0,4.0,5.0,2.6666666666666665,0,1,0.1299999999999999,-0.8700000000000001,0,0
2026-02-06 02:00:00,Tilapia,27.62,7.69,3.88,3.0,3.0,1.0,4.0,5.0,2.3333333333333335,1,0,-0.1200000000000001,-1.12,1,15
2026-02-06 02:15:00,Tilapia,28.01,7.66,4.06,3.0,3.0,2.0,4.0,5.0,2.6666666666666665,0,1,0.05999999999999961,-0.9400000000000004,0,0
2026-02-06 02:30:00,Tilapia,27.83,7.66,4.62,3.0,3.0,2.0,4.0,5.0,2.6666666666666665,0,1,0.6200000000000001,-0.3799999999999999,0,0
2026-02-06 02:45:00,Tilapia,28.2,7.77,4.77,3.0,3.0,2.0,4.0,5.0,2.6666666666666665,0,1,0.7699999999999996,-0.23000000000000043,0,0
2026-02-06 03:00:00,Tilapia,28.61,7.82,4.17,3.0,3.0,2.0,4.0,5.0,2.6666666666666665,0,1,0.16999999999999993,-0.8300000000000001,0,0
2026-02-06 03:15:00,Tilapia,28.61,7.4,4.53,3.0,3.0,2.0,4.0,5.0,2.6666666666666665,0,1,0.5300000000000002,-0.46999999999999975,0,0
2026-02-06 03:30:00,Tilapia,28.14,7.75,4.64,3.0,3.0,2.0,4.0,5.0,2.6666666666666665,0,1,0.6399999999999997,-0.3600000000000003,0,0
2026-02-06 03:45:00,Tilapia,29.16,7.72,4.03,3.0,3.0,2.0,4.0,5.0,2.6666666666666665,0,1,0.03000000000000025,-0.9699999999999998,0,0
2026-02-06 04:00:00,Tilapia,28.27,7.64,4.11,3.0,3.0,2.0,4.0,5.0,2.6666666666666665,0,1,0.11000000000000032,-0.8899999999999997,0,0
2026-02-06 04:15:00,Tilapia,28.74,7.54,4.43,3.0,3.0,2.0,4.0,5.0,2.6666666666666665,0,1,0.4299999999999997,-0.5700000000000003,0,0
2026-02-06 04:30:00,Tilapia,28.58,7.65,4.37,3.0,3.0,2.0,4.0,5.0,2.6666666666666665,0,1,0.3700000000000001,-0.6299999999999999,0,0
2026-02-06 04:45:00,Tilapia,28.7,7.73,4.65,3.0,3.0,2.0,4.0,5.0,2.6666666666666665,0,1,0.6500000000000004,-0.34999999999999964,0,0
2026-02-06 05:00:00,Tilapia,28.93,7.87,4.66,3.0,3.0,2.0,4.0,5.0,2.6666666666666665,0,1,0.6600000000000001,-0.33999999999999986,0,0
2026-02-06 05:15:00,Tilapia,28.47,7.7,4.81,3.0,3.0,2.0,4.0,5.0,2.6666666666666665,0,1,0.8099999999999996,-0.1900000000000004,0,0
2026-02-06 05:30:00,Tilapia,29.2,7.62,4.73,3.0,3.0,2.0,4.0,5.0,2.6666666666666665,0,1,0.7300000000000004,-0.2699999999999996,0,0
2026-02-06 05:45:00,Tilapia,29.26,7.65,4.77,3.0,3.0,2.0,4.0,5.0,2.6666666666666665,0,1,0.7699999999999996,-0.23000000000000043,0,0
2026-02-06 06:00:00,Tilapia,29.35,7.79,5.03,3.0,3.0,3.0,4.0,5.0,3.0,0,0,1.0300000000000002,0.03000000000000025,0,0
2026-02-06 06:15:00,Tilapia,29.52,7.92,4.86,3.0,3.0,2.0,4.0,5.0,2.6666666666666665,0,1,0.8600000000000003,-0.13999999999999968,0,0
2026-02-06 06:30:00,Tilapia,30.13,7.77,4.73,2.0,3.0,2.0,4.0,5.0,2.3333333333333335,0,1,0.7300000000000004,-0.2699999999999996,0,0
2026-02-06 06:45:00,Tilapia,29.6,7.7,4.94,3.0,3.0,2.0,4.0,5.0,2.6666666666666665,0,1,0.9400000000000004,-0.05999999999999961,0,0
2026-02-06 07:00:00,Tilapia,30.22,7.69,5.49,2.0,3.0,3.0,4.0,5.0,2.6666666666666665,0,0,1.4900000000000002,0.4900000000000002,0,0
2026-02-06 07:15:00,Tilapia,29.81,7.7,5.2,3.0,3.0,3.0,4.0,5.0,3.0,0,0,1.2000000000000002,0.20000000000000018,0,0
2026-02-06 07:30:00,Tilapia,29.54,7.63,5.27,3.0,3.0,3.0,4.0,5.0,3.0,0,0,1.2699999999999996,0.2699999999999996,0,0
2026-02-06 07:45:00,Tilapia,29.79,7.77,4.99,3.0,3.0,2.0,4.0,5.0,2.6666666666666665,0,1,0.9900000000000002,-0.009999999999999787,0,0
2026-02-06 08:00:00,Tilapia,30.04,7.83,5.33,2.0,3.0,3.0,4.0,5.0,2.6666666666666665,0,0,1.33,0.33000000000000007,0,0
2026-02-06 08:15:00,Tilapia,30.17,7.76,5.4,2.0,3.0,3.0,4.0,5.0,2.6666666666666665,0,0,1.4000000000000004,0.40000000000000036,0,0
2026-02-06 08:30:00,Tilapia,30.01,8.02,5.69,2.0,3.0,3.0,4.0,5.0,2.6666666666666665,0,0,1.6900000000000004,0.6900000000000004,0,0
2026-02-06 08:45:00,Tilapia,30.31,7.72,5.42,2.0,3.0,3.0,4.0,5.0,2.6666666666666665,0,0,1.42,0.41999999999999993,0,0
2026-02-06 09:00:00,Tilapia,29.91,7.94,5.68,3.0,3.0,3.0,4.0,5.0,3.0,0,0,1.6799999999999997,0.6799999999999997,0,0
2026-02-06 09:15:00,Tilapia,30.55,7.75,5.27,2.0,3.0,3.0,4.0,5.0,2.6666666666666665,0,0,1.2699999999999996,0.2699999999999996,0,0
2026-02-06 09:30:00,Tilapia,30.5,7.93,6.03,2.0,3.0,3.0,4.0,5.0,2.6666666666666665,0,0,2.0300000000000002,1.0300000000000002,0,0
2026-02-06 09:45:00,Tilapia,30.35,7.94,5.97,2.0,3.0,3.0,4.0,5.0,2.6666666666666665,0,0,1.9699999999999998,0.9699999999999998,0,0
2026-02-06 10:00:00,Tilapia,30.38,7.81,6.23,2.0,3.0,3.0,4.0,5.0,2.6666666666666665,0,0,2.2300000000000004,1.2300000000000004,0,0
2026-02-06 10:15:00,Tilapia,30.48,7.76,5.72,2.0,3.0,3.0,4.0,5.0,2.6666666666666665,0,0,1.7199999999999998,0.7199999999999998,0,0
2026-02-06 10:30:00,Tilapia,30.53,7.78,6.22,2.0,3.0,3.0,4.0,5.0,2.6666666666666665,0,0,2.2199999999999998,1.2199999999999998,0,0
2026-02-06 10:45:00,Tilapia,30.44,7.79,5.81,2.0,3.0,3.0,4.0,5.0,2.6666666666666665,0,0,1.8099999999999996,0.8099999999999996,0,0
2026-02-06 11:00:00,Tilapia,31.05,8.04,6.45,2.0,3.0,3.0,4.0,5.0,2.6666666666666665,0,0,2.45,1.4500000000000002,0,0
2026-02-06 11:15:00,Tilapia,30.72,7.79,5.88,2.0,3.0,3.0,4.0,5.0,2.6666666666666665,0,0,1.88,0.8799999999999999,0,0
2026-02-06 11:30:00,Tilapia,30.42,7.81,5.75,2.0,3.0,3.0,4.0,5.0,2.6666666666666665,0,0,1.75,0.75,0,0
2026-02-06 11:45:00,Tilapia,30.45,7.89,5.77,2.0,3.0,3.0,4.0,5.0,2.6666666666666665,0,0,1.7699999999999996,0.7699999999999996,0,0
2026-02-06 12:00:00,Tilapia,30.24,7.88,6.06,2.0,3.0,3.0,4.0,5.0,2.6666666666666665,0,0,2.0599999999999996,1.0599999999999996,0,0
2026-02-06 12:15:00,Tilapia,29.47,7.86,5.71,3.0,3.0,3.0,4.0,5.0,3.0,0,0,1.71,0.71,0,0
2026-02-06 12:30:00,Tilapia,29.8,7.7,5.37,3.0,3.0,3.0,4.0,5.0,3.0,0,0,1.37,0.3700000000000001,0,0
2026-02-06 12:45:00,Tilapia,30.65,7.89,6.53,2.0,3.0,3.0,4.0,5.0,2.6666666666666665,0,0,2.5300000000000002,1.5300000000000002,0,0
2026-02-06 13:00:00,Tilapia,30.52,7.81,5.74,2.0,3.0,3.0,4.0,5.0,2.6666666666666665,0,0,1.7400000000000002,0.7400000000000002,0,0
2026-02-06 13:15:00,Tilapia,29.88,8.05,6.97,3.0,3.0,3.0,4.0,5.0,3.0,0,0,2.9699999999999998,1.9699999999999998,0,0
2026-02-06 13:30:00,Tilapia,30.14,7.79,6.31,2.0,3.0,3.0,4.0,5.0,2.6666666666666665,0,0,2.3099999999999996,1.3099999999999996,0,0
2026-02-06 13:45:00,Tilapia,30.09,7.99,6.31,2.0,3.0,3.0,4.0,5.0,2.6666666666666665,0,0,2.3099999999999996,1.3099999999999996,0,0
2026-02-06 14:00:00,Tilapia,29.98,7.9,6.54,3.0,3.0,3.0,4.0,5.0,3.0,0,0,2.54,1.54,0,0
2026-02-06 14:15:00,Tilapia,29.87,7.85,6.02,3.0,3.0,3.0,4.0,5.0,3.0,0,0,2.0199999999999996,1.0199999999999996,0,0
2026-02-06 14:30:00,Tilapia,29.9,7.9,6.1,3.0,3.0,3.0,4.0,5.0,3.0,0,0,2.0999999999999996,1.0999999999999996,0,0
2026-02-06 14:45:00,Tilapia,29.55,7.82,6.34,3.0,3.0,3.0,4.0,5.0,3.0,0,0,2.34,1.3399999999999999,0,0
2026-02-06 15:00:00,Tilapia,29.59,7.67,5.86,3.0,3.0,3.0,4.0,5.0,3.0,0,0,1.8600000000000003,0.8600000000000003,0,0
2026-02-06 15:15:00,Tilapia,30.12,7.81,5.95,2.0,3.0,3.0,4.0,5.0,2.6666666666666665,0,0,1.9500000000000002,0.9500000000000002,0,0
2026-02-06 15:30:00,Tilapia,29.42,7.91,6.47,3.0,3.0,3.0,4.0,5.0,3.0,0,0,2.4699999999999998,1.4699999999999998,0,0
2026-02-06 15:45:00,Tilapia,29.66,7.75,5.92,3.0,3.0,3.0,4.0,5.0,3.0,0,0,1.92,0.9199999999999999,0,0
2026-02-06 16:00:00,Tilapia,29.41,8.03,5.75,3.0,3.0,3.0,4.0,5.0,3.0,0,0,1.75,0.75,0,0
2026-02-06 16:15:00,Tilapia,29.36,7.69,6.2,3.0,3.0,3.0,4.0,5.0,3.0,0,0,2.2,1.2000000000000002,0,0
2026-02-06 16:30:00,Tilapia,28.97,7.99,5.78,3.0,3.0,3.0,4.0,5.0,3.0,0,0,1.7800000000000002,0.7800000000000002,0,0
2026-02-06 16:45:00,Tilapia,29.29,7.89,6.16,3.0,3.0,3.0,4.0,5.0,3.0,0,0,2.16,1.1600000000000001,0,0
2026-02-06 17:00:00,Tilapia,29.11,8.11,6.09,3.0,3.0,3.0,4.0,5.0,3.0,0,0,2.09,1.0899999999999999,0,0
2026-02-06 17:15:00,Tilapia,28.81,7.87,5.74,3.0,3.0,3.0,4.0,5.0,3.0,0,0,1.7400000000000002,0.7400000000000002,0,0
2026-02-06 17:30:00,Tilapia,28.91,7.97,5.62,3.0,3.0,3.0,4.0,5.0,3.0,0,0,1.62,0.6200000000000001,0,0
2026-02-06 17:45:00,Tilapia,28.48,7.99,5.22,3.0,3.0,3.0,4.0,5.0,3.0,0,0,1.2199999999999998,0.21999999999999975,0,0
2026-02-06 18:00:00,Tilapia,28.68,7.86,5.44,3.0,3.0,3.0,4.0,5.0,3.0,0,0,1.4400000000000004,0.4400000000000004,0,0
2026-02-06 18:15:00,Tilapia,28.22,7.84,5.61,3.0,3.0,3.0,4.0,5.0,3.0,0,0,1.6100000000000003,0.6100000000000003,0,0
2026-02-06 18:30:00,Tilapia,27.96,7.77,5.11,3.0,3.0,3.0,4.0,5.0,3.0,0,0,1.1100000000000003,0.11000000000000032,0,0
2026-02-06 18:45:00,Tilapia,27.93,7.84,4.95,3.0,3.0,2.0,4.0,5.0,2.6666666666666665,0,1,0.9500000000000002,-0.04999999999999982,0,0
2026-02-06 19:00:00,Tilapia,27.88,7.97,4.86,3.0,3.0,2.0,4.0,5.0,2.6666666666666665,0,1,0.8600000000000003,-0.13999999999999968,0,0
2026-02-06 19:15:00,Tilapia,27.66,7.62,3.88,3.0,3.0,1.0,4.0,5.0,2.3333333333333335,1,0,-0.1200000000000001,-1.12,1,15
2026-02-06 19:30:00,Tilapia,27.89,7.77,4.64,3.0,3.0,2.0,4.0,5.0,2.6666666666666665,0,1,0.6399999999999997,-0.3600000000000003,0,0
2026-02-06 19:45:00,Tilapia,27.53,7.73,4.74,3.0,3.0,2.0,4.0,5.0,2.6666666666666665,0,1,0.7400000000000002,-0.2599999999999998,0,0
2026-02-06 20:00:00,Tilapia,27.45,7.55,3.42,3.0,3.0,1.0,4.0,5.0,2.3333333333333335,1,0,-0.5800000000000001,-1.58,1,15
2026-02-06 20:15:00,Tilapia,27.14,7.77,4.99,3.0,3.0,2.0,4.0,5.0,2.6666666666666665,0,1,0.9900000000000002,-0.009999999999999787,0,0
2026-02-06 20:30:00,Tilapia,27.27,7.66,4.9,3.0,3.0,2.0,4.0,5.0,2.6666666666666665,0,1,0.9000000000000004,-0.09999999999999964,0,0
2026-02-06 20:45:00,Tilapia,27.39,7.73,4.6,3.0,3.0,2.0,4.0,5.0,2.6666666666666665,0,1,0.5999999999999996,-0.40000000000000036,0,0
2026-02-06 21:00:00,Tilapia,27.63,7.61,4.28,3.0,3.0,2.0,4.0,5.0,2.6666666666666665,0,1,0.28000000000000025,-0.7199999999999998,0,0
2026-02-06 21:15:00,Tilapia,26.57,7.61,3.53,3.0,3.0,1.0,4.0,5.0,2.3333333333333335,1,0,-0.4700000000000002,-1.4700000000000002,1,15
2026-02-06 21:30:00,Tilapia,27.66,7.76,4.17,3.0,3.0,2.0,4.0,5.0,2.6666666666666665,0,1,0.16999999999999993,-0.8300000000000001,0,0
2026-02-06 21:45:00,Tilapia,26.38,7.46,2.93,3.0,3.0,1.0,4.0,5.0,2.3333333333333335,1,0,-1.0699999999999998,-2.07,1,15
2026-02-06 22:00:00,Tilapia,26.96,7.43,4.17,3.0,3.0,2.0,4.0,5.0,2.6666666666666665,0,1,0.16999999999999993,-0.8300000000000001,0,0
2026-02-06 22:15:00,Tilapia,27.6,7.7,4.1,3.0,3.0,2.0,4.0,5.0,2.6666666666666665,0,1,0.09999999999999964,-0.9000000000000004,0,0
2026-02-06 22:30:00,Tilapia,27.36,7.71,4.59,3.0,3.0,2.0,4.0,5.0,2.6666666666666665,0,1,0.5899999999999999,-0.41000000000000014,0,0
2026-02-06 22:45:00,Tilapia,27.17,7.81,4.22,3.0,3.0,2.0,4.0,5.0,2.6666666666666665,0,1,0.21999999999999975,-0.7800000000000002,0,0
2026-02-06 23:00:00,Tilapia,27.0,7.65,4.15,3.0,3.0,2.0,4.0,5.0,2.6666666666666665,0,1,0.15000000000000036,-0.8499999999999996,0,0
2026-02-06 23:15:00,Tilapia,27.09,7.71,3.91,3.0,3.0,1.0,4.0,5.0,2.3333333333333335,1,0,-0.08999999999999986,-1.0899999999999999,1,15
2026-02-06 23:30:00,Tilapia,27.4,7.45,3.62,3.0,3.0,1.0,4.0,5.0,2.3333333333333335,1,0,-0.3799999999999999,-1.38,2,30
2026-02-06 23:45:00,Tilapia,27.74,7.69,3.94,3.0,3.0,1.0,4.0,5.0,2.3333333333333335,1,0,-0.06000000000000005,-1.06,3,45
2026-02-07 00:00:00,Tilapia,27.59,7.5,3.2,3.0,3.0,1.0,4.0,5.0,2.3333333333333335,1,0,-0.7999999999999998,-1.7999999999999998,4,60
2026-02-07 00:15:00,Tilapia,27.37,7.67,3.7,3.0,3.0,1.0,4.0,5.0,2.3333333333333335,1,0,-0.2999999999999998,-1.2999999999999998,5,75
2026-02-07 00:30:00,Tilapia,27.6,7.49,4.2,3.0,3.0,2.0,4.0,5.0,2.6666666666666665,0,1,0.20000000000000018,-0.7999999999999998,0,0
2026-02-07 00:45:00,Tilapia,27.56,7.6,3.97,3.0,3.0,1.0,4.0,5.0,2.3333333333333335,1,0,-0.029999999999999805,-1.0299999999999998,1,15
2026-02-07 01:00:00,Tilapia,27.88,7.59,4.48,3.0,3.0,2.0,4.0,5.0,2.6666666666666665,0,1,0.4800000000000004,-0.5199999999999996,0,0
2026-02-07 01:15:00,Tilapia,27.55,7.65,3.95,3.0,3.0,1.0,4.0,5.0,2.3333333333333335,1,0,-0.04999999999999982,-1.0499999999999998,1,15
2026-02-07 01:30:00,Tilapia,27.77,7.66,4.53,3.0,3.0,2.0,4.0,5.0,2.6666666666666665,0,1,0.5300000000000002,-0.46999999999999975,0,0
2026-02-07 01:45:00,Tilapia,27.16,7.68,4.09,3.0,3.0,2.0,4.0,5.0,2.6666666666666665,0,1,0.08999999999999986,-0.9100000000000001,0,0
2026-02-07 02:00:00,Tilapia,27.8,8.0,4.33,3.0,3.0,2.0,4.0,5.0,2.6666666666666665,0,1,0.33000000000000007,-0.6699999999999999,0,0
2026-02-07 02:15:00,Tilapia,27.97,7.64,4.29,3.0,3.0,2.0,4.0,5.0,2.6666666666666665,0,1,0.29000000000000004,-0.71,0,0
2026-02-07 02:30:00,Tilapia,27.97,7.69,3.45,3.0,3.0,1.0,4.0,5.0,2.3333333333333335,1,0,-0.5499999999999998,-1.5499999999999998,1,15
2026-02-07 02:45:00,Tilapia,28.34,7.68,3.76,3.0,3.0,1.0,4.0,5.0,2.3333333333333335,1,0,-0.2400000000000002,-1.2400000000000002,2,30
2026-02-07 03:00:00,Tilapia,28.38,7.81,4.31,3.0,3.0,2.0,4.0,5.0,2.6666666666666665,0,1,0.3099999999999996,-0.6900000000000004,0,0
2026-02-07 03:15:00,Tilapia,28.32,7.71,4.18,3.0,3.0,2.0,4.0,5.0,2.6666666666666665,0,1,0.17999999999999972,-0.8200000000000003,0,0
2026-02-07 03:30:00,Tilapia,28.74,7.64,4.37,3.0,3.0,2.0,4.0,5.0,2.6666666666666665,0,1,0.3700000000000001,-0.6299999999999999,0,0
2026-02-07 03:45:00,Tilapia,28.48,7.77,4.34,3.0,3.0,2.0,4.0,5.0,2.6666666666666665,0,1,0.33999999999999986,-0.6600000000000001,0,0
2026-02-07 04:00:00,Tilapia,28.22,7.77,4.45,3.0,3.0,2.0,4.0,5.0,2.6666666666666665,0,1,0.4500000000000002,-0.5499999999999998,0,0
2026-02-07 04:15:00,Tilapia,28.52,7.67,4.21,3.0,3.0,2.0,4.0,5.0,2.6666666666666665,0,1,0.20999999999999996,-0.79,0,0
2026-02-07 04:30:00,Tilapia,28.6,7.67,4.63,3.0,3.0,2.0,4.0,5.0,2.6666666666666665,0,1,0.6299999999999999,-0.3700000000000001,0,0
2026-02-07 04:45:00,Tilapia,28.44,7.92,4.02,3.0,3.0,2.0,4.0,5.0,2.6666666666666665,0,1,0.019999999999999574,-0.9800000000000004,0,0
2026-02-07 05:00:00,Tilapia,28.69,7.82,4.24,3.0,3.0,2.0,4.0,5.0,2.6666666666666665,0,1,0.2400000000000002,-0.7599999999999998,0,0
2026-02-07 05:15:00,Tilapia,28.95,7.81,3.93,3.0,3.0,1.0,4.0,5.0,2.3333333333333335,1,0,-0.06999999999999984,-1.0699999999999998,1,15
2026-02-07 05:30:00,Tilapia,28.98,7.93,4.74,3.0,3.0,2.0,4.0,5.0,2.6666666666666665,0,1,0.7400000000000002,-0.2599999999999998,0,0
2026-02-07 05:45:00,Tilapia,29.02,7.79,4.92,3.0,3.0,2.0,4.0,5.0,2.6666666666666665,0,1,0.9199999999999999,-0.08000000000000007,0,0
2026-02-07 06:00:00,Tilapia,29.44,7.86,4.64,3.0,3.0,2.0,4.0,5.0,2.6666666666666665,0,1,0.6399999999999997,-0.3600000000000003,0,0
2026-02-07 06:15:00,Tilapia,29.16,7.74,4.8,3.0,3.0,2.0,4.0,5.0,2.6666666666666665,0,1,0.7999999999999998,-0.20000000000000018,0,0
2026-02-07 06:30:00,Tilapia,29.37,7.73,5.1,3.0,3.0,3.0,4.0,5.0,3.0,0,0,1.0999999999999996,0.09999999999999964,0,0
2026-02-07 06:45:00,Tilapia,29.41,7.64,4.82,3.0,3.0,2.0,4.0,5.0,2.6666666666666665,0,1,0.8200000000000003,-0.17999999999999972,0,0
2026-02-07 07:00:00,Tilapia,29.81,7.64,4.97,3.0,3.0,2.0,4.0,5.0,2.6666666666666665,0,1,0.9699999999999998,-0.03000000000000025,0,0
2026-02-07 07:15:00,Tilapia,29.76,7.85,5.74,3.0,3.0,3.0,4.0,5.0,3.0,0,0,1.7400000000000002,0.7400000000000002,0,0
2026-02-07 07:30:00,Tilapia,30.14,7.78,5.44,2.0,3.0,3.0,4.0,5.0,2.6666666666666665,0,0,1.4400000000000004,0.4400000000000004,0,0
2026-02-07 07:45:00,Tilapia,30.38,7.83,5.4,2.0,3.0,3.0,4.0,5.0,2.6666666666666665,0,0,1.4000000000000004,0.40000000000000036,0,0
2026-02-07 08:00:00,Tilapia,30.22,7.73,5.34,2.0,3.0,3.0,4.0,5.0,2.6666666666666665,0,0,1.3399999999999999,0.33999999999999986,0,0
2026-02-07 08:15:00,Tilapia,29.85,7.97,5.49,3.0,3.0,3.0,4.0,5.0,3.0,0,0,1.4900000000000002,0.4900000000000002,0,0
2026-02-07 08:30:00,Tilapia,30.37,7.72,5.57,2.0,3.0,3.0,4.0,5.0,2.6666666666666665,0,0,1.5700000000000003,0.5700000000000003,0,0
2026-02-07 08:45:00,Tilapia,29.95,7.79,5.79,3.0,3.0,3.0,4.0,5.0,3.0,0,0,1.79,0.79,0,0
2026-02-07 09:00:00,Tilapia,30.33,7.81,5.49,2.0,3.0,3.0,4.0,5.0,2.6666666666666665,0,0,1.4900000000000002,0.4900000000000002,0,0
2026-02-07 09:15:00,Tilapia,30.69,7.76,5.94,2.0,3.0,3.0,4.0,5.0,2.6666666666666665,0,0,1.9400000000000004,0.9400000000000004,0,0
2026-02-07 09:30:00,Tilapia,30.53,7.99,5.61,2.0,3.0,3.0,4.0,5.0,2.6666666666666665,0,0,1.6100000000000003,0.6100000000000003,0,0
2026-02-07 09:45:00,Tilapia,30.16,7.83,5.95,2.0,3.0,3.0,4.0,5.0,2.6666666666666665,0,0,1.9500000000000002,0.9500000000000002,0,0
2026-02-07 10:00:00,Tilapia,30.47,7.64,5.77,2.0,3.0,3.0,4.0,5.0,2.6666666666666665,0,0,1.7699999999999996,0.7699999999999996,0,0
2026-02-07 10:15:00,Tilapia,30.2,7.76,5.23,2.0,3.0,3.0,4.0,5.0,2.6666666666666665,0,0,1.2300000000000004,0.23000000000000043,0,0
2026-02-07 10:30:00,Tilapia,30.36,7.83,5.7,2.0,3.0,3.0,4.0,5.0,2.6666666666666665,0,0,1.7000000000000002,0.7000000000000002,0,0
2026-02-07 10:45:00,Tilapia,30.71,7.9,6.26,2.0,3.0,3.0,4.0,5.0,2.6666666666666665,0,0,2.26,1.2599999999999998,0,0
2026-02-07 11:00:00,Tilapia,30.55,7.84,6.31,2.0,3.0,3.0,4.0,5.0,2.6666666666666665,0,0,2.3099999999999996,1.3099999999999996,0,0
2026-02-07 11:15:00,Tilapia,30.69,8.07,6.02,2.0,3.0,3.0,4.0,5.0,2.6666666666666665,0,0,2.0199999999999996,1.0199999999999996,0,0
2026-02-07 11:30:00,Tilapia,30.28,7.91,6.27,2.0,3.0,3.0,4.0,5.0,2.6666666666666665,0,0,2.2699999999999996,1.2699999999999996,0,0
2026-02-07 11:45:00,Tilapia,30.07,7.96,6.17,2.0,3.0,3.0,4.0,5.0,2.6666666666666665,0,0,2.17,1.17,0,0
2026-02-07 12:00:00,Tilapia,30.85,7.89,6.31,2.0,3.0,3.0,4.0,5.0,2.6666666666666665,0,0,2.3099999999999996,1.3099999999999996,0,0
2026-02-07 12:15:00,Tilapia,30.6,7.76,6.22,2.0,3.0,3.0,4.0,5.0,2.6666666666666665,0,0,2.2199999999999998,1.2199999999999998,0,0
2026-02-07 12:30:00,Tilapia,30.27,7.91,6.5,2.0,3.0,3.0,4.0,5.0,2.6666666666666665,0,0,2.5,1.5,0,0
2026-02-07 12:45:00,Tilapia,30.57,7.78,6.35,2.0,3.0,3.0,4.0,5.0,2.6666666666666665,0,0,2.3499999999999996,1.3499999999999996,0,0
2026-02-07 13:00:00,Tilapia,29.81,7.93,6.55,3.0,3.0,3.0,4.0,5.0,3.0,0,0,2.55,1.5499999999999998,0,0
2026-02-07 13:15:00,Tilapia,29.91,7.89,6.35,3.0,3.0,3.0,4.0,5.0,3.0,0,0,2.3499999999999996,1.3499999999999996,0,0
2026-02-07 13:30:00,Tilapia,30.38,7.87,6.29,2.0,3.0,3.0,4.0,5.0,2.6666666666666665,0,0,2.29,1.29,0,0
2026-02-07 13:45:00,Tilapia,30.28,7.82,6.01,2.0,3.0,3.0,4.0,5.0,2.6666666666666665,0,0,2.01,1.0099999999999998,0,0
2026-02-07 14:00:00,Tilapia,29.49,7.92,6.35,3.0,3.0,3.0,4.0,5.0,3.0,0,0,2.3499999999999996,1.3499999999999996,0,0
2026-02-07 14:15:00,Tilapia,30.16,7.86,6.5,2.0,3.0,3.0,4.0,5.0,2.6666666666666665,0,0,2.5,1.5,0,0
2026-02-07 14:30:00,Tilapia,29.91,7.87,6.63,3.0,3.0,3.0,4.0,5.0,3.0,0,0,2.63,1.63,0,0
2026-02-07 14:45:00,Tilapia,29.56,7.98,6.15,3.0,3.0,3.0,4.0,5.0,3.0,0,0,2.1500000000000004,1.1500000000000004,0,0
2026-02-07 15:00:00,Tilapia,29.75,7.84,6.63,3.0,3.0,3.0,4.0,5.0,3.0,0,0,2.63,1.63,0,0
2026-02-07 15:15:00,Tilapia,29.27,7.86,6.25,3.0,3.0,3.0,4.0,5.0,3.0,0,0,2.25,1.25,0,0
2026-02-07 15:30:00,Tilapia,29.69,7.8,5.98,3.0,3.0,3.0,4.0,5.0,3.0,0,0,1.9800000000000004,0.9800000000000004,0,0
2026-02-07 15:45:00,Tilapia,29.29,7.67,5.95,3.0,3.0,3.0,4.0,5.0,3.0,0,0,1.9500000000000002,0.9500000000000002,0,0
2026-02-07 16:00:00,Tilapia,29.27,7.78,5.63,3.0,3.0,3.0,4.0,5.0,3.0,0,0,1.63,0.6299999999999999,0,0
2026-02-07 16:15:00,Tilapia,29.02,7.64,5.93,3.0,3.0,3.0,4.0,5.0,3.0,0,0,1.9299999999999997,0.9299999999999997,0,0
2026-02-07 16:30:00,Tilapia,29.43,7.96,6.25,3.0,3.0,3.0,4.0,5.0,3.0,0,0,2.25,1.25,0,0
2026-02-07 16:45:00,Tilapia,29.43,8.12,6.11,3.0,3.0,3.0,4.0,5.0,3.0,0,0,2.1100000000000003,1.1100000000000003,0,0
2026-02-07 17:00:00,Tilapia,28.96,7.8,6.09,3.0,3.0,3.0,4.0,5.0,3.0,0,0,2.09,1.0899999999999999,0,0
2026-02-07 17:15:00,Tilapia,28.89,7.79,5.68,3.0,3.0,3.0,4.0,5.0,3.0,0,0,1.6799999999999997,0.6799999999999997,0,0
2026-02-07 17:30:00,Tilapia,28.84,7.89,5.62,3.0,3.0,3.0,4.0,5.0,3.0,0,0,1.62,0.6200000000000001,0,0
2026-02-07 17:45:00,Tilapia,28.67,7.87,5.28,3.0,3.0,3.0,4.0,5.0,3.0,0,0,1.2800000000000002,0.28000000000000025,0,0
2026-02-07 18:00:00,Tilapia,28.49,7.63,5.33,3.0,3.0,3.0,4.0,5.0,3.0,0,0,1.33,0.33000000000000007,0,0
2026-02-07 18:15:00,Tilapia,28.55,7.88,5.46,3.0,3.0,3.0,4.0,5.0,3.0,0,0,1.46,0.45999999999999996,0,0
2026-02-07 18:30:00,Tilapia,27.82,7.62,4.21,3.0,3.0,2.0,4.0,5.0,2.6666666666666665,0,1,0.20999999999999996,-0.79,0,0
2026-02-07 18:45:00,Tilapia,27.45,7.48,3.76,3.0,3.0,1.0,4.0,5.0,2.3333333333333335,1,0,-0.2400000000000002,-1.2400000000000002,1,15
2026-02-07 19:00:00,Tilapia,27.4,7.5,4.04,3.0,3.0,2.0,4.0,5.0,2.6666666666666665,0,1,0.040000000000000036,-0.96,0,0
2026-02-07 19:15:00,Tilapia,27.3,7.49,3.37,3.0,3.0,1.0,4.0,5.0,2.3333333333333335,1,0,-0.6299999999999999,-1.63,1,15
2026-02-07 19:30:00,Tilapia,26.7,7.66,3.89,3.0,3.0,1.0,4.0,5.0,2.3333333333333335,1,0,-0.10999999999999988,-1.1099999999999999,2,30
2026-02-07 19:45:00,Tilapia,26.61,7.4,3.03,3.0,3.0,1.0,4.0,5.0,2.3333333333333335,1,0,-0.9700000000000002,-1.9700000000000002,3,45
2026-02-07 20:00:00,Tilapia,26.85,7.55,3.8,3.0,3.0,1.0,4.0,5.0,2.3333333333333335,1,0,-0.20000000000000018,-1.2000000000000002,4,60
2026-02-07 20:15:00,Tilapia,26.42,7.54,3.41,3.0,3.0,1.0,4.0,5.0,2.3333333333333335,1,0,-0.5899999999999999,-1.5899999999999999,5,75
2026-02-07 20:30:00,Tilapia,26.26,7.59,3.36,3.0,3.0,1.0,4.0,5.0,2.3333333333333335,1,0,-0.6400000000000001,-1.6400000000000001,6,90
2026-02-07 20:45:00,Tilapia,26.21,7.48,2.93,3.0,3.0,1.0,4.0,5.0,2.3333333333333335,1,0,-1.0699999999999998,-2.07,7,105
2026-02-07 21:00:00,Tilapia,26.37,7.43,3.14,3.0,3.0,1.0,4.0,5.0,2.3333333333333335,1,0,-0.8599999999999999,-1.8599999999999999,8,120
2026-02-07 21:15:00,Tilapia,26.47,7.62,3.2,3.0,3.0,1.0,4.0,5.0,2.3333333333333335,1,0,-0.7999999999999998,-1.7999999999999998,9,135
2026-02-07 21:30:00,Tilapia,27.09,7.6,3.8,3.0,3.0,1.0,4.0,5.0,2.3333333333333335,1,0,-0.20000000000000018,-1.2000000000000002,10,150
2026-02-07 21:45:00,Tilapia,26.58,7.75,3.49,3.0,3.0,1.0,4.0,5.0,2.3333333333333335,1,0,-0.5099999999999998,-1.5099999999999998,11,165
2026-02-07 22:00:00,Tilapia,26.86,7.57,3.43,3.0,3.0,1.0,4.0,5.0,2.3333333333333335,1,0,-0.5699999999999998,-1.5699999999999998,12,180
2026-02-07 22:15:00,Tilapia,27.33,7.53,3.52,3.0,3.0,1.0,4.0,5.0,2.3333333333333335,1,0,-0.48,-1.48,13,195
2026-02-07 22:30:00,Tilapia,25.9,7.45,2.84,3.0,3.0,1.0,4.0,5.0,2.3333333333333335,1,0,-1.1600000000000001,-2.16,14,210
2026-02-07 22:45:00,Tilapia,26.53,7.43,2.77,3.0,3.0,1.0,4.0,5.0,2.3333333333333335,1,0,-1.23,-2.23,15,225
2026-02-07 23:00:00,Tilapia,26.68,7.6,2.98,3.0,3.0,1.0,4.0,5.0,2.3333333333333335,1,0,-1.02,-2.02,16,240
2026-02-07 23:15:00,Tilapia,26.62,7.3,2.73,3.0,3.0,1.0,4.0,5.0,2.3333333333333335,1,0,-1.27,-2.27,17,255
2026-02-07 23:30:00,Tilapia,26.44,7.52,2.88,3.0,3.0,1.0,4.0,5.0,2.3333333333333335,1,0,-1.12,-2.12,18,270
2026-02-07 23:45:00,Tilapia,26.43,7.32,3.07,3.0,3.0,1.0,4.0,5.0,2.3333333333333335,1,0,-0.9300000000000002,-1.9300000000000002,19,285
2026-02-08 00:00:00,Tilapia,26.81,7.53,2.59,3.0,3.0,1.0,4.0,5.0,2.3333333333333335,1,0,-1.4100000000000001,-2.41,20,300
2026-02-08 00:15:00,Tilapia,26.73,7.49,2.92,3.0,3.0,1.0,4.0,5.0,2.3333333333333335,1,0,-1.08,-2.08,21,315
2026-02-08 00:30:00,Tilapia,27.25,7.67,3.45,3.0,3.0,1.0,4.0,5.0,2.3333333333333335,1,0,-0.5499999999999998,-1.5499999999999998,22,330
2026-02-08 00:45:00,Tilapia,26.7,7.33,2.79,3.0,3.0,1.0,4.0,5.0,2.3333333333333335,1,0,-1.21,-2.21,23,345
2026-02-08 01:00:00,Tilapia,26.76,7.51,3.21,3.0,3.0,1.0,4.0,5.0,2.3333333333333335,1,0,-0.79,-1.79,24,360
2026-02-08 01:15:00,Tilapia,26.79,7.59,2.62,3.0,3.0,1.0,4.0,5.0,2.3333333333333335,1,0,-1.38,-2.38,25,375
2026-02-08 01:30:00,Tilapia,27.52,7.62,3.52,3.0,3.0,1.0,4.0,5.0,2.3333333333333335,1,0,-0.48,-1.48,26,390
2026-02-08 01:45:00,Tilapia,27.21,7.65,3.89,3.0,3.0,1.0,4.0,5.0,2.3333333333333335,1,0,-0.10999999999999988,-1.1099999999999999,27,405
2026-02-08 02:00:00,Tilapia,26.82,7.38,2.57,3.0,3.0,1.0,4.0,5.0,2.3333333333333335,1,0,-1.4300000000000002,-2.43,28,420
2026-02-08 02:15:00,Tilapia,26.79,7.38,3.16,3.0,3.0,1.0,4.0,5.0,2.3333333333333335,1,0,-0.8399999999999999,-1.8399999999999999,29,435
2026-02-08 02:30:00,Tilapia,26.8,7.32,2.78,3.0,3.0,1.0,4.0,5.0,2.3333333333333335,1,0,-1.2200000000000002,-2.22,30,450
2026-02-08 02:45:00,Tilapia,27.37,7.69,2.84,3.0,3.0,1.0,4.0,5.0,2.3333333333333335,1,0,-1.1600000000000001,-2.16,31,465
2026-02-08 03:00:00,Tilapia,27.26,7.63,3.14,3.0,3.0,1.0,4.0,5.0,2.3333333333333335,1,0,-0.8599999999999999,-1.8599999999999999,32,480
2026-02-08 03:15:00,Tilapia,27.24,7.49,3.08,3.0,3.0,1.0,4.0,5.0,2.3333333333333335,1,0,-0.9199999999999999,-1.92,33,495
2026-02-08 03:30:00,Tilapia,27.58,7.54,3.72,3.0,3.0,1.0,4.0,5.0,2.3333333333333335,1,0,-0.2799999999999998,-1.2799999999999998,34,510
2026-02-08 03:45:00,Tilapia,27.51,7.35,2.9,3.0,3.0,1.0,4.0,5.0,2.3333333333333335,1,0,-1.1,-2.1,35,525
2026-02-08 04:00:00,Tilapia,27.72,7.41,3.61,3.0,3.0,1.0,4.0,5.0,2.3333333333333335,1,0,-0.3900000000000001,-1.3900000000000001,36,540
2026-02-08 04:15:00,Tilapia,27.63,7.71,3.57,3.0,3.0,1.0,4.0,5.0,2.3333333333333335,1,0,-0.43000000000000016,-1.4300000000000002,37,555
2026-02-08 04:30:00,Tilapia,27.93,7.72,4.07,3.0,3.0,2.0,4.0,5.0,2.6666666666666665,0,1,0.07000000000000028,-0.9299999999999997,0,0
2026-02-08 04:45:00,Tilapia,27.85,7.35,3.17,3.0,3.0,1.0,4.0,5.0,2.3333333333333335,1,0,-0.8300000000000001,-1.83,1,15
2026-02-08 05:00:00,Tilapia,27.9,7.37,3.53,3.0,3.0,1.0,4.0,5.0,2.3333333333333335,1,0,-0.4700000000000002,-1.4700000000000002,2,30
2026-02-08 05:15:00,Tilapia,28.53,7.38,3.27,3.0,3.0,1.0,4.0,5.0,2.3333333333333335,1,0,-0.73,-1.73,3,45
2026-02-08 05:30:00,Tilapia,28.06,7.44,3.89,3.0,3.0,1.0,4.0,5.0,2.3333333333333335,1,0,-0.10999999999999988,-1.1099999999999999,4,60
2026-02-08 05:45:00,Tilapia,28.55,7.55,3.21,3.0,3.0,1.0,4.0,5.0,2.3333333333333335,1,0,-0.79,-1.79,5,75
2026-02-08 06:00:00,Tilapia,28.44,7.56,3.78,3.0,3.0,1.0,4.0,5.0,2.3333333333333335,1,0,-0.2200000000000002,-1.2200000000000002,6,90
2026-02-08 06:15:00,Tilapia,28.19,7.44,3.76,3.0,3.0,1.0,4.0,5.0,2.3333333333333335,1,0,-0.2400000000000002,-1.2400000000000002,7,105
2026-02-08 06:30:00,Tilapia,28.66,7.67,4.18,3.0,3.0,2.0,4.0,5.0,2.6666666666666665,0,1,0.17999999999999972,-0.8200000000000003,0,0
2026-02-08 06:45:00,Tilapia,28.12,7.52,3.82,3.0,3.0,1.0,4.0,5.0,2.3333333333333335,1,0,-0.18000000000000016,-1.1800000000000002,1,15
2026-02-08 07:00:00,Tilapia,29.0,7.61,4.28,3.0,3.0,2.0,4.0,5.0,2.6666666666666665,0,1,0.28000000000000025,-0.7199999999999998,0,0
2026-02-08 07:15:00,Tilapia,28.84,7.5,3.99,3.0,3.0,1.0,4.0,5.0,2.3333333333333335,1,0,-0.009999999999999787,-1.0099999999999998,1,15
2026-02-08 07:30:00,Tilapia,29.41,7.72,4.38,3.0,3.0,2.0,4.0,5.0,2.6666666666666665,0,1,0.3799999999999999,-0.6200000000000001,0,0
2026-02-08 07:45:00,Tilapia,28.96,7.5,4.24,3.0,3.0,2.0,4.0,5.0,2.6666666666666665,0,1,0.2400000000000002,-0.7599999999999998,0,0
2026-02-08 08:00:00,Tilapia,28.84,7.56,4.19,3.0,3.0,2.0,4.0,5.0,2.6666666666666665,0,1,0.1900000000000004,-0.8099999999999996,0,0
2026-02-08 08:15:00,Tilapia,29.05,7.69,4.49,3.0,3.0,2.0,4.0,5.0,2.6666666666666665,0,1,0.4900000000000002,-0.5099999999999998,0,0
2026-02-08 08:30:00,Tilapia,29.48,7.69,4.86,3.0,3.0,2.0,4.0,5.0,2.6666666666666665,0,1,0.8600000000000003,-0.13999999999999968,0,0
2026-02-08 08:45:00,Tilapia,28.75,7.63,4.37,3.0,3.0,2.0,4.0,5.0,2.6666666666666665,0,1,0.3700000000000001,-0.6299999999999999,0,0
2026-02-08 09:00:00,Tilapia,29.51,7.69,4.35,3.0,3.0,2.0,4.0,5.0,2.6666666666666665,0,1,0.34999999999999964,-0.6500000000000004,0,0
2026-02-08 09:15:00,Tilapia,29.29,7.62,4.4,3.0,3.0,2.0,4.0,5.0,2.6666666666666665,0,1,0.40000000000000036,-0.5999999999999996,0,0
2026-02-08 09:30:00,Tilapia,29.24,7.45,4.61,3.0,3.0,2.0,4.0,5.0,2.6666666666666665,0,1,0.6100000000000003,-0.3899999999999997,0,0
2026-02-08 09:45:00,Tilapia,29.51,7.65,4.86,3.0,3.0,2.0,4.0,5.0,2.6666666666666665,0,1,0.8600000000000003,-0.13999999999999968,0,0
2026-02-08 10:00:00,Tilapia,29.61,7.82,4.21,3.0,3.0,2.0,4.0,5.0,2.6666666666666665,0,1,0.20999999999999996,-0.79,0,0
2026-02-08 10:15:00,Tilapia,30.21,7.48,5.09,2.0,3.0,3.0,4.0,5.0,2.6666666666666665,0,0,1.0899999999999999,0.08999999999999986,0,0
2026-02-08 10:30:00,Tilapia,29.43,7.54,4.43,3.0,3.0,2.0,4.0,5.0,2.6666666666666665,0,1,0.4299999999999997,-0.5700000000000003,0,0
2026-02-08 10:45:00,Tilapia,29.53,7.68,4.46,3.0,3.0,2.0,4.0,5.0,2.6666666666666665,0,1,0.45999999999999996,-0.54,0,0
2026-02-08 11:00:00,Tilapia,29.16,7.66,4.79,3.0,3.0,2.0,4.0,5.0,2.6666666666666665,0,1,0.79,-0.20999999999999996,0,0
2026-02-08 11:15:00,Tilapia,29.53,7.54,4.71,3.0,3.0,2.0,4.0,5.0,2.6666666666666665,0,1,0.71,-0.29000000000000004,0,0
2026-02-08 11:30:00,Tilapia,29.44,7.74,5.74,3.0,3.0,3.0,4.0,5.0,3.0,0,0,1.7400000000000002,0.7400000000000002,0,0
2026-02-08 11:45:00,Tilapia,29.57,7.63,5.39,3.0,3.0,3.0,4.0,5.0,3.0,0,0,1.3899999999999997,0.3899999999999997,0,0
2026-02-08 12:00:00,Tilapia,30.03,7.58,4.98,2.0,3.0,2.0,4.0,5.0,2.3333333333333335,0,1,0.9800000000000004,-0.019999999999999574,0,0
2026-02-08 12:15:00,Tilapia,29.5,7.59,5.14,3.0,3.0,3.0,4.0,5.0,3.0,0,0,1.1399999999999997,0.13999999999999968,0,0
2026-02-08 12:30:00,Tilapia,29.54,7.95,5.31,3.0,3.0,3.0,4.0,5.0,3.0,0,0,1.3099999999999996,0.3099999999999996,0,0
2026-02-08 12:45:00,Tilapia,29.29,7.68,5.4,3.0,3.0,3.0,4.0,5.0,3.0,0,0,1.4000000000000004,0.40000000000000036,0,0
2026-02-08 13:00:00,Tilapia,29.45,7.71,5.63,3.0,3.0,3.0,4.0,5.0,3.0,0,0,1.63,0.6299999999999999,0,0
2026-02-08 13:15:00,Tilapia,29.42,7.47,4.9,3.0,3.0,2.0,4.0,5.0,2.6666666666666665,0,1,0.9000000000000004,-0.09999999999999964,0,0
2026-02-08 13:30:00,Tilapia,29.27,7.79,5.08,3.0,3.0,3.0,4.0,5.0,3.0,0,0,1.08,0.08000000000000007,0,0
2026-02-08 13:45:00,Tilapia,29.77,7.72,6.05,3.0,3.0,3.0,4.0,5.0,3.0,0,0,2.05,1.0499999999999998,0,0
2026-02-08 14:00:00,Tilapia,29.26,7.82,5.37,3.0,3.0,3.0,4.0,5.0,3.0,0,0,1.37,0.3700000000000001,0,0
2026-02-08 14:15:00,Tilapia,29.96,7.75,5.75,3.0,3.0,3.0,4.0,5.0,3.0,0,0,1.75,0.75,0,0
2026-02-08 14:30:00,Tilapia,29.3,7.87,5.47,3.0,3.0,3.0,4.0,5.0,3.0,0,0,1.4699999999999998,0.46999999999999975,0,0
2026-02-08 14:45:00,Tilapia,28.97,7.6,5.22,3.0,3.0,3.0,4.0,5.0,3.0,0,0,1.2199999999999998,0.21999999999999975,0,0
2026-02-08 15:00:00,Tilapia,29.04,7.64,4.76,3.0,3.0,2.0,4.0,5.0,2.6666666666666665,0,1,0.7599999999999998,-0.2400000000000002,0,0
2026-02-08 15:15:00,Tilapia,28.65,7.7,4.75,3.0,3.0,2.0,4.0,5.0,2.6666666666666665,0,1,0.75,-0.25,0,0
2026-02-08 15:30:00,Tilapia,28.59,7.66,4.72,3.0,3.0,2.0,4.0,5.0,2.6666666666666665,0,1,0.7199999999999998,-0.28000000000000025,0,0
2026-02-08 15:45:00,Tilapia,28.86,7.7,5.2,3.0,3.0,3.0,4.0,5.0,3.0,0,0,1.2000000000000002,0.20000000000000018,0,0
2026-02-08 16:00:00,Tilapia,28.05,7.61,4.7,3.0,3.0,2.0,4.0,5.0,2.6666666666666665,0,1,0.7000000000000002,-0.2999999999999998,0,0
2026-02-08 16:15:00,Tilapia,28.84,7.6,5.21,3.0,3.0,3.0,4.0,5.0,3.0,0,0,1.21,0.20999999999999996,0,0
2026-02-08 16:30:00,Tilapia,28.24,7.48,4.53,3.0,3.0,2.0,4.0,5.0,2.6666666666666665,0,1,0.5300000000000002,-0.46999999999999975,0,0
2026-02-08 16:45:00,Tilapia,28.37,7.39,4.41,3.0,3.0,2.0,4.0,5.0,2.6666666666666665,0,1,0.41000000000000014,-0.5899999999999999,0,0
2026-02-08 17:00:00,Tilapia,28.03,7.6,4.32,3.0,3.0,2.0,4.0,5.0,2.6666666666666665,0,1,0.3200000000000003,-0.6799999999999997,0,0
2026-02-08 17:15:00,Tilapia,27.48,7.77,4.23,3.0,3.0,2.0,4.0,5.0,2.6666666666666665,0,1,0.23000000000000043,-0.7699999999999996,0,0
2026-02-08 17:30:00,Tilapia,27.83,7.6,4.67,3.0,3.0,2.0,4.0,5.0,2.6666666666666665,0,1,0.6699999999999999,-0.33000000000000007,0,0
2026-02-08 17:45:00,Tilapia,27.3,7.57,4.47,3.0,3.0,2.0,4.0,5.0,2.6666666666666665,0,1,0.46999999999999975,-0.5300000000000002,0,0
2026-02-08 18:00:00,Tilapia,27.55,7.66,3.82,3.0,3.0,1.0,4.0,5.0,2.3333333333333335,1,0,-0.18000000000000016,-1.1800000000000002,1,15
2026-02-08 18:15:00,Tilapia,27.34,7.56,3.97,3.0,3.0,1.0,4.0,5.0,2.3333333333333335,1,0,-0.029999999999999805,-1.0299999999999998,2,30
2026-02-08 18:30:00,Tilapia,27.38,7.44,3.98,3.0,3.0,1.0,4.0,5.0,2.3333333333333335,1,0,-0.020000000000000018,-1.02,3,45
2026-02-08 18:45:00,Tilapia,27.39,7.63,3.68,3.0,3.0,1.0,4.0,5.0,2.3333333333333335,1,0,-0.31999999999999984,-1.3199999999999998,4,60
2026-02-08 19:00:00,Tilapia,27.05,7.72,4.71,3.0,3.0,2.0,4.0,5.0,2.6666666666666665,0,1,0.71,-0.29000000000000004,0,0
2026-02-08 19:15:00,Tilapia,27.38,7.7,4.71,3.0,3.0,2.0,4.0,5.0,2.6666666666666665,0,1,0.71,-0.29000000000000004,0,0
2026-02-08 19:30:00,Tilapia,26.83,7.92,3.84,3.0,3.0,1.0,4.0,5.0,2.3333333333333335,1,0,-0.16000000000000014,-1.1600000000000001,1,15
2026-02-08 19:45:00,Tilapia,27.11,7.71,4.26,3.0,3.0,2.0,4.0,5.0,2.6666666666666665,0,1,0.2599999999999998,-0.7400000000000002,0,0
2026-02-08 20:00:00,Tilapia,26.66,7.41,3.29,3.0,3.0,1.0,4.0,5.0,2.3333333333333335,1,0,-0.71,-1.71,1,15
2026-02-08 20:15:00,Tilapia,27.24,7.68,4.21,3.0,3.0,2.0,4.0,5.0,2.6666666666666665,0,1,0.20999999999999996,-0.79,0,0
2026-02-08 20:30:00,Tilapia,27.0,7.74,3.32,3.0,3.0,1.0,4.0,5.0,2.3333333333333335,1,0,-0.6800000000000002,-1.6800000000000002,1,15
2026-02-08 20:45:00,Tilapia,26.79,7.58,3.98,3.0,3.0,1.0,4.0,5.0,2.3333333333333335,1,0,-0.020000000000000018,-1.02,2,30
2026-02-08 21:00:00,Tilapia,26.78,7.51,3.16,3.0,3.0,1.0,4.0,5.0,2.3333333333333335,1,0,-0.8399999999999999,-1.8399999999999999,3,45
2026-02-08 21:15:00,Tilapia,26.63,7.4,3.36,3.0,3.0,1.0,4.0,5.0,2.3333333333333335,1,0,-0.6400000000000001,-1.6400000000000001,4,60
2026-02-08 21:30:00,Tilapia,26.25,7.48,3.0,3.0,3.0,1.0,4.0,5.0,2.3333333333333335,1,0,-1.0,-2.0,5,75
2026-02-08 21:45:00,Tilapia,26.83,7.49,3.73,3.0,3.0,1.0,4.0,5.0,2.3333333333333335,1,0,-0.27,-1.27,6,90
2026-02-08 22:00:00,Tilapia,26.46,7.55,3.1,3.0,3.0,1.0,4.0,5.0,2.3333333333333335,1,0,-0.8999999999999999,-1.9,7,105
2026-02-08 22:15:00,Tilapia,26.68,7.39,2.79,3.0,3.0,1.0,4.0,5.0,2.3333333333333335,1,0,-1.21,-2.21,8,120
2026-02-08 22:30:00,Tilapia,26.71,7.74,3.12,3.0,3.0,1.0,4.0,5.0,2.3333333333333335,1,0,-0.8799999999999999,-1.88,9,135
2026-02-08 22:45:00,Tilapia,26.68,7.61,2.93,3.0,3.0,1.0,4.0,5.0,2.3333333333333335,1,0,-1.0699999999999998,-2.07,10,150
2026-02-08 23:00:00,Tilapia,26.89,7.57,3.72,3.0,3.0,1.0,4.0,5.0,2.3333333333333335,1,0,-0.2799999999999998,-1.2799999999999998,11,165
2026-02-08 23:15:00,Tilapia,26.82,7.4,3.69,3.0,3.0,1.0,4.0,5.0,2.3333333333333335,1,0,-0.31000000000000005,-1.31,12,180
2026-02-08 23:30:00,Tilapia,26.76,7.57,3.08,3.0,3.0,1.0,4.0,5.0,2.3333333333333335,1,0,-0.9199999999999999,-1.92,13,195
2026-02-08 23:45:00,Tilapia,26.21,7.38,2.78,3.0,3.0,1.0,4.0,5.0,2.3333333333333335,1,0,-1.2200000000000002,-2.22,14,210
2026-02-09 00:00:00,Tilapia,26.43,7.22,2.84,3.0,3.0,1.0,4.0,5.0,2.3333333333333335,1,0,-1.1600000000000001,-2.16,15,225
2026-02-09 00:15:00,Tilapia,26.7,7.18,2.78,3.0,3.0,1.0,4.0,5.0,2.3333333333333335,1,0,-1.2200000000000002,-2.22,16,240
2026-02-09 00:30:00,Tilapia,26.86,7.36,2.67,3.0,3.0,1.0,4.0,5.0,2.3333333333333335,1,0,-1.33,-2.33,17,255
2026-02-09 00:45:00,Tilapia,26.83,7.52,3.1,3.0,3.0,1.0,4.0,5.0,2.3333333333333335,1,0,-0.8999999999999999,-1.9,18,270
2026-02-09 01:00:00,Tilapia,26.74,7.61,2.73,3.0,3.0,1.0,4.0,5.0,2.3333333333333335,1,0,-1.27,-2.27,19,285
2026-02-09 01:15:00,Tilapia,26.25,7.46,2.0,3.0,3.0,1.0,4.0,5.0,2.3333333333333335,1,0,-2.0,-3.0,20,300
2026-02-09 01:30:00,Tilapia,26.46,7.53,2.95,3.0,3.0,1.0,4.0,5.0,2.3333333333333335,1,0,-1.0499999999999998,-2.05,21,315
2026-02-09 01:45:00,Tilapia,27.09,7.51,3.16,3.0,3.0,1.0,4.0,5.0,2.3333333333333335,1,0,-0.8399999999999999,-1.8399999999999999,22,330
2026-02-09 02:00:00,Tilapia,26.48,7.5,2.61,3.0,3.0,1.0,4.0,5.0,2.3333333333333335,1,0,-1.3900000000000001,-2.39,23,345
2026-02-09 02:15:00,Tilapia,27.06,7.27,2.59,3.0,3.0,1.0,4.0,5.0,2.3333333333333335,1,0,-1.4100000000000001,-2.41,24,360
2026-02-09 02:30:00,Tilapia,27.39,7.38,2.79,3.0,3.0,1.0,4.0,5.0,2.3333333333333335,1,0,-1.21,-2.21,25,375
2026-02-09 02:45:00,Tilapia,28.33,7.65,3.87,3.0,3.0,1.0,4.0,5.0,2.3333333333333335,1,0,-0.1299999999999999,-1.13,26,390
2026-02-09 03:00:00,Tilapia,28.52,7.79,4.29,3.0,3.0,2.0,4.0,5.0,2.6666666666666665,0,1,0.29000000000000004,-0.71,0,0
2026-02-09 03:15:00,Tilapia,28.22,7.67,4.51,3.0,3.0,2.0,4.0,5.0,2.6666666666666665,0,1,0.5099999999999998,-0.4900000000000002,0,0
2026-02-09 03:30:00,Tilapia,28.54,7.76,4.56,3.0,3.0,2.0,4.0,5.0,2.6666666666666665,0,1,0.5599999999999996,-0.4400000000000004,0,0
2026-02-09 03:45:00,Tilapia,28.29,7.63,3.97,3.0,3.0,1.0,4.0,5.0,2.3333333333333335,1,0,-0.029999999999999805,-1.0299999999999998,1,15
2026-02-09 04:00:00,Tilapia,28.25,7.64,3.96,3.0,3.0,1.0,4.0,5.0,2.3333333333333335,1,0,-0.040000000000000036,-1.04,2,30
2026-02-09 04:15:00,Tilapia,28.67,7.57,4.84,3.0,3.0,2.0,4.0,5.0,2.6666666666666665,0,1,0.8399999999999999,-0.16000000000000014,0,0
2026-02-09 04:30:00,Tilapia,28.29,7.71,4.66,3.0,3.0,2.0,4.0,5.0,2.6666666666666665,0,1,0.6600000000000001,-0.33999999999999986,0,0
2026-02-09 04:45:00,Tilapia,29.08,7.66,4.31,3.0,3.0,2.0,4.0,5.0,2.6666666666666665,0,1,0.3099999999999996,-0.6900000000000004,0,0
2026-02-09 05:00:00,Tilapia,29.07,7.96,4.13,3.0,3.0,2.0,4.0,5.0,2.6666666666666665,0,1,0.1299999999999999,-0.8700000000000001,0,0
2026-02-09 05:15:00,Tilapia,29.03,7.82,4.56,3.0,3.0,2.0,4.0,5.0,2.6666666666666665,0,1,0.5599999999999996,-0.4400000000000004,0,0
2026-02-09 05:30:00,Tilapia,29.0,7.89,4.73,3.0,3.0,2.0,4.0,5.0,2.6666666666666665,0,1,0.7300000000000004,-0.2699999999999996,0,0
2026-02-09 05:45:00,Tilapia,29.42,7.67,4.8,3.0,3.0,2.0,4.0,5.0,2.6666666666666665,0,1,0.7999999999999998,-0.20000000000000018,0,0
2026-02-09 06:00:00,Tilapia,29.22,7.66,4.95,3.0,3.0,2.0,4.0,5.0,2.6666666666666665,0,1,0.9500000000000002,-0.04999999999999982,0,0
2026-02-09 06:15:00,Tilapia,29.46,7.77,5.5,3.0,3.0,3.0,4.0,5.0,3.0,0,0,1.5,0.5,0,0
2026-02-09 06:30:00,Tilapia,29.73,7.82,4.9,3.0,3.0,2.0,4.0,5.0,2.6666666666666665,0,1,0.9000000000000004,-0.09999999999999964,0,0
2026-02-09 06:45:00,Tilapia,29.78,7.84,5.12,3.0,3.0,3.0,4.0,5.0,3.0,0,0,1.12,0.1200000000000001,0,0
2026-02-09 07:00:00,Tilapia,29.28,7.63,5.38,3.0,3.0,3.0,4.0,5.0,3.0,0,0,1.38,0.3799999999999999,0,0
2026-02-09 07:15:00,Tilapia,30.02,7.82,5.15,2.0,3.0,3.0,4.0,5.0,2.6666666666666665,0,0,1.1500000000000004,0.15000000000000036,0,0
2026-02-09 07:30:00,Tilapia,30.05,7.79,5.68,2.0,3.0,3.0,4.0,5.0,2.6666666666666665,0,0,1.6799999999999997,0.6799999999999997,0,0
2026-02-09 07:45:00,Tilapia,29.73,7.81,5.51,3.0,3.0,3.0,4.0,5.0,3.0,0,0,1.5099999999999998,0.5099999999999998,0,0
2026-02-09 08:00:00,Tilapia,29.99,7.55,4.98,3.0,3.0,2.0,4.0,5.0,2.6666666666666665,0,1,0.9800000000000004,-0.019999999999999574,0,0
2026-02-09 08:15:00,Tilapia,30.29,7.92,5.06,2.0,3.0,3.0,4.0,5.0,2.6666666666666665,0,0,1.0599999999999996,0.05999999999999961,0,0
2026-02-09 08:30:00,Tilapia,30.58,8.02,5.43,2.0,3.0,3.0,4.0,5.0,2.6666666666666665,0,0,1.4299999999999997,0.4299999999999997,0,0
2026-02-09 08:45:00,Tilapia,30.25,7.64,5.6,2.0,3.0,3.0,4.0,5.0,2.6666666666666665,0,0,1.5999999999999996,0.5999999999999996,0,0
2026-02-09 09:00:00,Tilapia,30.18,7.65,5.57,2.0,3.0,3.0,4.0,5.0,2.6666666666666665,0,0,1.5700000000000003,0.5700000000000003,0,0
2026-02-09 09:15:00,Tilapia,30.52,7.76,5.72,2.0,3.0,3.0,4.0,5.0,2.6666666666666665,0,0,1.7199999999999998,0.7199999999999998,0,0
2026-02-09 09:30:00,Tilapia,30.47,7.83,5.7,2.0,3.0,3.0,4.0,5.0,2.6666666666666665,0,0,1.7000000000000002,0.7000000000000002,0,0
2026-02-09 09:45:00,Tilapia,30.64,7.98,5.84,2.0,3.0,3.0,4.0,5.0,2.6666666666666665,0,0,1.8399999999999999,0.8399999999999999,0,0
2026-02-09 10:00:00,Tilapia,30.43,7.8,5.63,2.0,3.0,3.0,4.0,5.0,2.6666666666666665,0,0,1.63,0.6299999999999999,0,0
2026-02-09 10:15:00,Tilapia,30.51,7.8,5.92,2.0,3.0,3.0,4.0,5.0,2.6666666666666665,0,0,1.92,0.9199999999999999,0,0
2026-02-09 10:30:00,Tilapia,30.45,7.83,5.82,2.0,3.0,3.0,4.0,5.0,2.6666666666666665,0,0,1.8200000000000003,0.8200000000000003,0,0
2026-02-09 10:45:00,Tilapia,30.4,8.06,6.17,2.0,3.0,3.0,4.0,5.0,2.6666666666666665,0,0,2.17,1.17,0,0
2026-02-09 11:00:00,Tilapia,30.58,7.9,6.32,2.0,3.0,3.0,4.0,5.0,2.6666666666666665,0,0,2.3200000000000003,1.3200000000000003,0,0
2026-02-09 11:15:00,Tilapia,30.88,7.79,6.23,2.0,3.0,3.0,4.0,5.0,2.6666666666666665,0,0,2.2300000000000004,1.2300000000000004,0,0
2026-02-09 11:30:00,Tilapia,30.55,7.85,6.01,2.0,3.0,3.0,4.0,5.0,2.6666666666666665,0,0,2.01,1.0099999999999998,0,0
2026-02-09 11:45:00,Tilapia,30.05,7.99,6.02,2.0,3.0,3.0,4.0,5.0,2.6666666666666665,0,0,2.0199999999999996,1.0199999999999996,0,0
2026-02-09 12:00:00,Tilapia,30.24,7.75,6.06,2.0,3.0,3.0,4.0,5.0,2.6666666666666665,0,0,2.0599999999999996,1.0599999999999996,0,0
2026-02-09 12:15:00,Tilapia,30.55,7.69,5.95,2.0,3.0,3.0,4.0,5.0,2.6666666666666665,0,0,1.9500000000000002,0.9500000000000002,0,0
2026-02-09 12:30:00,Tilapia,30.56,7.81,6.25,2.0,3.0,3.0,4.0,5.0,2.6666666666666665,0,0,2.25,1.25,0,0
2026-02-09 12:45:00,Tilapia,29.13,7.67,5.46,3.0,3.0,3.0,4.0,5.0,3.0,0,0,1.46,0.45999999999999996,0,0
2026-02-09 13:00:00,Tilapia,29.73,7.63,5.83,3.0,3.0,3.0,4.0,5.0,3.0,0,0,1.83,0.8300000000000001,0,0
2026-02-09 13:15:00,Tilapia,30.43,8.0,6.37,2.0,3.0,3.0,4.0,5.0,2.6666666666666665,0,0,2.37,1.37,0,0
2026-02-09 13:30:00,Tilapia,29.63,7.79,5.97,3.0,3.0,3.0,4.0,5.0,3.0,0,0,1.9699999999999998,0.9699999999999998,0,0
2026-02-09 13:45:00,Tilapia,29.45,8.04,6.32,3.0,3.0,3.0,4.0,5.0,3.0,0,0,2.3200000000000003,1.3200000000000003,0,0
2026-02-09 14:00:00,Tilapia,29.79,8.03,5.79,3.0,3.0,3.0,4.0,5.0,3.0,0,0,1.79,0.79,0,0
2026-02-09 14:15:00,Tilapia,29.84,7.87,5.89,3.0,3.0,3.0,4.0,5.0,3.0,0,0,1.8899999999999997,0.8899999999999997,0,0
2026-02-09 14:30:00,Tilapia,30.02,7.86,6.46,2.0,3.0,3.0,4.0,5.0,2.6666666666666665,0,0,2.46,1.46,0,0
2026-02-09 14:45:00,Tilapia,29.69,7.93,6.26,3.0,3.0,3.0,4.0,5.0,3.0,0,0,2.26,1.2599999999999998,0,0
2026-02-09 15:00:00,Tilapia,29.25,7.81,6.06,3.0,3.0,3.0,4.0,5.0,3.0,0,0,2.0599999999999996,1.0599999999999996,0,0
2026-02-09 15:15:00,Tilapia,29.9,7.94,5.93,3.0,3.0,3.0,4.0,5.0,3.0,0,0,1.9299999999999997,0.9299999999999997,0,0
2026-02-09 15:30:00,Tilapia,29.58,7.92,6.21,3.0,3.0,3.0,4.0,5.0,3.0,0,0,2.21,1.21,0,0
2026-02-09 15:45:00,Tilapia,29.49,7.81,6.07,3.0,3.0,3.0,4.0,5.0,3.0,0,0,2.0700000000000003,1.0700000000000003,0,0
2026-02-09 16:00:00,Tilapia,29.43,7.9,5.99,3.0,3.0,3.0,4.0,5.0,3.0,0,0,1.9900000000000002,0.9900000000000002,0,0
2026-02-09 16:15:00,Tilapia,29.53,8.02,6.07,3.0,3.0,3.0,4.0,5.0,3.0,0,0,2.0700000000000003,1.0700000000000003,0,0
2026-02-09 16:30:00,Tilapia,29.04,7.83,5.75,3.0,3.0,3.0,4.0,5.0,3.0,0,0,1.75,0.75,0,0
2026-02-09 16:45:00,Tilapia,28.83,7.89,6.02,3.0,3.0,3.0,4.0,5.0,3.0,0,0,2.0199999999999996,1.0199999999999996,0,0
2026-02-09 17:00:00,Tilapia,28.57,7.88,6.18,3.0,3.0,3.0,4.0,5.0,3.0,0,0,2.1799999999999997,1.1799999999999997,0,0
2026-02-09 17:15:00,Tilapia,29.14,7.89,5.58,3.0,3.0,3.0,4.0,5.0,3.0,0,0,1.58,0.5800000000000001,0,0
2026-02-09 17:30:00,Tilapia,27.94,7.77,5.53,3.0,3.0,3.0,4.0,5.0,3.0,0,0,1.5300000000000002,0.5300000000000002,0,0
2026-02-09 17:45:00,Tilapia,28.7,7.99,5.52,3.0,3.0,3.0,4.0,5.0,3.0,0,0,1.5199999999999996,0.5199999999999996,0,0
2026-02-09 18:00:00,Tilapia,28.28,7.74,5.23,3.0,3.0,3.0,4.0,5.0,3.0,0,0,1.2300000000000004,0.23000000000000043,0,0
2026-02-09 18:15:00,Tilapia,28.69,7.82,4.88,3.0,3.0,2.0,4.0,5.0,2.6666666666666665,0,1,0.8799999999999999,-0.1200000000000001,0,0
2026-02-09 18:30:00,Tilapia,28.13,7.96,5.08,3.0,3.0,3.0,4.0,5.0,3.0,0,0,1.08,0.08000000000000007,0,0
2026-02-09 18:45:00,Tilapia,27.12,7.52,4.25,3.0,3.0,2.0,4.0,5.0,2.6666666666666665,0,1,0.25,-0.75,0,0
2026-02-09 19:00:00,Tilapia,27.86,7.69,4.92,3.0,3.0,2.0,4.0,5.0,2.6666666666666665,0,1,0.9199999999999999,-0.08000000000000007,0,0
2026-02-09 19:15:00,Tilapia,27.47,7.8,4.33,3.0,3.0,2.0,4.0,5.0,2.6666666666666665,0,1,0.33000000000000007,-0.6699999999999999,0,0
2026-02-09 19:30:00,Tilapia,27.86,7.9,5.21,3.0,3.0,3.0,4.0,5.0,3.0,0,0,1.21,0.20999999999999996,0,0
2026-02-09 19:45:00,Tilapia,27.75,7.64,4.48,3.0,3.0,2.0,4.0,5.0,2.6666666666666665,0,1,0.4800000000000004,-0.5199999999999996,0,0
2026-02-09 20:00:00,Tilapia,27.65,7.68,4.05,3.0,3.0,2.0,4.0,5.0,2.6666666666666665,0,1,0.04999999999999982,-0.9500000000000002,0,0
2026-02-09 20:15:00,Tilapia,27.34,7.73,4.62,3.0,3.0,2.0,4.0,5.0,2.6666666666666665,0,1,0.6200000000000001,-0.3799999999999999,0,0
2026-02-09 20:30:00,Tilapia,26.64,7.23,3.1,3.0,3.0,1.0,4.0,5.0,2.3333333333333335,1,0,-0.8999999999999999,-1.9,1,15
2026-02-09 20:45:00,Tilapia,27.53,7.56,4.17,3.0,3.0,2.0,4.0,5.0,2.6666666666666665,0,1,0.16999999999999993,-0.8300000000000001,0,0
2026-02-09 21:00:00,Tilapia,27.15,7.7,4.24,3.0,3.0,2.0,4.0,5.0,2.6666666666666665,0,1,0.2400000000000002,-0.7599999999999998,0,0
2026-02-09 21:15:00,Tilapia,27.39,7.75,3.99,3.0,3.0,1.0,4.0,5.0,2.3333333333333335,1,0,-0.009999999999999787,-1.0099999999999998,1,15
2026-02-09 21:30:00,Tilapia,27.05,7.66,4.2,3.0,3.0,2.0,4.0,5.0,2.6666666666666665,0,1,0.20000000000000018,-0.7999999999999998,0,0
2026-02-09 21:45:00,Tilapia,27.93,7.76,4.59,3.0,3.0,2.0,4.0,5.0,2.6666666666666665,0,1,0.5899999999999999,-0.41000000000000014,0,0
2026-02-09 22:00:00,Tilapia,27.45,7.68,4.27,3.0,3.0,2.0,4.0,5.0,2.6666666666666665,0,1,0.2699999999999996,-0.7300000000000004,0,0
2026-02-09 22:15:00,Tilapia,26.97,7.52,3.59,3.0,3.0,1.0,4.0,5.0,2.3333333333333335,1,0,-0.41000000000000014,-1.4100000000000001,1,15
2026-02-09 22:30:00,Tilapia,26.4,7.57,3.42,3.0,3.0,1.0,4.0,5.0,2.3333333333333335,1,0,-0.5800000000000001,-1.58,2,30
2026-02-09 22:45:00,Tilapia,26.04,7.35,2.59,3.0,3.0,1.0,4.0,5.0,2.3333333333333335,1,0,-1.4100000000000001,-2.41,3,45
2026-02-09 23:00:00,Tilapia,27.08,7.5,3.57,3.0,3.0,1.0,4.0,5.0,2.3333333333333335,1,0,-0.43000000000000016,-1.4300000000000002,4,60
2026-02-09 23:15:00,Tilapia,26.62,7.51,2.99,3.0,3.0,1.0,4.0,5.0,2.3333333333333335,1,0,-1.0099999999999998,-2.01,5,75
2026-02-09 23:30:00,Tilapia,27.5,7.7,4.44,3.0,3.0,2.0,4.0,5.0,2.6666666666666665,0,1,0.4400000000000004,-0.5599999999999996,0,0
2026-02-09 23:45:00,Tilapia,26.95,7.59,3.89,3.0,3.0,1.0,4.0,5.0,2.3333333333333335,1,0,-0.10999999999999988,-1.1099999999999999,1,15
2026-02-10 00:00:00,Tilapia,27.12,7.63,3.54,3.0,3.0,1.0,4.0,5.0,2.3333333333333335,1,0,-0.45999999999999996,-1.46,2,30
2026-02-10 00:15:00,Tilapia,27.32,7.58,3.3,3.0,3.0,1.0,4.0,5.0,2.3333333333333335,1,0,-0.7000000000000002,-1.7000000000000002,3,45
2026-02-10 00:30:00,Tilapia,27.83,7.81,4.04,3.0,3.0,2.0,4.0,5.0,2.6666666666666665,0,1,0.040000000000000036,-0.96,0,0
2026-02-10 00:45:00,Tilapia,27.37,7.6,3.17,3.0,3.0,1.0,4.0,5.0,2.3333333333333335,1,0,-0.8300000000000001,-1.83,1,15
2026-02-10 01:00:00,Tilapia,27.17,7.69,4.11,3.0,3.0,2.0,4.0,5.0,2.6666666666666665,0,1,0.11000000000000032,-0.8899999999999997,0,0
2026-02-10 01:15:00,Tilapia,27.06,7.58,4.02,3.0,3.0,2.0,4.0,5.0,2.6666666666666665,0,1,0.019999999999999574,-0.9800000000000004,0,0
2026-02-10 01:30:00,Tilapia,27.2,7.55,3.93,3.0,3.0,1.0,4.0,5.0,2.3333333333333335,1,0,-0.06999999999999984,-1.0699999999999998,1,15
2026-02-10 01:45:00,Tilapia,27.88,7.68,4.27,3.0,3.0,2.0,4.0,5.0,2.6666666666666665,0,1,0.2699999999999996,-0.7300000000000004,0,0
2026-02-10 02:00:00,Tilapia,27.43,7.83,3.69,3.0,3.0,1.0,4.0,5.0,2.3333333333333335,1,0,-0.31000000000000005,-1.31,1,15
2026-02-10 02:15:00,Tilapia,27.8,7.55,3.66,3.0,3.0,1.0,4.0,5.0,2.3333333333333335,1,0,-0.33999999999999986,-1.3399999999999999,2,30
2026-02-10 02:30:00,Tilapia,27.63,7.64,3.68,3.0,3.0,1.0,4.0,5.0,2.3333333333333335,1,0,-0.31999999999999984,-1.3199999999999998,3,45
2026-02-10 02:45:00,Tilapia,28.78,7.68,4.02,3.0,3.0,2.0,4.0,5.0,2.6666666666666665,0,1,0.019999999999999574,-0.9800000000000004,0,0
2026-02-10 03:00:00,Tilapia,28.18,7.65,4.14,3.0,3.0,2.0,4.0,5.0,2.6666666666666665,0,1,0.13999999999999968,-0.8600000000000003,0,0
2026-02-10 03:15:00,Tilapia,28.14,7.72,4.07,3.0,3.0,2.0,4.0,5.0,2.6666666666666665,0,1,0.07000000000000028,-0.9299999999999997,0,0
2026-02-10 03:30:00,Tilapia,28.77,7.89,4.12,3.0,3.0,2.0,4.0,5.0,2.6666666666666665,0,1,0.1200000000000001,-0.8799999999999999,0,0
2026-02-10 03:45:00,Tilapia,27.97,7.99,4.11,3.0,3.0,2.0,4.0,5.0,2.6666666666666665,0,1,0.11000000000000032,-0.8899999999999997,0,0
2026-02-10 04:00:00,Tilapia,28.7,7.78,3.79,3.0,3.0,1.0,4.0,5.0,2.3333333333333335,1,0,-0.20999999999999996,-1.21,1,15
2026-02-10 04:15:00,Tilapia,28.7,7.55,4.66,3.0,3.0,2.0,4.0,5.0,2.6666666666666665,0,1,0.6600000000000001,-0.33999999999999986,0,0
2026-02-10 04:30:00,Tilapia,28.71,7.78,4.22,3.0,3.0,2.0,4.0,5.0,2.6666666666666665,0,1,0.21999999999999975,-0.7800000000000002,0,0
2026-02-10 04:45:00,Tilapia,28.69,7.6,4.53,3.0,3.0,2.0,4.0,5.0,2.6666666666666665,0,1,0.5300000000000002,-0.46999999999999975,0,0
2026-02-10 05:00:00,Tilapia,28.76,7.67,4.5,3.0,3.0,2.0,4.0,5.0,2.6666666666666665,0,1,0.5,-0.5,0,0
2026-02-10 05:15:00,Tilapia,28.97,7.63,4.93,3.0,3.0,2.0,4.0,5.0,2.6666666666666665,0,1,0.9299999999999997,-0.07000000000000028,0,0
2026-02-10 05:30:00,Tilapia,29.09,7.76,4.8,3.0,3.0,2.0,4.0,5.0,2.6666666666666665,0,1,0.7999999999999998,-0.20000000000000018,0,0
2026-02-10 05:45:00,Tilapia,29.03,7.85,4.8,3.0,3.0,2.0,4.0,5.0,2.6666666666666665,0,1,0.7999999999999998,-0.20000000000000018,0,0
2026-02-10 06:00:00,Tilapia,29.68,7.71,4.56,3.0,3.0,2.0,4.0,5.0,2.6666666666666665,0,1,0.5599999999999996,-0.4400000000000004,0,0
2026-02-10 06:15:00,Tilapia,29.51,7.56,4.93,3.0,3.0,2.0,4.0,5.0,2.6666666666666665,0,1,0.9299999999999997,-0.07000000000000028,0,0
2026-02-10 06:30:00,Tilapia,29.91,7.72,5.09,3.0,3.0,3.0,4.0,5.0,3.0,0,0,1.0899999999999999,0.08999999999999986,0,0
2026-02-10 06:45:00,Tilapia,29.68,7.7,4.67,3.0,3.0,2.0,4.0,5.0,2.6666666666666665,0,1,0.6699999999999999,-0.33000000000000007,0,0
2026-02-10 07:00:00,Tilapia,29.23,7.6,5.38,3.0,3.0,3.0,4.0,5.0,3.0,0,0,1.38,0.3799999999999999,0,0
2026-02-10 07:15:00,Tilapia,30.26,7.83,5.26,2.0,3.0,3.0,4.0,5.0,2.6666666666666665,0,0,1.2599999999999998,0.2599999999999998,0,0
2026-02-10 07:30:00,Tilapia,30.27,7.77,5.15,2.0,3.0,3.0,4.0,5.0,2.6666666666666665,0,0,1.1500000000000004,0.15000000000000036,0,0
2026-02-10 07:45:00,Tilapia,30.24,7.74,5.34,2.0,3.0,3.0,4.0,5.0,2.6666666666666665,0,0,1.3399999999999999,0.33999999999999986,0,0
2026-02-10 08:00:00,Tilapia,29.63,7.86,5.7,3.0,3.0,3.0,4.0,5.0,3.0,0,0,1.7000000000000002,0.7000000000000002,0,0
2026-02-10 08:15:00,Tilapia,30.27,7.82,5.65,2.0,3.0,3.0,4.0,5.0,2.6666666666666665,0,0,1.6500000000000004,0.6500000000000004,0,0
2026-02-10 08:30:00,Tilapia,30.02,7.66,5.85,2.0,3.0,3.0,4.0,5.0,2.6666666666666665,0,0,1.8499999999999996,0.8499999999999996,0,0
2026-02-10 08:45:00,Tilapia,30.01,7.83,5.79,2.0,3.0,3.0,4.0,5.0,2.6666666666666665,0,0,1.79,0.79,0,0
2026-02-10 09:00:00,Tilapia,30.22,7.71,5.62,2.0,3.0,3.0,4.0,5.0,2.6666666666666665,0,0,1.62,0.6200000000000001,0,0
2026-02-10 09:15:00,Tilapia,30.51,7.68,5.8,2.0,3.0,3.0,4.0,5.0,2.6666666666666665,0,0,1.7999999999999998,0.7999999999999998,0,0
2026-02-10 09:30:00,Tilapia,30.44,7.94,5.81,2.0,3.0,3.0,4.0,5.0,2.6666666666666665,0,0,1.8099999999999996,0.8099999999999996,0,0
2026-02-10 09:45:00,Tilapia,30.83,7.68,5.9,2.0,3.0,3.0,4.0,5.0,2.6666666666666665,0,0,1.9000000000000004,0.9000000000000004,0,0
2026-02-10 10:00:00,Tilapia,30.51,7.72,6.05,2.0,3.0,3.0,4.0,5.0,2.6666666666666665,0,0,2.05,1.0499999999999998,0,0
2026-02-10 10:15:00,Tilapia,30.91,7.93,5.8,2.0,3.0,3.0,4.0,5.0,2.6666666666666665,0,0,1.7999999999999998,0.7999999999999998,0,0
2026-02-10 10:30:00,Tilapia,30.1,7.99,6.33,2.0,3.0,3.0,4.0,5.0,2.6666666666666665,0,0,2.33,1.33,0,0
2026-02-10 10:45:00,Tilapia,30.41,8.02,5.98,2.0,3.0,3.0,4.0,5.0,2.6666666666666665,0,0,1.9800000000000004,0.9800000000000004,0,0
2026-02-10 11:00:00,Tilapia,30.03,7.85,6.12,2.0,3.0,3.0,4.0,5.0,2.6666666666666665,0,0,2.12,1.12,0,0
2026-02-10 11:15:00,Tilapia,30.37,7.76,6.51,2.0,3.0,3.0,4.0,5.0,2.6666666666666665,0,0,2.51,1.5099999999999998,0,0
2026-02-10 11:30:00,Tilapia,30.07,7.94,6.27,2.0,3.0,3.0,4.0,5.0,2.6666666666666665,0,0,2.2699999999999996,1.2699999999999996,0,0
2026-02-10 11:45:00,Tilapia,30.53,8.11,6.11,2.0,3.0,3.0,4.0,5.0,2.6666666666666665,0,0,2.1100000000000003,1.1100000000000003,0,0
2026-02-10 12:00:00,Tilapia,30.55,8.01,6.17,2.0,3.0,3.0,4.0,5.0,2.6666666666666665,0,0,2.17,1.17,0,0
2026-02-10 12:15:00,Tilapia,30.38,7.81,6.71,2.0,3.0,3.0,4.0,5.0,2.6666666666666665,0,0,2.71,1.71,0,0
2026-02-10 12:30:00,Tilapia,30.19,7.96,6.58,2.0,3.0,3.0,4.0,5.0,2.6666666666666665,0,0,2.58,1.58,0,0
2026-02-10 12:45:00,Tilapia,30.61,7.92,5.96,2.0,3.0,3.0,4.0,5.0,2.6666666666666665,0,0,1.96,0.96,0,0
2026-02-10 13:00:00,Tilapia,30.59,7.91,5.87,2.0,3.0,3.0,4.0,5.0,2.6666666666666665,0,0,1.87,0.8700000000000001,0,0
2026-02-10 13:15:00,Tilapia,30.0,7.85,6.28,3.0,3.0,3.0,4.0,5.0,3.0,0,0,2.2800000000000002,1.2800000000000002,0,0
2026-02-10 13:30:00,Tilapia,29.6,7.98,5.98,3.0,3.0,3.0,4.0,5.0,3.0,0,0,1.9800000000000004,0.9800000000000004,0,0
2026-02-10 13:45:00,Tilapia,30.43,7.72,6.19,2.0,3.0,3.0,4.0,5.0,2.6666666666666665,0,0,2.1900000000000004,1.1900000000000004,0,0
2026-02-10 14:00:00,Tilapia,29.97,7.8,6.49,3.0,3.0,3.0,4.0,5.0,3.0,0,0,2.49,1.4900000000000002,0,0
2026-02-10 14:15:00,Tilapia,30.08,7.93,6.2,2.0,3.0,3.0,4.0,5.0,2.6666666666666665,0,0,2.2,1.2000000000000002,0,0
2026-02-10 14:30:00,Tilapia,29.79,7.85,6.14,3.0,3.0,3.0,4.0,5.0,3.0,0,0,2.1399999999999997,1.1399999999999997,0,0
2026-02-10 14:45:00,Tilapia,29.68,8.06,6.17,3.0,3.0,3.0,4.0,5.0,3.0,0,0,2.17,1.17,0,0
2026-02-10 15:00:00,Tilapia,29.09,7.62,5.73,3.0,3.0,3.0,4.0,5.0,3.0,0,0,1.7300000000000004,0.7300000000000004,0,0
2026-02-10 15:15:00,Tilapia,29.04,8.08,5.61,3.0,3.0,3.0,4.0,5.0,3.0,0,0,1.6100000000000003,0.6100000000000003,0,0
2026-02-10 15:30:00,Tilapia,29.6,7.75,6.19,3.0,3.0,3.0,4.0,5.0,3.0,0,0,2.1900000000000004,1.1900000000000004,0,0
2026-02-10 15:45:00,Tilapia,29.03,8.09,5.79,3.0,3.0,3.0,4.0,5.0,3.0,0,0,1.79,0.79,0,0
2026-02-10 16:00:00,Tilapia,28.86,7.81,5.79,3.0,3.0,3.0,4.0,5.0,3.0,0,0,1.79,0.79,0,0
2026-02-10 16:15:00,Tilapia,29.12,7.96,5.78,3.0,3.0,3.0,4.0,5.0,3.0,0,0,1.7800000000000002,0.7800000000000002,0,0
2026-02-10 16:30:00,Tilapia,29.19,7.8,5.89,3.0,3.0,3.0,4.0,5.0,3.0,0,0,1.8899999999999997,0.8899999999999997,0,0
2026-02-10 16:45:00,Tilapia,27.57,7.58,4.47,3.0,3.0,2.0,4.0,5.0,2.6666666666666665,0,1,0.46999999999999975,-0.5300000000000002,0,0
2026-02-10 17:00:00,Tilapia,28.96,7.93,5.26,3.0,3.0,3.0,4.0,5.0,3.0,0,0,1.2599999999999998,0.2599999999999998,0,0
2026-02-10 17:15:00,Tilapia,28.73,8.12,5.3,3.0,3.0,3.0,4.0,5.0,3.0,0,0,1.2999999999999998,0.2999999999999998,0,0
2026-02-10 17:30:00,Tilapia,28.54,7.71,5.28,3.0,3.0,3.0,4.0,5.0,3.0,0,0,1.2800000000000002,0.28000000000000025,0,0
2026-02-10 17:45:00,Tilapia,27.39,7.79,4.22,3.0,3.0,2.0,4.0,5.0,2.6666666666666665,0,1,0.21999999999999975,-0.7800000000000002,0,0
2026-02-10 18:00:00,Tilapia,27.94,7.91,4.79,3.0,3.0,2.0,4.0,5.0,2.6666666666666665,0,1,0.79,-0.20999999999999996,0,0
2026-02-10 18:15:00,Tilapia,28.18,7.68,5.07,3.0,3.0,3.0,4.0,5.0,3.0,0,0,1.0700000000000003,0.07000000000000028,0,0
2026-02-10 18:30:00,Tilapia,28.19,7.66,4.98,3.0,3.0,2.0,4.0,5.0,2.6666666666666665,0,1,0.9800000000000004,-0.019999999999999574,0,0
2026-02-10 18:45:00,Tilapia,28.12,7.76,5.2,3.0,3.0,3.0,4.0,5.0,3.0,0,0,1.2000000000000002,0.20000000000000018,0,0
2026-02-10 19:00:00,Tilapia,28.07,7.7,4.74,3.0,3.0,2.0,4.0,5.0,2.6666666666666665,0,1,0.7400000000000002,-0.2599999999999998,0,0
2026-02-10 19:15:00,Tilapia,27.43,7.55,4.42,3.0,3.0,2.0,4.0,5.0,2.6666666666666665,0,1,0.41999999999999993,-0.5800000000000001,0,0
2026-02-10 19:30:00,Tilapia,27.77,7.84,4.15,3.0,3.0,2.0,4.0,5.0,2.6666666666666665,0,1,0.15000000000000036,-0.8499999999999996,0,0
2026-02-10 19:45:00,Tilapia,27.21,7.71,4.44,3.0,3.0,2.0,4.0,5.0,2.6666666666666665,0,1,0.4400000000000004,-0.5599999999999996,0,0
2026-02-10 20:00:00,Tilapia,27.57,7.84,4.99,3.0,3.0,2.0,4.0,5.0,2.6666666666666665,0,1,0.9900000000000002,-0.009999999999999787,0,0
2026-02-10 20:15:00,Tilapia,27.74,7.66,5.19,3.0,3.0,3.0,4.0,5.0,3.0,0,0,1.1900000000000004,0.1900000000000004,0,0
2026-02-10 20:30:00,Tilapia,27.44,7.81,4.47,3.0,3.0,2.0,4.0,5.0,2.6666666666666665,0,1,0.46999999999999975,-0.5300000000000002,0,0
2026-02-10 20:45:00,Tilapia,27.33,7.68,4.76,3.0,3.0,2.0,4.0,5.0,2.6666666666666665,0,1,0.7599999999999998,-0.2400000000000002,0,0
2026-02-10 21:00:00,Tilapia,27.59,7.77,3.95,3.0,3.0,1.0,4.0,5.0,2.3333333333333335,1,0,-0.04999999999999982,-1.0499999999999998,1,15
2026-02-10 21:15:00,Tilapia,27.48,7.73,4.69,3.0,3.0,2.0,4.0,5.0,2.6666666666666665,0,1,0.6900000000000004,-0.3099999999999996,0,0
2026-02-10 21:30:00,Tilapia,27.59,7.59,4.22,3.0,3.0,2.0,4.0,5.0,2.6666666666666665,0,1,0.21999999999999975,-0.7800000000000002,0,0
2026-02-10 21:45:00,Tilapia,27.62,7.75,4.46,3.0,3.0,2.0,4.0,5.0,2.6666666666666665,0,1,0.45999999999999996,-0.54,0,0
2026-02-10 22:00:00,Tilapia,27.64,7.54,5.12,3.0,3.0,3.0,4.0,5.0,3.0,0,0,1.12,0.1200000000000001,0,0
2026-02-10 22:15:00,Tilapia,27.35,7.61,4.6,3.0,3.0,2.0,4.0,5.0,2.6666666666666665,0,1,0.5999999999999996,-0.40000000000000036,0,0
2026-02-10 22:30:00,Tilapia,27.03,7.75,4.14,3.0,3.0,2.0,4.0,5.0,2.6666666666666665,0,1,0.13999999999999968,-0.8600000000000003,0,0
2026-02-10 22:45:00,Tilapia,27.08,7.72,3.23,3.0,3.0,1.0,4.0,5.0,2.3333333333333335,1,0,-0.77,-1.77,1,15
2026-02-10 23:00:00,Tilapia,27.21,7.68,4.36,3.0,3.0,2.0,4.0,5.0,2.6666666666666665,0,1,0.3600000000000003,-0.6399999999999997,0,0
2026-02-10 23:15:00,Tilapia,27.28,7.77,4.1,3.0,3.0,2.0,4.0,5.0,2.6666666666666665,0,1,0.09999999999999964,-0.9000000000000004,0,0
2026-02-10 23:30:00,Tilapia,27.44,7.61,4.14,3.0,3.0,2.0,4.0,5.0,2.6666666666666665,0,1,0.13999999999999968,-0.8600000000000003,0,0
2026-02-10 23:45:00,Tilapia,27.43,7.67,3.73,3.0,3.0,1.0,4.0,5.0,2.3333333333333335,1,0,-0.27,-1.27,1,15
2026-02-11 00:00:00,Tilapia,27.64,7.66,4.02,3.0,3.0,2.0,4.0,5.0,2.6666666666666665,0,1,0.019999999999999574,-0.9800000000000004,0,0
2026-02-11 00:15:00,Tilapia,27.0,7.61,3.95,3.0,3.0,1.0,4.0,5.0,2.3333333333333335,1,0,-0.04999999999999982,-1.0499999999999998,1,15
2026-02-11 00:30:00,Tilapia,27.59,7.61,4.17,3.0,3.0,2.0,4.0,5.0,2.6666666666666665,0,1,0.16999999999999993,-0.8300000000000001,0,0
2026-02-11 00:45:00,Tilapia,27.9,7.64,4.3,3.0,3.0,2.0,4.0,5.0,2.6666666666666665,0,1,0.2999999999999998,-0.7000000000000002,0,0
2026-02-11 01:00:00,Tilapia,28.16,7.62,4.43,3.0,3.0,2.0,4.0,5.0,2.6666666666666665,0,1,0.4299999999999997,-0.5700000000000003,0,0
2026-02-11 01:15:00,Tilapia,27.53,7.72,4.11,3.0,3.0,2.0,4.0,5.0,2.6666666666666665,0,1,0.11000000000000032,-0.8899999999999997,0,0
2026-02-11 01:30:00,Tilapia,27.83,7.75,3.95,3.0,3.0,1.0,4.0,5.0,2.3333333333333335,1,0,-0.04999999999999982,-1.0499999999999998,1,15
2026-02-11 01:45:00,Tilapia,27.69,7.57,3.49,3.0,3.0,1.0,4.0,5.0,2.3333333333333335,1,0,-0.5099999999999998,-1.5099999999999998,2,30
2026-02-11 02:00:00,Tilapia,27.72,7.69,3.61,3.0,3.0,1.0,4.0,5.0,2.3333333333333335,1,0,-0.3900000000000001,-1.3900000000000001,3,45
2026-02-11 02:15:00,Tilapia,28.21,7.77,4.04,3.0,3.0,2.0,4.0,5.0,2.6666666666666665,0,1,0.040000000000000036,-0.96,0,0
2026-02-11 02:30:00,Tilapia,28.36,7.56,3.86,3.0,3.0,1.0,4.0,5.0,2.3333333333333335,1,0,-0.14000000000000012,-1.1400000000000001,1,15
2026-02-11 02:45:00,Tilapia,28.08,7.57,4.06,3.0,3.0,2.0,4.0,5.0,2.6666666666666665,0,1,0.05999999999999961,-0.9400000000000004,0,0
2026-02-11 03:00:00,Tilapia,28.34,7.73,4.11,3.0,3.0,2.0,4.0,5.0,2.6666666666666665,0,1,0.11000000000000032,-0.8899999999999997,0,0
2026-02-11 03:15:00,Tilapia,28.02,7.57,4.41,3.0,3.0,2.0,4.0,5.0,2.6666666666666665,0,1,0.41000000000000014,-0.5899999999999999,0,0
2026-02-11 03:30:00,Tilapia,28.35,7.78,4.33,3.0,3.0,2.0,4.0,5.0,2.6666666666666665,0,1,0.33000000000000007,-0.6699999999999999,0,0
2026-02-11 03:45:00,Tilapia,28.51,7.45,4.04,3.0,3.0,2.0,4.0,5.0,2.6666666666666665,0,1,0.040000000000000036,-0.96,0,0
2026-02-11 04:00:00,Tilapia,28.36,7.6,4.58,3.0,3.0,2.0,4.0,5.0,2.6666666666666665,0,1,0.5800000000000001,-0.41999999999999993,0,0
2026-02-11 04:15:00,Tilapia,28.98,7.69,4.68,3.0,3.0,2.0,4.0,5.0,2.6666666666666665,0,1,0.6799999999999997,-0.3200000000000003,0,0
2026-02-11 04:30:00,Tilapia,28.9,7.59,4.41,3.0,3.0,2.0,4.0,5.0,2.6666666666666665,0,1,0.41000000000000014,-0.5899999999999999,0,0
2026-02-11 04:45:00,Tilapia,29.16,7.55,4.72,3.0,3.0,2.0,4.0,5.0,2.6666666666666665,0,1,0.7199999999999998,-0.28000000000000025,0,0
2026-02-11 05:00:00,Tilapia,29.02,7.52,4.16,3.0,3.0,2.0,4.0,5.0,2.6666666666666665,0,1,0.16000000000000014,-0.8399999999999999,0,0
2026-02-11 05:15:00,Tilapia,28.74,7.83,4.42,3.0,3.0,2.0,4.0,5.0,2.6666666666666665,0,1,0.41999999999999993,-0.5800000000000001,0,0
2026-02-11 05:30:00,Tilapia,29.31,7.67,5.09,3.0,3.0,3.0,4.0,5.0,3.0,0,0,1.0899999999999999,0.08999999999999986,0,0
2026-02-11 05:45:00,Tilapia,29.33,7.7,4.84,3.0,3.0,2.0,4.0,5.0,2.6666666666666665,0,1,0.8399999999999999,-0.16000000000000014,0,0
2026-02-11 06:00:00,Tilapia,29.5,7.8,5.11,3.0,3.0,3.0,4.0,5.0,3.0,0,0,1.1100000000000003,0.11000000000000032,0,0
2026-02-11 06:15:00,Tilapia,29.48,7.52,5.04,3.0,3.0,3.0,4.0,5.0,3.0,0,0,1.04,0.040000000000000036,0,0
2026-02-11 06:30:00,Tilapia,29.87,7.7,5.03,3.0,3.0,3.0,4.0,5.0,3.0,0,0,1.0300000000000002,0.03000000000000025,0,0
2026-02-11 06:45:00,Tilapia,29.99,7.76,4.92,3.0,3.0,2.0,4.0,5.0,2.6666666666666665,0,1,0.9199999999999999,-0.08000000000000007,0,0
2026-02-11 07:00:00,Tilapia,29.79,7.87,5.62,3.0,3.0,3.0,4.0,5.0,3.0,0,0,1.62,0.6200000000000001,0,0
2026-02-11 07:15:00,Tilapia,29.84,7.77,4.79,3.0,3.0,2.0,4.0,5.0,2.6666666666666665,0,1,0.79,-0.20999999999999996,0,0
2026-02-11 07:30:00,Tilapia,29.84,7.9,5.43,3.0,3.0,3.0,4.0,5.0,3.0,0,0,1.4299999999999997,0.4299999999999997,0,0
2026-02-11 07:45:00,Tilapia,29.88,7.86,5.44,3.0,3.0,3.0,4.0,5.0,3.0,0,0,1.4400000000000004,0.4400000000000004,0,0
2026-02-11 08:00:00,Tilapia,29.5,7.86,6.07,3.0,3.0,3.0,4.0,5.0,3.0,0,0,2.0700000000000003,1.0700000000000003,0,0
2026-02-11 08:15:00,Tilapia,30.2,7.83,5.55,2.0,3.0,3.0,4.0,5.0,2.6666666666666665,0,0,1.5499999999999998,0.5499999999999998,0,0
2026-02-11 08:30:00,Tilapia,30.37,7.82,5.44,2.0,3.0,3.0,4.0,5.0,2.6666666666666665,0,0,1.4400000000000004,0.4400000000000004,0,0
2026-02-11 08:45:00,Tilapia,30.49,7.83,5.1,2.0,3.0,3.0,4.0,5.0,2.6666666666666665,0,0,1.0999999999999996,0.09999999999999964,0,0
2026-02-11 09:00:00,Tilapia,30.61,7.89,5.91,2.0,3.0,3.0,4.0,5.0,2.6666666666666665,0,0,1.9100000000000001,0.9100000000000001,0,0
2026-02-11 09:15:00,Tilapia,30.19,7.86,5.68,2.0,3.0,3.0,4.0,5.0,2.6666666666666665,0,0,1.6799999999999997,0.6799999999999997,0,0
2026-02-11 09:30:00,Tilapia,30.25,7.93,5.51,2.0,3.0,3.0,4.0,5.0,2.6666666666666665,0,0,1.5099999999999998,0.5099999999999998,0,0
2026-02-11 09:45:00,Tilapia,30.32,7.88,5.97,2.0,3.0,3.0,4.0,5.0,2.6666666666666665,0,0,1.9699999999999998,0.9699999999999998,0,0
2026-02-11 10:00:00,Tilapia,30.27,7.87,5.57,2.0,3.0,3.0,4.0,5.0,2.6666666666666665,0,0,1.5700000000000003,0.5700000000000003,0,0
2026-02-11 10:15:00,Tilapia,30.58,7.85,6.08,2.0,3.0,3.0,4.0,5.0,2.6666666666666665,0,0,2.08,1.08,0,0
2026-02-11 10:30:00,Tilapia,30.57,7.75,6.26,2.0,3.0,3.0,4.0,5.0,2.6666666666666665,0,0,2.26,1.2599999999999998,0,0
2026-02-11 10:45:00,Tilapia,30.54,7.81,5.79,2.0,3.0,3.0,4.0,5.0,2.6666666666666665,0,0,1.79,0.79,0,0
2026-02-11 11:00:00,Tilapia,30.4,7.93,6.24,2.0,3.0,3.0,4.0,5.0,2.6666666666666665,0,0,2.24,1.2400000000000002,0,0
2026-02-11 11:15:00,Tilapia,30.6,7.92,6.27,2.0,3.0,3.0,4.0,5.0,2.6666666666666665,0,0,2.2699999999999996,1.2699999999999996,0,0
2026-02-11 11:30:00,Tilapia,30.06,7.86,6.14,2.0,3.0,3.0,4.0,5.0,2.6666666666666665,0,0,2.1399999999999997,1.1399999999999997,0,0
2026-02-11 11:45:00,Tilapia,30.62,7.56,5.87,2.0,3.0,3.0,4.0,5.0,2.6666666666666665,0,0,1.87,0.8700000000000001,0,0
2026-02-11 12:00:00,Tilapia,29.89,7.77,5.28,3.0,3.0,3.0,4.0,5.0,3.0,0,0,1.2800000000000002,0.28000000000000025,0,0
2026-02-11 12:15:00,Tilapia,30.28,7.64,6.54,2.0,3.0,3.0,4.0,5.0,2.6666666666666665,0,0,2.54,1.54,0,0
2026-02-11 12:30:00,Tilapia,30.05,7.7,6.06,2.0,3.0,3.0,4.0,5.0,2.6666666666666665,0,0,2.0599999999999996,1.0599999999999996,0,0
2026-02-11 12:45:00,Tilapia,30.5,7.94,5.74,2.0,3.0,3.0,4.0,5.0,2.6666666666666665,0,0,1.7400000000000002,0.7400000000000002,0,0
2026-02-11 13:00:00,Tilapia,29.99,8.03,5.96,3.0,3.0,3.0,4.0,5.0,3.0,0,0,1.96,0.96,0,0
2026-02-11 13:15:00,Tilapia,30.06,7.9,6.53,2.0,3.0,3.0,4.0,5.0,2.6666666666666665,0,0,2.5300000000000002,1.5300000000000002,0,0
2026-02-11 13:30:00,Tilapia,30.23,7.86,6.38,2.0,3.0,3.0,4.0,5.0,2.6666666666666665,0,0,2.38,1.38,0,0
2026-02-11 13:45:00,Tilapia,29.8,7.74,6.11,3.0,3.0,3.0,4.0,5.0,3.0,0,0,2.1100000000000003,1.1100000000000003,0,0
2026-02-11 14:00:00,Tilapia,30.17,8.03,6.51,2.0,3.0,3.0,4.0,5.0,2.6666666666666665,0,0,2.51,1.5099999999999998,0,0
2026-02-11 14:15:00,Tilapia,29.84,8.1,6.41,3.0,3.0,3.0,4.0,5.0,3.0,0,0,2.41,1.4100000000000001,0,0
2026-02-11 14:30:00,Tilapia,29.76,8.01,6.36,3.0,3.0,3.0,4.0,5.0,3.0,0,0,2.3600000000000003,1.3600000000000003,0,0
2026-02-11 14:45:00,Tilapia,29.74,7.99,6.24,3.0,3.0,3.0,4.0,5.0,3.0,0,0,2.24,1.2400000000000002,0,0
2026-02-11 15:00:00,Tilapia,30.03,7.89,6.18,2.0,3.0,3.0,4.0,5.0,2.6666666666666665,0,0,2.1799999999999997,1.1799999999999997,0,0
2026-02-11 15:15:00,Tilapia,29.76,7.9,6.21,3.0,3.0,3.0,4.0,5.0,3.0,0,0,2.21,1.21,0,0
2026-02-11 15:30:00,Tilapia,29.22,7.74,6.3,3.0,3.0,3.0,4.0,5.0,3.0,0,0,2.3,1.2999999999999998,0,0
2026-02-11 15:45:00,Tilapia,29.48,7.93,5.9,3.0,3.0,3.0,4.0,5.0,3.0,0,0,1.9000000000000004,0.9000000000000004,0,0
2026-02-11 16:00:00,Tilapia,29.14,7.8,5.5,3.0,3.0,3.0,4.0,5.0,3.0,0,0,1.5,0.5,0,0
2026-02-11 16:15:00,Tilapia,28.92,7.9,5.75,3.0,3.0,3.0,4.0,5.0,3.0,0,0,1.75,0.75,0,0
2026-02-11 16:30:00,Tilapia,29.03,7.91,5.2,3.0,3.0,3.0,4.0,5.0,3.0,0,0,1.2000000000000002,0.20000000000000018,0,0
2026-02-11 16:45:00,Tilapia,28.13,7.87,4.78,3.0,3.0,2.0,4.0,5.0,2.6666666666666665,0,1,0.7800000000000002,-0.21999999999999975,0,0
2026-02-11 17:00:00,Tilapia,29.24,7.85,5.54,3.0,3.0,3.0,4.0,5.0,3.0,0,0,1.54,0.54,0,0
2026-02-11 17:15:00,Tilapia,29.24,7.88,5.39,3.0,3.0,3.0,4.0,5.0,3.0,0,0,1.3899999999999997,0.3899999999999997,0,0
2026-02-11 17:30:00,Tilapia,28.68,7.7,5.2,3.0,3.0,3.0,4.0,5.0,3.0,0,0,1.2000000000000002,0.20000000000000018,0,0
2026-02-11 17:45:00,Tilapia,28.36,7.65,5.61,3.0,3.0,3.0,4.0,5.0,3.0,0,0,1.6100000000000003,0.6100000000000003,0,0
2026-02-11 18:00:00,Tilapia,28.66,7.87,5.13,3.0,3.0,3.0,4.0,5.0,3.0,0,0,1.13,0.1299999999999999,0,0
2026-02-11 18:15:00,Tilapia,28.32,7.77,5.46,3.0,3.0,3.0,4.0,5.0,3.0,0,0,1.46,0.45999999999999996,0,0
2026-02-11 18:30:00,Tilapia,27.61,7.47,3.84,3.0,3.0,1.0,4.0,5.0,2.3333333333333335,1,0,-0.16000000000000014,-1.1600000000000001,1,15
2026-02-11 18:45:00,Tilapia,28.17,7.71,5.62,3.0,3.0,3.0,4.0,5.0,3.0,0,0,1.62,0.6200000000000001,0,0
2026-02-11 19:00:00,Tilapia,27.41,7.75,4.15,3.0,3.0,2.0,4.0,5.0,2.6666666666666665,0,1,0.15000000000000036,-0.8499999999999996,0,0
2026-02-11 19:15:00,Tilapia,27.99,7.57,4.92,3.0,3.0,2.0,4.0,5.0,2.6666666666666665,0,1,0.9199999999999999,-0.08000000000000007,0,0
2026-02-11 19:30:00,Tilapia,27.49,7.73,4.98,3.0,3.0,2.0,4.0,5.0,2.6666666666666665,0,1,0.9800000000000004,-0.019999999999999574,0,0
2026-02-11 19:45:00,Tilapia,27.96,7.77,4.9,3.0,3.0,2.0,4.0,5.0,2.6666666666666665,0,1,0.9000000000000004,-0.09999999999999964,0,0
2026-02-11 20:00:00,Tilapia,27.39,7.78,4.46,3.0,3.0,2.0,4.0,5.0,2.6666666666666665,0,1,0.45999999999999996,-0.54,0,0
2026-02-11 20:15:00,Tilapia,27.4,7.54,4.31,3.0,3.0,2.0,4.0,5.0,2.6666666666666665,0,1,0.3099999999999996,-0.6900000000000004,0,0
2026-02-11 20:30:00,Tilapia,27.54,7.89,4.28,3.0,3.0,2.0,4.0,5.0,2.6666666666666665,0,1,0.28000000000000025,-0.7199999999999998,0,0
2026-02-11 20:45:00,Tilapia,27.67,7.65,4.57,3.0,3.0,2.0,4.0,5.0,2.6666666666666665,0,1,0.5700000000000003,-0.4299999999999997,0,0
2026-02-11 21:00:00,Tilapia,27.66,7.55,4.5,3.0,3.0,2.0,4.0,5.0,2.6666666666666665,0,1,0.5,-0.5,0,0
2026-02-11 21:15:00,Tilapia,27.87,7.8,4.26,3.0,3.0,2.0,4.0,5.0,2.6666666666666665,0,1,0.2599999999999998,-0.7400000000000002,0,0
2026-02-11 21:30:00,Tilapia,27.25,7.63,4.42,3.0,3.0,2.0,4.0,5.0,2.6666666666666665,0,1,0.41999999999999993,-0.5800000000000001,0,0
2026-02-11 21:45:00,Tilapia,27.34,7.79,4.23,3.0,3.0,2.0,4.0,5.0,2.6666666666666665,0,1,0.23000000000000043,-0.7699999999999996,0,0
2026-02-11 22:00:00,Tilapia,27.1,7.6,4.35,3.0,3.0,2.0,4.0,5.0,2.6666666666666665,0,1,0.34999999999999964,-0.6500000000000004,0,0
2026-02-11 22:15:00,Tilapia,27.12,7.9,3.89,3.0,3.0,1.0,4.0,5.0,2.3333333333333335,1,0,-0.10999999999999988,-1.1099999999999999,1,15
2026-02-11 22:30:00,Tilapia,27.14,7.78,4.18,3.0,3.0,2.0,4.0,5.0,2.6666666666666665,0,1,0.17999999999999972,-0.8200000000000003,0,0
2026-02-11 22:45:00,Tilapia,27.09,7.68,4.12,3.0,3.0,2.0,4.0,5.0,2.6666666666666665,0,1,0.1200000000000001,-0.8799999999999999,0,0
2026-02-11 23:00:00,Tilapia,27.07,7.73,4.26,3.0,3.0,2.0,4.0,5.0,2.6666666666666665,0,1,0.2599999999999998,-0.7400000000000002,0,0
2026-02-11 23:15:00,Tilapia,27.06,7.65,4.2,3.0,3.0,2.0,4.0,5.0,2.6666666666666665,0,1,0.20000000000000018,-0.7999999999999998,0,0
2026-02-11 23:30:00,Tilapia,27.05,7.64,3.95,3.0,3.0,1.0,4.0,5.0,2.3333333333333335,1,0,-0.04999999999999982,-1.0499999999999998,1,15
2026-02-11 23:45:00,Tilapia,27.47,7.74,4.11,3.0,3.0,2.0,4.0,5.0,2.6666666666666665,0,1,0.11000000000000032,-0.8899999999999997,0,0
