timestamp;pond;ph;do;temp
01/01/26 00.00;Catfish;7.16;4.65;28.7
01/01/26 00.15;Catfish;7.12;4.57;28.67
01/01/26 00.30;Catfish;6.98;4.53;28.58
01/01/26 00.45;Catfish;7.07;4.56;28.62
01/01/26 01.00;Catfish;6.99;4.45;28.6
01/01/26 01.15;Catfish;7.08;4.15;28.63
01/01/26 01.30;Catfish;6.99;4.41;28.82
01/01/26 01.45;Catfish;7.13;4.39;28.66
01/01/26 02.00;Catfish;7.09;4.73;28.76
01/01/26 02.15;Catfish;7.14;4.23;28.68
01/01/26 02.30;Catfish;7.02;4.62;28.9
01/01/26 02.45;Catfish;7.06;4.6;28.87
01/01/26 03.00;Catfish;7.16;4.6;28.97
01/01/26 03.15;Catfish;7.02;4.39;28.81
01/01/26 03.30;Catfish;7.14;4.38;28.92
01/01/26 03.45;Catfish;7.16;4.68;29.14
01/01/26 04.00;Catfish;7.02;4.78;29.13
01/01/26 04.15;Catfish;7.08;4.39;29.1
01/01/26 04.30;Catfish;7.1;4.82;29.23
01/01/26 04.45;Catfish;7.08;4.87;29.07
01/01/26 05.00;Catfish;6.97;4.69;29.32
01/01/26 05.15;Catfish;7.04;4.8;29.22
01/01/26 05.30;Catfish;6.95;4.91;29.15
01/01/26 05.45;Catfish;6.98;4.51;29.16
01/01/26 06.00;Catfish;7.08;4.64;29.18
01/01/26 06.15;Catfish;7.04;4.62;29.44
01/01/26 06.30;Catfish;7.06;5.1;29.31
01/01/26 06.45;Catfish;6.94;5.26;29.67
01/01/26 07.00;Catfish;6.99;4.77;29.43
01/01/26 07.15;Catfish;7.04;4.12;29.37
01/01/26 07.30;Catfish;6.94;4.85;29.56
01/01/26 07.45;Catfish;7.16;4.61;29.54
01/01/26 08.00;Catfish;7.04;5.05;29.45
01/01/26 08.15;Catfish;7.05;5.1;29.54
01/01/26 08.30;Catfish;7.1;4.51;29.43
01/01/26 08.45;Catfish;7.13;5.16;29.66
01/01/26 09.00;Catfish;7.08;4.81;29.61
01/01/26 09.15;Catfish;7.09;5.17;29.59
01/01/26 09.30;Catfish;7.04;4.98;29.75
01/01/26 09.45;Catfish;7.21;5.08;29.89
01/01/26 10.00;Catfish;7.33;5.26;29.83
01/01/26 10.15;Catfish;7.18;5.57;29.67
01/01/26 10.30;Catfish;7.06;5.26;29.75
01/01/26 10.45;Catfish;7.13;5.17;29.79
01/01/26 11.00;Catfish;7.12;5.48;29.81
01/01/26 11.15;Catfish;7.12;5.45;29.78
01/01/26 11.30;Catfish;6.98;5.43;29.75
01/01/26 11.45;Catfish;7.07;5.21;29.93
01/01/26 12.00;Catfish;7.22;5.46;29.78
01/01/26 12.15;Catfish;7.15;5.49;29.75
01/01/26 12.30;Catfish;7.21;5.36;29.58
01/01/26 12.45;Catfish;7.16;5.15;29.65
01/01/26 13.00;Catfish;6.96;5.25;29.58
01/01/26 13.15;Catfish;7.32;5.3;29.67
01/01/26 13.30;Catfish;7.29;5.27;29.5
01/01/26 13.45;Catfish;7.19;5.39;29.53
01/01/26 14.00;Catfish;7.21;5.41;29.36
01/01/26 14.15;Catfish;7.24;5.56;29.5
01/01/26 14.30;Catfish;7.08;5.22;29.37
01/01/26 14.45;Catfish;7.14;5.22;29.59
01/01/26 15.00;Catfish;7.24;5.41;29.59
01/01/26 15.15;Catfish;7.18;5.31;29.5
01/01/26 15.30;Catfish;7.18;5.22;29.25
01/01/26 15.45;Catfish;6.99;5.19;29.34
01/01/26 16.00;Catfish;7.15;4.84;29.31
01/01/26 16.15;Catfish;7.17;5.15;29.37
01/01/26 16.30;Catfish;7.1;5.34;29.28
01/01/26 16.45;Catfish;7.1;5.35;29.25
01/01/26 17.00;Catfish;7.09;5.13;29.09
01/01/26 17.15;Catfish;7.01;4.84;29.02
01/01/26 17.30;Catfish;7.08;5.16;29.16
01/01/26 17.45;Catfish;7.1;5.29;28.94
01/01/26 18.00;Catfish;7.13;4.83;28.87
01/01/26 18.15;Catfish;7.34;5.02;28.92
01/01/26 18.30;Catfish;7.26;5.01;28.91
01/01/26 18.45;Catfish;7.2;5.01;28.79
01/01/26 19.00;Catfish;7.1;4.78;28.87
01/01/26 19.15;Catfish;7.14;4.82;29.16
01/01/26 19.30;Catfish;7.25;5.14;28.91
01/01/26 19.45;Catfish;7.17;4.68;28.68
01/01/26 20.00;Catfish;7.18;4.44;28.96
01/01/26 20.15;Catfish;7.12;5.04;28.75
01/01/26 20.30;Catfish;7.03;4.57;28.71
01/01/26 20.45;Catfish;7.18;4.78;28.69
01/01/26 21.00;Catfish;7.07;5.02;28.66
01/01/26 21.15;Catfish;7.15;4.62;28.63
01/01/26 21.30;Catfish;7.08;4.54;28.58
01/01/26 21.45;Catfish;7.23;4.77;28.49
01/01/26 22.00;Catfish;7.2;4.74;28.49
01/01/26 22.15;Catfish;7.02;4.89;28.48
01/01/26 22.30;Catfish;7.14;4.62;28.73
01/01/26 22.45;Catfish;7.04;4.53;28.53
01/01/26 23.00;Catfish;7.07;4.48;28.55
01/01/26 23.15;Catfish;7.09;4.28;28.59
01/01/26 23.30;Catfish;6.92;4.34;28.49
01/01/26 23.45;Catfish;7.07;4.51;28.52
02/01/26 00.00;Catfish;7.04;4.3;28.49
02/01/26 00.15;Catfish;7.1;4.77;28.51
02/01/26 00.30;Catfish;7.02;4.28;28.55
02/01/26 00.45;Catfish;7.05;3.93;28.65
02/01/26 01.00;Catfish;7.05;4.53;28.79
02/01/26 01.15;Catfish;7.11;4.4;28.76
02/01/26 01.30;Catfish;6.99;4.29;28.61
02/01/26 01.45;Catfish;7.12;4.71;28.76
02/01/26 02.00;Catfish;6.96;4.28;28.63
02/01/26 02.15;Catfish;6.94;4.62;28.73
02/01/26 02.30;Catfish;7.03;4.76;29
02/01/26 02.45;Catfish;7.01;4.23;28.81
02/01/26 03.00;Catfish;7.14;4.42;28.91
02/01/26 03.15;Catfish;7.08;4.5;28.92
02/01/26 03.30;Catfish;7.1;4.43;28.94
02/01/26 03.45;Catfish;7.07;4.57;28.92
02/01/26 04.00;Catfish;7.13;4.82;29
02/01/26 04.15;Catfish;7.04;4.39;29.21
02/01/26 04.30;Catfish;7.13;4.87;29.04
02/01/26 04.45;Catfish;7.12;4.91;29.06
02/01/26 05.00;Catfish;7.2;4.69;29.39
02/01/26 05.15;Catfish;7.19;4.86;29
02/01/26 05.30;Catfish;7.16;4.37;29.05
02/01/26 05.45;Catfish;7.12;4.83;29.27
02/01/26 06.00;Catfish;6.98;4.73;29.21
02/01/26 06.15;Catfish;7;4.94;29.4
02/01/26 06.30;Catfish;7.15;4.82;29.48
02/01/26 06.45;Catfish;7.04;5.09;29.21
02/01/26 07.00;Catfish;7.09;4.6;29.36
02/01/26 07.15;Catfish;7.04;4.85;29.54
02/01/26 07.30;Catfish;7.09;4.91;29.76
02/01/26 07.45;Catfish;7.15;5.11;29.55
02/01/26 08.00;Catfish;7.14;5.09;29.6
02/01/26 08.15;Catfish;7.07;5.13;29.5
02/01/26 08.30;Catfish;7.18;5.26;29.61
02/01/26 08.45;Catfish;7.23;4.91;29.7
02/01/26 09.00;Catfish;7.15;5.15;29.74
02/01/26 09.15;Catfish;7.1;5.16;29.73
02/01/26 09.30;Catfish;7.14;4.81;29.69
02/01/26 09.45;Catfish;6.94;5.32;29.62
02/01/26 10.00;Catfish;7.12;5.36;29.82
02/01/26 10.15;Catfish;7.21;5.37;29.72
02/01/26 10.30;Catfish;7.16;5.14;29.69
02/01/26 10.45;Catfish;7.19;5.3;29.75
02/01/26 11.00;Catfish;7.2;5.46;29.82
02/01/26 11.15;Catfish;7.2;4.99;29.63
02/01/26 11.30;Catfish;6.99;5.38;29.73
02/01/26 11.45;Catfish;7.22;5.2;29.81
02/01/26 12.00;Catfish;7.23;5.4;29.69
02/01/26 12.15;Catfish;7.3;5.62;29.51
02/01/26 12.30;Catfish;7.27;5.56;29.65
02/01/26 12.45;Catfish;7.22;5.36;29.76
02/01/26 13.00;Catfish;7.18;5.38;29.73
02/01/26 13.15;Catfish;7.21;5.45;29.7
02/01/26 13.30;Catfish;6.93;5.3;29.7
02/01/26 13.45;Catfish;7.14;5.4;29.52
02/01/26 14.00;Catfish;7;5.72;29.53
02/01/26 14.15;Catfish;7.22;5.36;29.56
02/01/26 14.30;Catfish;7.18;5.02;29.57
02/01/26 14.45;Catfish;7.32;5.01;29.36
02/01/26 15.00;Catfish;7.29;5.26;29.5
02/01/26 15.15;Catfish;7.26;4.95;29.46
02/01/26 15.30;Catfish;7.29;4.85;29.41
02/01/26 15.45;Catfish;7.1;5.53;29.37
02/01/26 16.00;Catfish;7.2;5.33;29.41
02/01/26 16.15;Catfish;7.16;5.17;29.1
02/01/26 16.30;Catfish;7.17;5.3;29.29
02/01/26 16.45;Catfish;6.97;5.09;29.06
02/01/26 17.00;Catfish;7.11;5.14;29.23
02/01/26 17.15;Catfish;7.12;4.88;29.2
02/01/26 17.30;Catfish;7.13;4.99;28.88
02/01/26 17.45;Catfish;7.01;5.07;28.91
02/01/26 18.00;Catfish;7.12;4.79;28.9
02/01/26 18.15;Catfish;7.1;5.29;29.01
02/01/26 18.30;Catfish;7.13;4.92;29.04
02/01/26 18.45;Catfish;7.04;5.26;28.85
02/01/26 19.00;Catfish;7.05;4.76;28.8
02/01/26 19.15;Catfish;7.17;4.53;28.75
02/01/26 19.30;Catfish;7.1;4.54;28.69
02/01/26 19.45;Catfish;7.06;4.58;28.68
02/01/26 20.00;Catfish;7.11;4.35;28.57
02/01/26 20.15;Catfish;7.06;4.4;28.57
02/01/26 20.30;Catfish;7.25;4.64;28.63
02/01/26 20.45;Catfish;7.04;4.97;28.7
02/01/26 21.00;Catfish;7.03;4.36;28.64
02/01/26 21.15;Catfish;7.12;5.06;28.67
02/01/26 21.30;Catfish;7.1;4.62;28.61
02/01/26 21.45;Catfish;7.04;4.28;28.55
02/01/26 22.00;Catfish;7.03;4.2;28.45
02/01/26 22.15;Catfish;7.08;4.21;28.65
02/01/26 22.30;Catfish;7.06;4.62;28.68
02/01/26 22.45;Catfish;7.05;4.85;28.52
02/01/26 23.00;Catfish;6.89;4.45;28.42
02/01/26 23.15;Catfish;7.19;4.27;28.56
02/01/26 23.30;Catfish;7.02;4.87;28.56
02/01/26 23.45;Catfish;7.15;4.2;28.63
03/01/26 00.00;Catfish;7.1;4.49;28.5
03/01/26 00.15;Catfish;6.94;4.46;28.69
03/01/26 00.30;Catfish;7.17;4.16;28.65
03/01/26 00.45;Catfish;7.07;4.65;28.85
03/01/26 01.00;Catfish;7.05;4.72;28.59
03/01/26 01.15;Catfish;6.91;4.48;28.67
03/01/26 01.30;Catfish;6.81;4.35;28.79
03/01/26 01.45;Catfish;7.08;4.57;28.61
03/01/26 02.00;Catfish;7.11;4.06;28.82
03/01/26 02.15;Catfish;7.01;4.51;28.9
03/01/26 02.30;Catfish;7.11;4.32;28.85
03/01/26 02.45;Catfish;7.13;4.5;28.82
03/01/26 03.00;Catfish;7.01;4.39;28.99
03/01/26 03.15;Catfish;7.08;4.47;28.74
03/01/26 03.30;Catfish;7.07;4.7;28.72
03/01/26 03.45;Catfish;7;4.51;28.87
03/01/26 04.00;Catfish;7.06;4.61;28.96
03/01/26 04.15;Catfish;6.86;4.81;29.03
03/01/26 04.30;Catfish;7.2;4.42;29.03
03/01/26 04.45;Catfish;7.04;4.27;29.29
03/01/26 05.00;Catfish;6.94;4.47;29.25
03/01/26 05.15;Catfish;6.93;4.46;29.1
03/01/26 05.30;Catfish;7.31;4.9;29.15
03/01/26 05.45;Catfish;7.12;5.19;29.3
03/01/26 06.00;Catfish;7.05;4.58;29.4
03/01/26 06.15;Catfish;7.07;4.31;29.43
03/01/26 06.30;Catfish;6.98;4.58;29.46
03/01/26 06.45;Catfish;7.23;5.29;29.35
03/01/26 07.00;Catfish;7.18;4.62;29.4
03/01/26 07.15;Catfish;7.17;4.7;29.55
03/01/26 07.30;Catfish;6.94;4.49;29.4
03/01/26 07.45;Catfish;7.04;4.63;29.47
03/01/26 08.00;Catfish;7.08;4.41;29.25
03/01/26 08.15;Catfish;7.07;4.67;29.5
03/01/26 08.30;Catfish;7;4.79;29.52
03/01/26 08.45;Catfish;6.94;4.38;29.42
03/01/26 09.00;Catfish;7.07;4.88;29.55
03/01/26 09.15;Catfish;7.02;5.05;29.55
03/01/26 09.30;Catfish;7.02;4.85;29.46
03/01/26 09.45;Catfish;7.09;4.73;29.59
03/01/26 10.00;Catfish;7.22;4.39;29.62
03/01/26 10.15;Catfish;7.18;4.52;29.53
03/01/26 10.30;Catfish;7.06;4.88;29.55
03/01/26 10.45;Catfish;7.2;4.82;29.72
03/01/26 11.00;Catfish;7.06;5.05;29.62
03/01/26 11.15;Catfish;7.2;4.7;29.56
03/01/26 11.30;Catfish;7.22;5.04;29.59
03/01/26 11.45;Catfish;6.98;4.47;29.55
03/01/26 12.00;Catfish;7.25;5.01;29.65
03/01/26 12.15;Catfish;6.93;5.09;29.59
03/01/26 12.30;Catfish;7.25;4.61;29.42
03/01/26 12.45;Catfish;7.17;4.63;29.65
03/01/26 13.00;Catfish;7.11;4.81;29.42
03/01/26 13.15;Catfish;7.11;5;29.66
03/01/26 13.30;Catfish;7.02;4.78;29.39
03/01/26 13.45;Catfish;7.17;5.09;29.3
03/01/26 14.00;Catfish;7.24;5.07;29.5
03/01/26 14.15;Catfish;7.18;5.22;29.34
03/01/26 14.30;Catfish;7.15;5.11;29.24
03/01/26 14.45;Catfish;7;4.69;29.42
03/01/26 15.00;Catfish;7.14;5.04;29.41
03/01/26 15.15;Catfish;7.13;4.93;29.25
03/01/26 15.30;Catfish;7.28;5.2;29.4
03/01/26 15.45;Catfish;7.1;4.68;29.22
03/01/26 16.00;Catfish;7.05;4.64;29.06
03/01/26 16.15;Catfish;7.17;3.38;29.03
03/01/26 16.30;Catfish;7.13;3.66;29.1
03/01/26 16.45;Catfish;7.03;3.41;28.89
03/01/26 17.00;Catfish;7.12;3.97;28.79
03/01/26 17.15;Catfish;7.12;3.73;29.09
03/01/26 17.30;Catfish;7.11;3.74;28.95
03/01/26 17.45;Catfish;7.13;3.65;28.89
03/01/26 18.00;Catfish;7.05;3.48;28.75
03/01/26 18.15;Catfish;7.14;3.61;28.97
03/01/26 18.30;Catfish;7.06;3.41;28.68
03/01/26 18.45;Catfish;7.07;3.65;28.61
03/01/26 19.00;Catfish;7.07;3.55;28.9
03/01/26 19.15;Catfish;7.21;3.81;28.98
03/01/26 19.30;Catfish;7.12;3.04;28.66
03/01/26 19.45;Catfish;7.13;3.24;28.47
03/01/26 20.00;Catfish;7.02;3.3;28.5
03/01/26 20.15;Catfish;7.05;3.17;28.64
03/01/26 20.30;Catfish;7.1;3.1;28.56
03/01/26 20.45;Catfish;7.04;3.46;28.67
03/01/26 21.00;Catfish;7.15;3.39;28.36
03/01/26 21.15;Catfish;7.06;3.29;28.53
03/01/26 21.30;Catfish;7.01;3.02;28.39
03/01/26 21.45;Catfish;6.98;2.96;28.32
03/01/26 22.00;Catfish;6.91;3.05;28.26
03/01/26 22.15;Catfish;7.09;3.19;28.49
03/01/26 22.30;Catfish;6.99;3.24;28.29
03/01/26 22.45;Catfish;6.97;3.24;28.43
03/01/26 23.00;Catfish;6.94;2.95;28.46
03/01/26 23.15;Catfish;7.01;3.09;28.26
03/01/26 23.30;Catfish;6.94;2.84;28.5
03/01/26 23.45;Catfish;6.96;2.94;28.44
04/01/26 00.00;Catfish;7.07;2.94;28.58
04/01/26 00.15;Catfish;7.02;3.08;28.27
04/01/26 00.30;Catfish;7.17;2.8;28.4
04/01/26 00.45;Catfish;6.87;3.03;28.48
04/01/26 01.00;Catfish;7.05;3.28;28.54
04/01/26 01.15;Catfish;7.08;2.89;28.35
04/01/26 01.30;Catfish;7.1;3.24;28.56
04/01/26 01.45;Catfish;7.11;2.92;28.49
04/01/26 02.00;Catfish;7.04;3.1;28.69
04/01/26 02.15;Catfish;7.02;2.67;28.6
04/01/26 02.30;Catfish;7.09;2.87;28.72
04/01/26 02.45;Catfish;7.01;3.2;28.55
04/01/26 03.00;Catfish;7.03;2.84;28.84
04/01/26 03.15;Catfish;7.01;3.14;28.76
04/01/26 03.30;Catfish;6.91;2.97;28.89
04/01/26 03.45;Catfish;7.16;3.07;28.83
04/01/26 04.00;Catfish;7.09;3.33;28.72
04/01/26 04.15;Catfish;6.97;2.91;28.95
04/01/26 04.30;Catfish;7.06;3.05;28.95
04/01/26 04.45;Catfish;6.97;2.78;28.87
04/01/26 05.00;Catfish;6.81;3.28;29.07
04/01/26 05.15;Catfish;6.97;3.19;29.02
04/01/26 05.30;Catfish;7.03;2.98;29.01
04/01/26 05.45;Catfish;7.14;3;29.13
04/01/26 06.00;Catfish;7.08;3.61;29.19
04/01/26 06.15;Catfish;7.1;3.56;29.22
04/01/26 06.30;Catfish;7.13;3.63;29.42
04/01/26 06.45;Catfish;7.2;3.67;29.33
04/01/26 07.00;Catfish;7.11;3.49;29.68
04/01/26 07.15;Catfish;7.1;4.01;29.45
04/01/26 07.30;Catfish;6.99;3.8;29.56
04/01/26 07.45;Catfish;7.09;3.92;29.51
04/01/26 08.00;Catfish;7.1;3.53;29.29
04/01/26 08.15;Catfish;7.15;4;29.63
04/01/26 08.30;Catfish;7.18;4.05;29.72
04/01/26 08.45;Catfish;7.18;3.87;29.59
04/01/26 09.00;Catfish;7;3.89;29.63
04/01/26 09.15;Catfish;7.14;4.25;29.7
04/01/26 09.30;Catfish;7;4.96;29.71
04/01/26 09.45;Catfish;7.25;5.25;29.77
04/01/26 10.00;Catfish;7.29;5.28;29.65
04/01/26 10.15;Catfish;7.05;4.97;29.81
04/01/26 10.30;Catfish;7.2;5.23;29.71
04/01/26 10.45;Catfish;7.2;5.45;29.83
04/01/26 11.00;Catfish;7.25;5.14;29.93
04/01/26 11.15;Catfish;7.33;5.25;29.96
04/01/26 11.30;Catfish;7.19;5.25;29.68
04/01/26 11.45;Catfish;7.06;5.16;29.85
04/01/26 12.00;Catfish;7.12;5.29;29.67
04/01/26 12.15;Catfish;7.25;5.66;29.73
04/01/26 12.30;Catfish;7.06;5.56;29.7
04/01/26 12.45;Catfish;7.2;5.35;29.74
04/01/26 13.00;Catfish;7.21;5.47;29.62
04/01/26 13.15;Catfish;7.19;5.35;29.57
04/01/26 13.30;Catfish;7.26;5.24;29.53
04/01/26 13.45;Catfish;7.27;5.69;29.59
04/01/26 14.00;Catfish;7.29;5.27;29.58
04/01/26 14.15;Catfish;7.15;5.93;29.68
04/01/26 14.30;Catfish;7.18;5.1;29.7
04/01/26 14.45;Catfish;7.14;4.93;29.61
04/01/26 15.00;Catfish;7.09;5.14;29.5
04/01/26 15.15;Catfish;7.06;5.2;29.63
04/01/26 15.30;Catfish;7.08;5.14;29.34
04/01/26 15.45;Catfish;7.22;5.17;29.23
04/01/26 16.00;Catfish;7.29;5.31;29.26
04/01/26 16.15;Catfish;7.22;4.45;29.15
04/01/26 16.30;Catfish;7.22;5.26;29.15
04/01/26 16.45;Catfish;7.16;5.22;29.09
04/01/26 17.00;Catfish;7.28;5.08;29.12
04/01/26 17.15;Catfish;7.25;5.02;29.14
04/01/26 17.30;Catfish;7.12;4.73;29.23
04/01/26 17.45;Catfish;7.06;4.96;28.95
04/01/26 18.00;Catfish;7.16;5.02;28.96
04/01/26 18.15;Catfish;7.22;5.17;29.07
04/01/26 18.30;Catfish;7.18;5.18;28.81
04/01/26 18.45;Catfish;7.26;4.89;28.96
04/01/26 19.00;Catfish;7.06;4.72;28.68
04/01/26 19.15;Catfish;7.08;4.94;28.72
04/01/26 19.30;Catfish;7.08;4.37;28.63
04/01/26 19.45;Catfish;7.23;4.99;28.76
04/01/26 20.00;Catfish;7.05;4.88;28.97
04/01/26 20.15;Catfish;7.19;4.8;28.66
04/01/26 20.30;Catfish;7.14;4.51;28.65
04/01/26 20.45;Catfish;7.16;4.73;28.65
04/01/26 21.00;Catfish;7.12;4.41;28.58
04/01/26 21.15;Catfish;7.03;4.94;28.7
04/01/26 21.30;Catfish;6.88;4.66;28.55
04/01/26 21.45;Catfish;7.1;4.52;28.66
04/01/26 22.00;Catfish;7.08;4.3;28.64
04/01/26 22.15;Catfish;7.23;4.32;28.65
04/01/26 22.30;Catfish;6.95;4.86;28.69
04/01/26 22.45;Catfish;7.1;4.56;28.7
04/01/26 23.00;Catfish;7.19;4.82;28.51
04/01/26 23.15;Catfish;7.02;4.44;28.7
04/01/26 23.30;Catfish;7.06;4.52;28.57
04/01/26 23.45;Catfish;6.96;4.2;28.68
05/01/26 00.00;Catfish;7.01;4.25;28.62
05/01/26 00.15;Catfish;7;4.36;28.7
05/01/26 00.30;Catfish;7.08;4.46;28.68
05/01/26 00.45;Catfish;7.01;4.5;28.52
05/01/26 01.00;Catfish;7;4.19;28.8
05/01/26 01.15;Catfish;7;4.52;28.53
05/01/26 01.30;Catfish;6.88;4.35;28.6
05/01/26 01.45;Catfish;7.01;4.25;28.84
05/01/26 02.00;Catfish;7.08;4.87;28.61
05/01/26 02.15;Catfish;7.1;4.22;28.87
05/01/26 02.30;Catfish;6.98;4.6;28.76
05/01/26 02.45;Catfish;7.11;4.46;29
05/01/26 03.00;Catfish;7.07;4.44;28.77
05/01/26 03.15;Catfish;6.89;4.37;28.87
05/01/26 03.30;Catfish;7.01;4.77;28.84
05/01/26 03.45;Catfish;7.04;4.34;28.67
05/01/26 04.00;Catfish;7.06;4.3;29.12
05/01/26 04.15;Catfish;7.11;4.93;29.21
05/01/26 04.30;Catfish;7.03;4.44;29.1
05/01/26 04.45;Catfish;7.05;4.86;29.23
05/01/26 05.00;Catfish;7.12;4.31;29.27
05/01/26 05.15;Catfish;7.18;4.42;29.27
05/01/26 05.30;Catfish;7.02;4.86;29.18
05/01/26 05.45;Catfish;6.97;4.89;29.3
05/01/26 06.00;Catfish;7.08;4.57;29.3
05/01/26 06.15;Catfish;7.09;5.01;29.28
05/01/26 06.30;Catfish;7.04;5.21;29.29
05/01/26 06.45;Catfish;7.15;4.82;29.46
05/01/26 07.00;Catfish;7.16;4.81;29.51
05/01/26 07.15;Catfish;7.1;5;29.57
05/01/26 07.30;Catfish;7.07;4.71;29.72
05/01/26 07.45;Catfish;7.23;4.44;29.63
05/01/26 08.00;Catfish;7.12;4.76;29.52
05/01/26 08.15;Catfish;7.23;4.99;29.59
05/01/26 08.30;Catfish;7.05;4.98;29.37
05/01/26 08.45;Catfish;7.02;4.94;29.6
05/01/26 09.00;Catfish;7.25;5.2;29.64
05/01/26 09.15;Catfish;7.17;5.19;29.76
05/01/26 09.30;Catfish;7.37;5.05;29.82
05/01/26 09.45;Catfish;6.9;4.89;29.83
05/01/26 10.00;Catfish;7.32;5.47;29.64
05/01/26 10.15;Catfish;7.17;5.32;29.75
05/01/26 10.30;Catfish;7.09;5.07;29.74
05/01/26 10.45;Catfish;7.16;5.17;29.91
05/01/26 11.00;Catfish;7.34;5.03;29.64
05/01/26 11.15;Catfish;6.99;5.07;29.78
05/01/26 11.30;Catfish;7.12;5.45;29.54
05/01/26 11.45;Catfish;7.15;5.54;29.83
05/01/26 12.00;Catfish;7.04;5.67;29.87
05/01/26 12.15;Catfish;7.19;5.11;29.8
05/01/26 12.30;Catfish;7.18;5.17;29.77
05/01/26 12.45;Catfish;7.15;5.04;29.62
05/01/26 13.00;Catfish;7.18;5.28;29.74
05/01/26 13.15;Catfish;6.98;5.43;29.54
05/01/26 13.30;Catfish;7.11;5.28;29.68
05/01/26 13.45;Catfish;7.21;5.37;29.64
05/01/26 14.00;Catfish;7.07;5.33;29.64
05/01/26 14.15;Catfish;7.28;5.12;29.68
05/01/26 14.30;Catfish;7.11;5.18;29.56
05/01/26 14.45;Catfish;7.23;5.42;29.45
05/01/26 15.00;Catfish;7.38;5.29;29.69
05/01/26 15.15;Catfish;7.16;5.09;29.29
05/01/26 15.30;Catfish;7.21;5.29;29.4
05/01/26 15.45;Catfish;7.13;5.41;29.5
05/01/26 16.00;Catfish;7.26;5.01;29.31
05/01/26 16.15;Catfish;7.09;4.93;29.32
05/01/26 16.30;Catfish;7.21;5.13;28.97
05/01/26 16.45;Catfish;7.09;5.39;29.33
05/01/26 17.00;Catfish;7.12;5.09;29.15
05/01/26 17.15;Catfish;7.26;5.24;29.15
05/01/26 17.30;Catfish;7.06;5.14;29.16
05/01/26 17.45;Catfish;7.07;5.08;29.12
05/01/26 18.00;Catfish;7.13;5.22;29.1
05/01/26 18.15;Catfish;7.11;4.87;28.99
05/01/26 18.30;Catfish;7.1;4.71;29
05/01/26 18.45;Catfish;7.15;5.09;29.05
05/01/26 19.00;Catfish;7.14;4.82;28.85
05/01/26 19.15;Catfish;7.14;4.83;28.81
05/01/26 19.30;Catfish;7.1;4.84;28.88
05/01/26 19.45;Catfish;7.14;4.89;28.62
05/01/26 20.00;Catfish;7.1;4.88;28.8
05/01/26 20.15;Catfish;7.16;4.86;28.68
05/01/26 20.30;Catfish;7.14;4.75;28.5
05/01/26 20.45;Catfish;7.04;4.42;28.82
05/01/26 21.00;Catfish;7.16;5.01;28.52
05/01/26 21.15;Catfish;7.03;4.5;28.44
05/01/26 21.30;Catfish;7.04;4.59;28.65
05/01/26 21.45;Catfish;7.01;4.38;28.46
05/01/26 22.00;Catfish;7.07;4.59;28.87
05/01/26 22.15;Catfish;6.93;4.48;28.38
05/01/26 22.30;Catfish;7;4.46;28.56
05/01/26 22.45;Catfish;6.97;4.17;28.73
05/01/26 23.00;Catfish;7.09;4.37;28.53
05/01/26 23.15;Catfish;7.05;4.55;28.58
05/01/26 23.30;Catfish;7.21;4.19;28.71
05/01/26 23.45;Catfish;7.16;4.35;28.53
06/01/26 00.00;Catfish;7.15;4.65;28.43
06/01/26 00.15;Catfish;6.97;4.54;28.51
06/01/26 00.30;Catfish;7.17;4.18;28.83
06/01/26 00.45;Catfish;7.1;4.26;28.53
06/01/26 01.00;Catfish;7.11;4.76;28.48
06/01/26 01.15;Catfish;7.06;4.15;28.62
06/01/26 01.30;Catfish;7.01;4.33;28.67
06/01/26 01.45;Catfish;6.99;4.95;28.79
06/01/26 02.00;Catfish;7.18;4.41;28.82
06/01/26 02.15;Catfish;7;4.43;28.77
06/01/26 02.30;Catfish;7.04;4.67;28.86
06/01/26 02.45;Catfish;6.93;4.38;29.02
06/01/26 03.00;Catfish;7.16;4.39;28.97
06/01/26 03.15;Catfish;7.22;4.57;28.88
06/01/26 03.30;Catfish;7.13;4.66;28.92
06/01/26 03.45;Catfish;6.98;4.29;28.79
06/01/26 04.00;Catfish;7.08;4.32;29.12
06/01/26 04.15;Catfish;6.89;4.59;28.94
06/01/26 04.30;Catfish;7.03;4.68;29.09
06/01/26 04.45;Catfish;7.18;4.68;29.06
06/01/26 05.00;Catfish;7.05;4.71;29.23
06/01/26 05.15;Catfish;6.9;4.41;29.21
06/01/26 05.30;Catfish;7.07;4.14;29.12
06/01/26 05.45;Catfish;7.13;4.58;29.23
06/01/26 06.00;Catfish;7.11;4.54;29.26
06/01/26 06.15;Catfish;7.14;4.56;29.28
06/01/26 06.30;Catfish;7.12;4.63;29.51
06/01/26 06.45;Catfish;6.94;4.88;29.25
06/01/26 07.00;Catfish;7.19;4.84;29.24
06/01/26 07.15;Catfish;7.19;4.88;29.57
06/01/26 07.30;Catfish;7.15;4.77;29.58
06/01/26 07.45;Catfish;6.94;4.88;29.61
06/01/26 08.00;Catfish;7.13;4.82;29.73
06/01/26 08.15;Catfish;7.28;5.14;29.68
06/01/26 08.30;Catfish;7.11;4.65;29.59
06/01/26 08.45;Catfish;7.06;4.97;29.62
06/01/26 09.00;Catfish;7.2;4.96;29.61
06/01/26 09.15;Catfish;7.29;5.19;29.7
06/01/26 09.30;Catfish;7.19;5.19;29.69
06/01/26 09.45;Catfish;7.13;5.11;29.72
06/01/26 10.00;Catfish;7.07;5.41;29.9
06/01/26 10.15;Catfish;7.15;5.27;29.61
06/01/26 10.30;Catfish;7.07;5.32;29.73
06/01/26 10.45;Catfish;7;5.32;29.69
06/01/26 11.00;Catfish;7.2;5.07;29.93
06/01/26 11.15;Catfish;7.16;5.19;29.98
06/01/26 11.30;Catfish;7.12;5.23;29.69
06/01/26 11.45;Catfish;7.15;5.26;29.67
06/01/26 12.00;Catfish;7.04;5.37;29.84
06/01/26 12.15;Catfish;7.03;5.58;29.78
06/01/26 12.30;Catfish;7.08;5.47;29.63
06/01/26 12.45;Catfish;7.11;5.13;29.68
06/01/26 13.00;Catfish;7.17;5.24;29.9
06/01/26 13.15;Catfish;7.22;5.04;29.66
06/01/26 13.30;Catfish;7.08;5.16;29.59
06/01/26 13.45;Catfish;7.22;5.36;29.61
06/01/26 14.00;Catfish;7.3;5.39;29.8
06/01/26 14.15;Catfish;7.11;5.39;29.56
06/01/26 14.30;Catfish;7.19;5.29;29.71
06/01/26 14.45;Catfish;7.24;5.15;29.52
06/01/26 15.00;Catfish;7.03;5.18;29.48
06/01/26 15.15;Catfish;7.06;5.23;29.68
06/01/26 15.30;Catfish;7.18;5.02;29.52
06/01/26 15.45;Catfish;7.27;5.19;29.3
06/01/26 16.00;Catfish;7.35;5.1;29.47
06/01/26 16.15;Catfish;7.09;4.98;29.22
06/01/26 16.30;Catfish;7.06;4.82;29.3
06/01/26 16.45;Catfish;6.99;5.2;29.4
06/01/26 17.00;Catfish;7.09;4.6;29.06
06/01/26 17.15;Catfish;7.18;4.7;29.21
06/01/26 17.30;Catfish;7.15;4.85;29.03
06/01/26 17.45;Catfish;7.08;4.94;29.12
06/01/26 18.00;Catfish;7.16;4.96;28.98
06/01/26 18.15;Catfish;7.08;4.97;29.06
06/01/26 18.30;Catfish;7.07;4.72;29.01
06/01/26 18.45;Catfish;7.04;5.21;28.92
06/01/26 19.00;Catfish;7.11;4.89;29.01
06/01/26 19.15;Catfish;7.27;4.73;28.96
06/01/26 19.30;Catfish;7.21;4.66;28.74
06/01/26 19.45;Catfish;7.12;4.47;28.83
06/01/26 20.00;Catfish;7.13;4.73;28.65
06/01/26 20.15;Catfish;7.03;4.67;28.6
06/01/26 20.30;Catfish;7.15;4.89;28.64
06/01/26 20.45;Catfish;7.04;4.51;28.61
06/01/26 21.00;Catfish;6.93;4.91;28.68
06/01/26 21.15;Catfish;7.1;4.61;28.58
06/01/26 21.30;Catfish;7.13;4.36;28.52
06/01/26 21.45;Catfish;7.19;4.62;28.69
06/01/26 22.00;Catfish;7.04;4.26;28.56
06/01/26 22.15;Catfish;7.22;4.43;28.46
06/01/26 22.30;Catfish;7.15;4.25;28.48
06/01/26 22.45;Catfish;7.25;4.72;28.47
06/01/26 23.00;Catfish;7.09;4.22;28.68
06/01/26 23.15;Catfish;7.04;4.65;28.55
06/01/26 23.30;Catfish;6.95;4.34;28.77
06/01/26 23.45;Catfish;6.96;4.24;28.59
07/01/26 00.00;Catfish;7.01;4.43;28.7
07/01/26 00.15;Catfish;7;4.54;28.76
07/01/26 00.30;Catfish;7.14;4.25;28.59
07/01/26 00.45;Catfish;7.11;4.47;28.89
07/01/26 01.00;Catfish;7.01;4.32;28.72
07/01/26 01.15;Catfish;6.97;4.24;28.71
07/01/26 01.30;Catfish;7.09;4.56;28.73
07/01/26 01.45;Catfish;7.06;4.52;28.87
07/01/26 02.00;Catfish;7.25;4.31;28.99
07/01/26 02.15;Catfish;7.13;4.58;28.69
07/01/26 02.30;Catfish;7.12;4.23;28.68
07/01/26 02.45;Catfish;7.04;4.29;28.96
07/01/26 03.00;Catfish;7.02;4.69;28.83
07/01/26 03.15;Catfish;7.02;4.25;28.9
07/01/26 03.30;Catfish;7.06;4.23;28.91
07/01/26 03.45;Catfish;7.15;4.2;29.04
07/01/26 04.00;Catfish;6.99;4.1;29.12
07/01/26 04.15;Catfish;6.97;4.41;29.18
07/01/26 04.30;Catfish;7.13;4.56;29
07/01/26 04.45;Catfish;7.04;4.59;29.13
07/01/26 05.00;Catfish;7.03;4.56;29.13
07/01/26 05.15;Catfish;7.09;4.8;29.17
07/01/26 05.30;Catfish;7.12;4.63;29.21
07/01/26 05.45;Catfish;7.04;4.56;29.5
07/01/26 06.00;Catfish;7.23;4.48;29.15
07/01/26 06.15;Catfish;7.19;4.9;29.39
07/01/26 06.30;Catfish;7;4.74;29.44
07/01/26 06.45;Catfish;7.1;5.02;29.46
07/01/26 07.00;Catfish;7.2;4.82;29.51
07/01/26 07.15;Catfish;7.01;4.9;29.51
07/01/26 07.30;Catfish;7.08;4.66;29.52
07/01/26 07.45;Catfish;7.13;5.29;29.47
07/01/26 08.00;Catfish;7.18;4.94;29.54
07/01/26 08.15;Catfish;7.19;4.95;29.51
07/01/26 08.30;Catfish;7.19;5.12;29.59
07/01/26 08.45;Catfish;7.13;5.29;29.68
07/01/26 09.00;Catfish;7;4.95;29.79
07/01/26 09.15;Catfish;7.01;5.2;29.61
07/01/26 09.30;Catfish;7.13;5.31;29.61
07/01/26 09.45;Catfish;7.13;4.78;29.61
07/01/26 10.00;Catfish;7.15;5.25;29.76
07/01/26 10.15;Catfish;7.12;5.11;29.71
07/01/26 10.30;Catfish;7.07;4.99;29.82
07/01/26 10.45;Catfish;7.07;5.02;29.8
07/01/26 11.00;Catfish;7.36;5.5;29.79
07/01/26 11.15;Catfish;7.16;5.01;29.85
07/01/26 11.30;Catfish;7.16;5.6;29.94
07/01/26 11.45;Catfish;7.11;5.22;29.87
07/01/26 12.00;Catfish;7.07;5.07;29.87
07/01/26 12.15;Catfish;7.08;5.46;29.89
07/01/26 12.30;Catfish;7.15;5.21;29.76
07/01/26 12.45;Catfish;7.11;5.25;29.6
07/01/26 13.00;Catfish;7.13;5.25;29.59
07/01/26 13.15;Catfish;7.31;5.2;29.72
07/01/26 13.30;Catfish;7.08;5.15;29.83
07/01/26 13.45;Catfish;7.16;5.42;29.66
07/01/26 14.00;Catfish;7.22;5.18;29.78
07/01/26 14.15;Catfish;7.11;5.25;29.67
07/01/26 14.30;Catfish;7.08;5.44;29.58
07/01/26 14.45;Catfish;7.08;5.16;29.49
07/01/26 15.00;Catfish;7.35;5.13;29.57
07/01/26 15.15;Catfish;7.16;5.08;29.34
07/01/26 15.30;Catfish;6.99;5.3;29.5
07/01/26 15.45;Catfish;7.09;5.07;29.37
07/01/26 16.00;Catfish;7.09;4.99;29.34
07/01/26 16.15;Catfish;7.17;5.21;29.34
07/01/26 16.30;Catfish;6.97;4.87;29.22
07/01/26 16.45;Catfish;7.13;5.04;29.27
07/01/26 17.00;Catfish;7.25;5.3;29.21
07/01/26 17.15;Catfish;7.29;5.09;29.17
07/01/26 17.30;Catfish;7.11;4.92;29.26
07/01/26 17.45;Catfish;7.25;5.08;29
07/01/26 18.00;Catfish;7.33;4.97;29.08
07/01/26 18.15;Catfish;7.11;4.97;29
07/01/26 18.30;Catfish;7.09;4.82;29.12
07/01/26 18.45;Catfish;7.22;4.96;28.96
07/01/26 19.00;Catfish;7.21;4.84;29.05
07/01/26 19.15;Catfish;7.14;4.89;28.89
07/01/26 19.30;Catfish;7.1;4.64;28.7
07/01/26 19.45;Catfish;7.38;4.75;28.77
07/01/26 20.00;Catfish;6.87;4.8;28.66
07/01/26 20.15;Catfish;7.1;4.93;28.79
07/01/26 20.30;Catfish;7.13;4.74;28.66
07/01/26 20.45;Catfish;7.02;4.83;28.75
07/01/26 21.00;Catfish;7.15;4.8;28.77
07/01/26 21.15;Catfish;7.12;4.75;28.62
07/01/26 21.30;Catfish;7.07;4.54;28.68
07/01/26 21.45;Catfish;6.93;4.59;28.65
07/01/26 22.00;Catfish;7.08;4.35;28.62
07/01/26 22.15;Catfish;7.16;4.22;28.63
07/01/26 22.30;Catfish;7.16;4.44;28.64
07/01/26 22.45;Catfish;6.99;4.19;28.59
07/01/26 23.00;Catfish;7.05;4.37;28.48
07/01/26 23.15;Catfish;6.97;4.19;28.82
07/01/26 23.30;Catfish;7.25;4.59;28.53
07/01/26 23.45;Catfish;7.01;4.31;28.47
08/01/26 00.00;Catfish;7.03;4.57;28.74
08/01/26 00.15;Catfish;6.99;4.14;28.72
08/01/26 00.30;Catfish;7.05;4.21;28.53
08/01/26 00.45;Catfish;7.1;4.4;28.81
08/01/26 01.00;Catfish;6.93;4.3;28.63
08/01/26 01.15;Catfish;6.92;4.5;28.63
08/01/26 01.30;Catfish;7.07;4.23;28.77
08/01/26 01.45;Catfish;7.16;4.23;28.62
08/01/26 02.00;Catfish;6.96;3.94;28.57
08/01/26 02.15;Catfish;6.99;4.3;28.78
08/01/26 02.30;Catfish;6.96;4.6;28.8
08/01/26 02.45;Catfish;7.01;4.46;28.82
08/01/26 03.00;Catfish;7.02;4.48;28.75
08/01/26 03.15;Catfish;7.12;4.76;28.73
08/01/26 03.30;Catfish;6.94;4.49;28.88
08/01/26 03.45;Catfish;7.07;4.25;28.87
08/01/26 04.00;Catfish;6.91;4.19;28.79
08/01/26 04.15;Catfish;7.06;4.75;28.99
08/01/26 04.30;Catfish;7.01;4.61;29.14
08/01/26 04.45;Catfish;7.08;4.52;29.17
08/01/26 05.00;Catfish;7;3.95;29.15
08/01/26 05.15;Catfish;7.03;4.43;29.22
08/01/26 05.30;Catfish;7.18;4.87;29.19
08/01/26 05.45;Catfish;7.08;4.98;29.35
08/01/26 06.00;Catfish;7.04;4.66;29.36
08/01/26 06.15;Catfish;7.16;4.79;29.34
08/01/26 06.30;Catfish;7.12;4.75;29.33
08/01/26 06.45;Catfish;7.22;4.69;29.43
08/01/26 07.00;Catfish;7;4.55;29.44
08/01/26 07.15;Catfish;7.2;5.04;29.63
08/01/26 07.30;Catfish;7.2;4.89;29.58
08/01/26 07.45;Catfish;7.03;4.81;29.65
08/01/26 08.00;Catfish;7.15;5.06;29.47
08/01/26 08.15;Catfish;7.09;5.19;29.48
08/01/26 08.30;Catfish;7.04;4.78;29.63
08/01/26 08.45;Catfish;7.11;5.06;29.61
08/01/26 09.00;Catfish;7.14;5.19;29.82
08/01/26 09.15;Catfish;7.11;4.89;29.77
08/01/26 09.30;Catfish;7.04;4.86;29.63
08/01/26 09.45;Catfish;7.13;5.01;29.73
08/01/26 10.00;Catfish;7.11;5.22;29.57
08/01/26 10.15;Catfish;7.21;5.05;29.73
08/01/26 10.30;Catfish;7.14;5.43;29.93
08/01/26 10.45;Catfish;7.21;5.34;29.72
08/01/26 11.00;Catfish;7.15;5.39;29.91
08/01/26 11.15;Catfish;7.08;5.43;29.82
08/01/26 11.30;Catfish;7.2;5.37;29.65
08/01/26 11.45;Catfish;7.27;5.46;29.86
08/01/26 12.00;Catfish;7.3;5.32;29.9
08/01/26 12.15;Catfish;7.06;5.16;29.77
08/01/26 12.30;Catfish;7.13;5.1;29.76
08/01/26 12.45;Catfish;7.18;5.39;29.87
08/01/26 13.00;Catfish;7.05;5.2;29.92
08/01/26 13.15;Catfish;7.21;4.87;29.79
08/01/26 13.30;Catfish;7.1;5.5;29.64
08/01/26 13.45;Catfish;7.11;5.15;29.87
08/01/26 14.00;Catfish;7.11;5.15;29.58
08/01/26 14.15;Catfish;7.08;5.27;29.84
08/01/26 14.30;Catfish;7.08;5.5;29.56
08/01/26 14.45;Catfish;6.94;5.36;29.64
08/01/26 15.00;Catfish;7.07;5.18;29.53
08/01/26 15.15;Catfish;7.11;5.19;29.51
08/01/26 15.30;Catfish;7.16;5.01;29.52
08/01/26 15.45;Catfish;7.05;5.34;29.53
08/01/26 16.00;Catfish;7.21;5.13;29.32
08/01/26 16.15;Catfish;7.2;4.85;29.19
08/01/26 16.30;Catfish;7.24;4.98;29.41
08/01/26 16.45;Catfish;7.16;5.13;29.22
08/01/26 17.00;Catfish;7.08;4.63;29.12
08/01/26 17.15;Catfish;6.99;4.93;29.08
08/01/26 17.30;Catfish;7.21;4.88;28.96
08/01/26 17.45;Catfish;7.07;4.81;29.08
08/01/26 18.00;Catfish;7.04;4.65;28.95
08/01/26 18.15;Catfish;7.11;4.82;29.11
08/01/26 18.30;Catfish;7.02;4.74;28.78
08/01/26 18.45;Catfish;7.17;4.78;28.96
08/01/26 19.00;Catfish;7.13;4.71;28.85
08/01/26 19.15;Catfish;7.18;4.44;28.89
08/01/26 19.30;Catfish;7.07;4.62;28.66
08/01/26 19.45;Catfish;7.25;4.58;28.58
08/01/26 20.00;Catfish;6.97;4.64;28.81
08/01/26 20.15;Catfish;7.09;4.53;28.97
08/01/26 20.30;Catfish;7.09;4.99;28.73
08/01/26 20.45;Catfish;7.23;4.85;28.57
08/01/26 21.00;Catfish;7.15;4.69;28.76
08/01/26 21.15;Catfish;7.03;4.78;28.67
08/01/26 21.30;Catfish;7;4.22;28.71
08/01/26 21.45;Catfish;7.06;4.38;28.67
08/01/26 22.00;Catfish;7.1;4.63;28.62
08/01/26 22.15;Catfish;7.03;4.13;28.76
08/01/26 22.30;Catfish;6.99;4.37;28.51
08/01/26 22.45;Catfish;7.16;4.53;28.6
08/01/26 23.00;Catfish;7.08;4.51;28.49
08/01/26 23.15;Catfish;7.06;4.42;28.58
08/01/26 23.30;Catfish;6.84;4.01;28.36
08/01/26 23.45;Catfish;7.06;4.61;28.53
09/01/26 00.00;Catfish;6.96;4.4;28.43
09/01/26 00.15;Catfish;7.1;4.38;28.72
09/01/26 00.30;Catfish;7.12;4.39;28.67
09/01/26 00.45;Catfish;7.19;4.24;28.64
09/01/26 01.00;Catfish;7.08;4.37;28.55
09/01/26 01.15;Catfish;7.04;4.62;28.6
09/01/26 01.30;Catfish;6.94;4.18;28.77
09/01/26 01.45;Catfish;7.08;4.33;28.68
09/01/26 02.00;Catfish;6.98;4.51;28.85
09/01/26 02.15;Catfish;7.04;3.95;28.92
09/01/26 02.30;Catfish;6.94;4.37;28.91
09/01/26 02.45;Catfish;6.93;4.65;28.83
09/01/26 03.00;Catfish;7.01;4.55;28.78
09/01/26 03.15;Catfish;7.04;4.57;29
09/01/26 03.30;Catfish;7.07;4.44;28.84
09/01/26 03.45;Catfish;7.06;4.06;29.05
09/01/26 04.00;Catfish;6.98;4.26;29.05
09/01/26 04.15;Catfish;7.09;4.21;29.07
09/01/26 04.30;Catfish;7.07;4.79;28.95
09/01/26 04.45;Catfish;6.98;4.85;29.14
09/01/26 05.00;Catfish;7.27;4.93;29.13
09/01/26 05.15;Catfish;7;4.7;29.36
09/01/26 05.30;Catfish;7.22;4.73;29.22
09/01/26 05.45;Catfish;7.15;4.53;29.53
09/01/26 06.00;Catfish;7.22;4.38;29.28
09/01/26 06.15;Catfish;7.04;4.63;29.39
09/01/26 06.30;Catfish;6.92;4.77;29.36
09/01/26 06.45;Catfish;7.13;4.76;29.45
09/01/26 07.00;Catfish;7.25;4.45;29.44
09/01/26 07.15;Catfish;6.94;4.74;29.65
09/01/26 07.30;Catfish;7.1;4.71;29.47
09/01/26 07.45;Catfish;7.02;4.97;29.62
09/01/26 08.00;Catfish;7.18;4.97;29.58
09/01/26 08.15;Catfish;7.22;5.05;29.59
09/01/26 08.30;Catfish;7.13;4.94;29.55
09/01/26 08.45;Catfish;7.11;4.74;29.72
09/01/26 09.00;Catfish;7.14;4.68;29.78
09/01/26 09.15;Catfish;7.18;5.04;29.87
09/01/26 09.30;Catfish;7.12;5.31;29.69
09/01/26 09.45;Catfish;7.13;5.29;29.83
09/01/26 10.00;Catfish;7.29;5.21;29.77
09/01/26 10.15;Catfish;7.03;4.99;29.69
09/01/26 10.30;Catfish;7.17;5.13;29.91
09/01/26 10.45;Catfish;7.11;4.93;29.73
09/01/26 11.00;Catfish;7.23;5.14;29.92
09/01/26 11.15;Catfish;7.25;5.02;30.06
09/01/26 11.30;Catfish;7.13;5.26;29.78
09/01/26 11.45;Catfish;7.04;5.45;29.86
09/01/26 12.00;Catfish;7.22;5.04;29.81
09/01/26 12.15;Catfish;7.01;5.42;29.67
09/01/26 12.30;Catfish;7.09;5.19;29.85
09/01/26 12.45;Catfish;7.09;5.71;29.7
09/01/26 13.00;Catfish;7.35;5.08;29.82
09/01/26 13.15;Catfish;6.99;5.25;29.81
09/01/26 13.30;Catfish;7.15;5.31;29.67
09/01/26 13.45;Catfish;7.04;5.1;29.57
09/01/26 14.00;Catfish;7.13;5.21;29.9
09/01/26 14.15;Catfish;7.26;4.98;29.53
09/01/26 14.30;Catfish;7.17;5.44;29.63
09/01/26 14.45;Catfish;7.27;5.17;29.55
09/01/26 15.00;Catfish;7.09;5.31;29.4
09/01/26 15.15;Catfish;7.16;4.84;29.46
09/01/26 15.30;Catfish;7.22;5.49;29.39
09/01/26 15.45;Catfish;7.09;5.42;29.4
09/01/26 16.00;Catfish;7.05;5.22;29.44
09/01/26 16.15;Catfish;7.26;4.91;29.2
09/01/26 16.30;Catfish;7.31;5.03;29.28
09/01/26 16.45;Catfish;7.18;5.24;29.27
09/01/26 17.00;Catfish;7.03;5.23;29.27
09/01/26 17.15;Catfish;7.1;5.2;29.16
09/01/26 17.30;Catfish;7.17;5;29.14
09/01/26 17.45;Catfish;6.92;4.54;28.96
09/01/26 18.00;Catfish;7.34;4.94;29.02
09/01/26 18.15;Catfish;7.14;4.85;29.04
09/01/26 18.30;Catfish;7.21;5.01;28.99
09/01/26 18.45;Catfish;6.99;4.35;28.87
09/01/26 19.00;Catfish;7.08;5.07;29.15
09/01/26 19.15;Catfish;7.1;4.28;28.82
09/01/26 19.30;Catfish;7.23;4.46;28.86
09/01/26 19.45;Catfish;7.19;5.05;28.82
09/01/26 20.00;Catfish;7.06;4.44;28.69
09/01/26 20.15;Catfish;7.02;4.76;28.77
09/01/26 20.30;Catfish;7.04;4.93;28.78
09/01/26 20.45;Catfish;7.09;4.37;28.63
09/01/26 21.00;Catfish;7.21;4.6;28.62
09/01/26 21.15;Catfish;7.08;4.44;28.65
09/01/26 21.30;Catfish;7.04;4.66;28.56
09/01/26 21.45;Catfish;7.08;4.57;28.72
09/01/26 22.00;Catfish;7.09;4.56;28.41
09/01/26 22.15;Catfish;7.07;4.34;28.42
09/01/26 22.30;Catfish;7.16;4.4;28.57
09/01/26 22.45;Catfish;6.85;4.25;28.54
09/01/26 23.00;Catfish;7.01;4.35;28.85
09/01/26 23.15;Catfish;7.11;4.4;28.61
09/01/26 23.30;Catfish;7;4.35;28.68
09/01/26 23.45;Catfish;7.15;3.79;28.7
10/01/26 00.00;Catfish;7.16;4.11;28.6
10/01/26 00.15;Catfish;7.09;4.28;28.49
10/01/26 00.30;Catfish;6.97;3.96;28.45
10/01/26 00.45;Catfish;7.02;3.59;28.71
10/01/26 01.00;Catfish;6.98;4.22;28.73
10/01/26 01.15;Catfish;7.06;4.3;28.71
10/01/26 01.30;Catfish;6.97;4.41;28.63
10/01/26 01.45;Catfish;7.02;4.69;28.63
10/01/26 02.00;Catfish;7.12;4.12;28.75
10/01/26 02.15;Catfish;7.11;4.29;28.7
10/01/26 02.30;Catfish;7.06;4.62;28.75
10/01/26 02.45;Catfish;7.11;4.4;28.84
10/01/26 03.00;Catfish;6.95;4.13;29.06
10/01/26 03.15;Catfish;6.96;4.41;28.99
10/01/26 03.30;Catfish;6.96;4.48;28.88
10/01/26 03.45;Catfish;7.1;4.59;29.08
10/01/26 04.00;Catfish;7.03;4.54;28.89
10/01/26 04.15;Catfish;7.07;4.65;29.16
10/01/26 04.30;Catfish;7.15;4.41;29.06
10/01/26 04.45;Catfish;7.14;4.23;29.14
10/01/26 05.00;Catfish;7.18;4.58;29.12
10/01/26 05.15;Catfish;7.15;4.71;29.24
10/01/26 05.30;Catfish;7.06;4.48;29.34
10/01/26 05.45;Catfish;7.14;4.59;29.27
10/01/26 06.00;Catfish;7.05;4.73;29.24
10/01/26 06.15;Catfish;7.03;4.93;29.51
10/01/26 06.30;Catfish;6.94;4.86;29.34
10/01/26 06.45;Catfish;7.07;4.67;29.51
10/01/26 07.00;Catfish;7.22;4.81;29.61
10/01/26 07.15;Catfish;7.08;4.56;29.52
10/01/26 07.30;Catfish;7.1;4.97;29.59
10/01/26 07.45;Catfish;7.01;4.55;29.72
10/01/26 08.00;Catfish;7.11;4.86;29.71
10/01/26 08.15;Catfish;7.02;4.84;29.72
10/01/26 08.30;Catfish;7.14;4.63;29.74
10/01/26 08.45;Catfish;7.12;4.83;29.51
10/01/26 09.00;Catfish;7.03;4.88;29.76
10/01/26 09.15;Catfish;7.13;5.22;29.69
10/01/26 09.30;Catfish;7.24;5.08;29.92
10/01/26 09.45;Catfish;6.92;5.11;29.76
10/01/26 10.00;Catfish;7.18;5.11;29.69
10/01/26 10.15;Catfish;7.11;4.88;29.86
10/01/26 10.30;Catfish;7.18;4.9;29.77
10/01/26 10.45;Catfish;7.23;5.01;29.83
10/01/26 11.00;Catfish;7.09;5.23;29.74
10/01/26 11.15;Catfish;7.13;5.34;29.92
10/01/26 11.30;Catfish;7.11;5.32;29.83
10/01/26 11.45;Catfish;7.08;5.25;29.78
10/01/26 12.00;Catfish;7.21;5.39;29.85
10/01/26 12.15;Catfish;7.09;4.83;29.8
10/01/26 12.30;Catfish;7.05;5.72;29.83
10/01/26 12.45;Catfish;7.4;5.09;29.6
10/01/26 13.00;Catfish;7.16;5.1;29.59
10/01/26 13.15;Catfish;7.22;5.19;29.74
10/01/26 13.30;Catfish;7.14;5.09;29.76
10/01/26 13.45;Catfish;7.16;4.87;29.6
10/01/26 14.00;Catfish;7.17;5.13;29.51
10/01/26 14.15;Catfish;7.15;5.33;29.53
10/01/26 14.30;Catfish;7.26;5.22;29.57
10/01/26 14.45;Catfish;7.19;5.13;29.48
10/01/26 15.00;Catfish;6.98;5.08;29.48
10/01/26 15.15;Catfish;7.1;5.05;29.34
10/01/26 15.30;Catfish;7.07;4.84;29.51
10/01/26 15.45;Catfish;7.18;5.3;29.37
10/01/26 16.00;Catfish;7.14;5.46;29.44
10/01/26 16.15;Catfish;7.33;4.93;29.53
10/01/26 16.30;Catfish;7.09;5.24;29.19
10/01/26 16.45;Catfish;7.2;4.61;29.26
10/01/26 17.00;Catfish;7.32;5.04;29.27
10/01/26 17.15;Catfish;7.11;4.76;29.18
10/01/26 17.30;Catfish;6.99;4.62;28.95
10/01/26 17.45;Catfish;7.23;5.01;29.22
10/01/26 18.00;Catfish;7.25;4.54;29.15
10/01/26 18.15;Catfish;7.05;4.76;28.94
10/01/26 18.30;Catfish;7.03;4.97;29.01
10/01/26 18.45;Catfish;7.22;5;28.77
10/01/26 19.00;Catfish;7.2;4.82;28.96
10/01/26 19.15;Catfish;7.13;4.68;28.91
10/01/26 19.30;Catfish;7.12;4.49;28.62
10/01/26 19.45;Catfish;7.08;4.59;28.96
10/01/26 20.00;Catfish;7.19;4.6;29.04
10/01/26 20.15;Catfish;7.13;4.52;28.67
10/01/26 20.30;Catfish;7.11;4.65;28.77
10/01/26 20.45;Catfish;7;4.68;28.6
10/01/26 21.00;Catfish;7.1;4.41;28.82
10/01/26 21.15;Catfish;7;4.18;28.69
10/01/26 21.30;Catfish;7;4.17;28.72
10/01/26 21.45;Catfish;6.93;4.47;28.82
10/01/26 22.00;Catfish;6.96;4.41;28.67
10/01/26 22.15;Catfish;7.22;4.12;28.69
10/01/26 22.30;Catfish;7.05;4.56;28.77
10/01/26 22.45;Catfish;7.14;4.38;28.6
10/01/26 23.00;Catfish;7.01;4.47;28.63
10/01/26 23.15;Catfish;7.03;4.39;28.58
10/01/26 23.30;Catfish;6.9;4.36;28.54
10/01/26 23.45;Catfish;7.1;4.42;28.76
11/01/26 00.00;Catfish;7.16;4.21;28.66
11/01/26 00.15;Catfish;7.09;4.31;28.64
11/01/26 00.30;Catfish;7.12;4.13;28.56
11/01/26 00.45;Catfish;6.99;4.47;28.66
11/01/26 01.00;Catfish;6.9;4.32;28.74
11/01/26 01.15;Catfish;7.08;4.27;28.75
11/01/26 01.30;Catfish;6.97;4.34;28.82
11/01/26 01.45;Catfish;6.94;4.28;28.91
11/01/26 02.00;Catfish;7.03;4.38;28.66
11/01/26 02.15;Catfish;7;4.71;28.75
11/01/26 02.30;Catfish;7.13;4.12;28.88
11/01/26 02.45;Catfish;7;4.21;28.85
11/01/26 03.00;Catfish;6.97;4.2;28.78
11/01/26 03.15;Catfish;6.97;4.2;28.96
11/01/26 03.30;Catfish;6.94;4.21;29.05
11/01/26 03.45;Catfish;7.09;4.51;28.94
11/01/26 04.00;Catfish;7.12;4.44;28.95
11/01/26 04.15;Catfish;7.14;4.44;29
11/01/26 04.30;Catfish;7.15;4.84;28.88
11/01/26 04.45;Catfish;7.07;4.21;29.12
11/01/26 05.00;Catfish;7.06;4.69;29.13
11/01/26 05.15;Catfish;7.1;4.88;29.27
11/01/26 05.30;Catfish;7.1;4.41;29.26
11/01/26 05.45;Catfish;7.08;4.31;29.26
11/01/26 06.00;Catfish;7.01;4.91;29.41
11/01/26 06.15;Catfish;7.18;4.67;29.38
11/01/26 06.30;Catfish;7.16;4.62;29.36
11/01/26 06.45;Catfish;6.85;4.64;29.39
11/01/26 07.00;Catfish;7.11;4.54;29.56
11/01/26 07.15;Catfish;7.05;4.6;29.55
11/01/26 07.30;Catfish;7.22;4.91;29.55
11/01/26 07.45;Catfish;7.13;5.07;29.61
11/01/26 08.00;Catfish;7.05;4.86;29.53
11/01/26 08.15;Catfish;6.93;4.44;29.42
11/01/26 08.30;Catfish;7.08;4.75;29.71
11/01/26 08.45;Catfish;7.29;4.86;29.7
11/01/26 09.00;Catfish;6.92;4.8;29.6
11/01/26 09.15;Catfish;7;5.4;29.63
11/01/26 09.30;Catfish;7.24;5.05;29.78
11/01/26 09.45;Catfish;7.13;4.86;29.67
11/01/26 10.00;Catfish;7.08;5.16;29.67
11/01/26 10.15;Catfish;7.18;5.29;29.8
11/01/26 10.30;Catfish;7.29;4.84;29.81
11/01/26 10.45;Catfish;6.97;4.89;29.79
11/01/26 11.00;Catfish;7.18;4.75;29.79
11/01/26 11.15;Catfish;7.13;5.13;29.83
11/01/26 11.30;Catfish;7.05;5.15;29.65
11/01/26 11.45;Catfish;7.14;5.26;29.96
11/01/26 12.00;Catfish;6.99;5.39;29.97
11/01/26 12.15;Catfish;7.09;5.02;29.79
11/01/26 12.30;Catfish;7.12;5.21;29.78
11/01/26 12.45;Catfish;7.16;5.28;29.51
11/01/26 13.00;Catfish;7.16;5.27;29.77
11/01/26 13.15;Catfish;7.09;5.37;29.61
11/01/26 13.30;Catfish;7.2;5.11;29.55
11/01/26 13.45;Catfish;7.13;5.15;29.64
11/01/26 14.00;Catfish;7.17;5.44;29.58
11/01/26 14.15;Catfish;7.25;5.2;29.52
11/01/26 14.30;Catfish;7.18;5.48;29.59
11/01/26 14.45;Catfish;7.21;5.17;29.58
11/01/26 15.00;Catfish;7.16;4.88;29.52
11/01/26 15.15;Catfish;7.29;5.26;29.25
11/01/26 15.30;Catfish;7.22;5.14;29.46
11/01/26 15.45;Catfish;7.23;4.97;29.44
11/01/26 16.00;Catfish;7.07;5.19;29.52
11/01/26 16.15;Catfish;7.19;4.9;29.26
11/01/26 16.30;Catfish;7.07;5.07;29.23
11/01/26 16.45;Catfish;7.06;4.98;29.39
11/01/26 17.00;Catfish;7.25;4.84;29.26
11/01/26 17.15;Catfish;7.14;5.01;29.35
11/01/26 17.30;Catfish;7.02;4.96;28.96
11/01/26 17.45;Catfish;7.07;5.01;29.23
11/01/26 18.00;Catfish;7.09;4.82;29.11
11/01/26 18.15;Catfish;7.24;4.84;29.15
11/01/26 18.30;Catfish;7.02;4.63;28.87
11/01/26 18.45;Catfish;7.09;4.37;28.97
11/01/26 19.00;Catfish;7.08;4.96;28.78
11/01/26 19.15;Catfish;7.18;4.76;28.76
11/01/26 19.30;Catfish;7.03;4.7;28.86
11/01/26 19.45;Catfish;6.98;4.68;28.85
11/01/26 20.00;Catfish;7.01;4.55;28.85
11/01/26 20.15;Catfish;7.14;4.65;28.73
11/01/26 20.30;Catfish;7.11;4.55;28.75
11/01/26 20.45;Catfish;6.92;4.62;28.6
11/01/26 21.00;Catfish;7.18;4.63;28.77
11/01/26 21.15;Catfish;6.98;4.21;28.49
11/01/26 21.30;Catfish;7.16;4.43;28.89
11/01/26 21.45;Catfish;7.08;4.29;28.8
11/01/26 22.00;Catfish;7;4.4;28.68
11/01/26 22.15;Catfish;7.17;4.66;28.77
11/01/26 22.30;Catfish;7.11;4.66;28.79
11/01/26 22.45;Catfish;6.98;4.46;28.7
11/01/26 23.00;Catfish;6.99;4.45;28.52
11/01/26 23.15;Catfish;6.93;4.1;28.6
11/01/26 23.30;Catfish;6.92;4.36;28.61
11/01/26 23.45;Catfish;7.04;4.5;28.41
12/01/26 00.00;Catfish;7.21;4.22;28.81
12/01/26 00.15;Catfish;6.98;4.47;28.58
12/01/26 00.30;Catfish;7.01;4.25;28.62
12/01/26 00.45;Catfish;7.31;4.42;28.65
12/01/26 01.00;Catfish;7.04;4.15;28.72
12/01/26 01.15;Catfish;7.08;4.05;28.63
12/01/26 01.30;Catfish;6.9;4.18;28.83
12/01/26 01.45;Catfish;7.06;4.3;28.76
12/01/26 02.00;Catfish;7.16;4.59;28.83
12/01/26 02.15;Catfish;6.98;4.17;28.74
12/01/26 02.30;Catfish;7.19;4.67;28.94
12/01/26 02.45;Catfish;7;4.13;28.87
12/01/26 03.00;Catfish;6.94;4.44;28.97
12/01/26 03.15;Catfish;7.15;4.5;29.16
12/01/26 03.30;Catfish;7.05;4.25;29.08
12/01/26 03.45;Catfish;7.1;4.39;29.05
12/01/26 04.00;Catfish;7.02;4.57;29.03
12/01/26 04.15;Catfish;6.92;4.45;29.11
12/01/26 04.30;Catfish;7.08;4.27;29.19
12/01/26 04.45;Catfish;7.11;4.4;29.28
12/01/26 05.00;Catfish;7.06;4.81;29.23
12/01/26 05.15;Catfish;7.15;4.39;29.23
12/01/26 05.30;Catfish;6.95;4.6;29.37
12/01/26 05.45;Catfish;7.07;4.62;29.26
12/01/26 06.00;Catfish;7.09;4.65;29.34
12/01/26 06.15;Catfish;7.11;4.63;29.42
12/01/26 06.30;Catfish;6.87;4.66;29.2
12/01/26 06.45;Catfish;7.19;4.53;29.5
12/01/26 07.00;Catfish;7.01;4.9;29.33
12/01/26 07.15;Catfish;6.99;4.56;29.51
12/01/26 07.30;Catfish;7.03;4.91;29.95
12/01/26 07.45;Catfish;6.99;4.89;29.69
12/01/26 08.00;Catfish;7.05;4.74;29.56
12/01/26 08.15;Catfish;7.16;4.53;29.64
12/01/26 08.30;Catfish;7.01;4.49;29.64
12/01/26 08.45;Catfish;7.03;4.91;29.62
12/01/26 09.00;Catfish;7.05;4.88;29.74
12/01/26 09.15;Catfish;7.03;4.5;29.57
12/01/26 09.30;Catfish;7.26;4.72;29.7
12/01/26 09.45;Catfish;7.1;4.9;29.96
12/01/26 10.00;Catfish;7.1;4.97;29.78
12/01/26 10.15;Catfish;6.97;5.09;29.67
12/01/26 10.30;Catfish;7.1;4.8;29.85
12/01/26 10.45;Catfish;7.1;4.82;29.9
12/01/26 11.00;Catfish;7.14;4.95;29.78
12/01/26 11.15;Catfish;7.25;5.25;29.86
12/01/26 11.30;Catfish;7.23;5.04;29.82
12/01/26 11.45;Catfish;7.13;5.3;29.76
12/01/26 12.00;Catfish;7.32;5.33;29.91
12/01/26 12.15;Catfish;7.19;4.77;29.53
12/01/26 12.30;Catfish;7.23;5.57;29.71
12/01/26 12.45;Catfish;7.08;5.21;29.7
12/01/26 13.00;Catfish;7.15;5.12;29.65
12/01/26 13.15;Catfish;7.16;5.42;29.73
12/01/26 13.30;Catfish;7.11;5.44;29.72
12/01/26 13.45;Catfish;7.01;5.19;29.66
12/01/26 14.00;Catfish;6.98;5.23;29.68
12/01/26 14.15;Catfish;7.15;5.39;29.71
12/01/26 14.30;Catfish;6.98;5.35;29.67
12/01/26 14.45;Catfish;7.2;5.33;29.59
12/01/26 15.00;Catfish;7.07;4.92;29.47
12/01/26 15.15;Catfish;6.97;5.16;29.65
12/01/26 15.30;Catfish;7.05;4.54;29.43
12/01/26 15.45;Catfish;7.18;5;29.34
12/01/26 16.00;Catfish;7.05;4.94;29.27
12/01/26 16.15;Catfish;7.02;5.04;29.31
12/01/26 16.30;Catfish;7.1;5.09;29.32
12/01/26 16.45;Catfish;7.04;4.73;29.26
12/01/26 17.00;Catfish;7.21;4.74;29.06
12/01/26 17.15;Catfish;7.18;4.73;29.13
12/01/26 17.30;Catfish;7.13;4.84;29.16
12/01/26 17.45;Catfish;7.19;4.9;29.12
12/01/26 18.00;Catfish;7.08;4.54;28.99
12/01/26 18.15;Catfish;7.14;4.67;29.16
12/01/26 18.30;Catfish;7.03;4.52;29.14
12/01/26 18.45;Catfish;7.29;4.32;28.86
12/01/26 19.00;Catfish;7.03;4.99;28.89
12/01/26 19.15;Catfish;7.1;4.6;28.8
12/01/26 19.30;Catfish;7.09;4.74;28.81
12/01/26 19.45;Catfish;6.96;4.76;28.77
12/01/26 20.00;Catfish;7.01;4.71;28.73
12/01/26 20.15;Catfish;7.04;4.59;28.77
12/01/26 20.30;Catfish;7.22;4.28;28.54
12/01/26 20.45;Catfish;7.07;4.38;28.79
12/01/26 21.00;Catfish;7.05;4.3;28.7
12/01/26 21.15;Catfish;7.1;4.37;28.69
12/01/26 21.30;Catfish;7.04;4.01;28.54
12/01/26 21.45;Catfish;7.03;4.42;28.54
12/01/26 22.00;Catfish;7.07;3.99;28.39
12/01/26 22.15;Catfish;6.94;4.31;28.59
12/01/26 22.30;Catfish;7.02;4.6;28.58
12/01/26 22.45;Catfish;6.97;4.38;28.73
12/01/26 23.00;Catfish;7.06;4.37;28.53
12/01/26 23.15;Catfish;7;4.16;28.7
12/01/26 23.30;Catfish;7.12;4.51;28.81
12/01/26 23.45;Catfish;7.01;4.5;28.55
13/01/26 00.00;Catfish;7.02;4.21;28.58
13/01/26 00.15;Catfish;6.98;4.34;28.65
13/01/26 00.30;Catfish;7.04;4.43;28.71
13/01/26 00.45;Catfish;7.01;4.15;28.7
13/01/26 01.00;Catfish;6.99;4.39;28.62
13/01/26 01.15;Catfish;7.11;4.36;28.66
13/01/26 01.30;Catfish;7.05;4.31;28.78
13/01/26 01.45;Catfish;7.07;4.46;28.63
13/01/26 02.00;Catfish;6.97;3.59;28.75
13/01/26 02.15;Catfish;6.98;3.82;28.56
13/01/26 02.30;Catfish;6.92;4.06;28.87
13/01/26 02.45;Catfish;7.13;4.7;28.84
13/01/26 03.00;Catfish;7;4.32;28.88
13/01/26 03.15;Catfish;7.04;4.56;28.94
13/01/26 03.30;Catfish;7.03;4.02;28.97
13/01/26 03.45;Catfish;7.01;4.05;29.01
13/01/26 04.00;Catfish;6.95;4.09;29.08
13/01/26 04.15;Catfish;6.98;4.9;29.33
13/01/26 04.30;Catfish;7.13;4.36;29.13
13/01/26 04.45;Catfish;7.08;4.49;29.25
13/01/26 05.00;Catfish;6.84;4.38;29.35
13/01/26 05.15;Catfish;7;4.39;29.28
13/01/26 05.30;Catfish;7.11;4.31;29.2
13/01/26 05.45;Catfish;7.07;4.71;29.45
13/01/26 06.00;Catfish;6.97;4.32;29.47
13/01/26 06.15;Catfish;7.04;4.33;29.5
13/01/26 06.30;Catfish;6.98;4.72;29.48
13/01/26 06.45;Catfish;7.11;4.77;29.65
13/01/26 07.00;Catfish;7.09;4.41;29.65
13/01/26 07.15;Catfish;6.97;4.74;29.56
13/01/26 07.30;Catfish;7.21;4.73;29.67
13/01/26 07.45;Catfish;7.16;4.9;29.83
13/01/26 08.00;Catfish;7.03;5.17;29.67
13/01/26 08.15;Catfish;7.08;4.84;29.79
13/01/26 08.30;Catfish;7.1;4.77;29.73
13/01/26 08.45;Catfish;7.31;5.26;29.82
13/01/26 09.00;Catfish;7.16;4.89;29.56
13/01/26 09.15;Catfish;7.08;4.87;29.9
13/01/26 09.30;Catfish;7;4.73;29.79
13/01/26 09.45;Catfish;7.09;4.65;29.87
13/01/26 10.00;Catfish;7.19;5.13;30
13/01/26 10.15;Catfish;7.1;5.01;29.61
13/01/26 10.30;Catfish;7.03;5.21;29.91
13/01/26 10.45;Catfish;7.12;5.09;29.8
13/01/26 11.00;Catfish;7.19;4.9;29.87
13/01/26 11.15;Catfish;7.14;4.93;29.83
13/01/26 11.30;Catfish;7;5.32;29.62
13/01/26 11.45;Catfish;7.1;5.04;29.64
13/01/26 12.00;Catfish;7.25;5.01;29.97
13/01/26 12.15;Catfish;7.17;5.2;29.65
13/01/26 12.30;Catfish;7.12;4.87;29.7
13/01/26 12.45;Catfish;7.03;4.92;29.64
13/01/26 13.00;Catfish;6.91;4.64;29.58
13/01/26 13.15;Catfish;7.15;5.14;29.89
13/01/26 13.30;Catfish;7.11;5.11;29.76
13/01/26 13.45;Catfish;7.02;5.33;29.62
13/01/26 14.00;Catfish;7.1;4.91;29.6
13/01/26 14.15;Catfish;7.03;5.05;29.64
13/01/26 14.30;Catfish;7.09;5.26;29.54
13/01/26 14.45;Catfish;7.14;5.25;29.6
13/01/26 15.00;Catfish;7.23;5.27;29.43
13/01/26 15.15;Catfish;7.21;5.2;29.55
13/01/26 15.30;Catfish;7.25;5.05;29.37
13/01/26 15.45;Catfish;7.1;5.11;29.32
13/01/26 16.00;Catfish;7.04;4.75;29.42
13/01/26 16.15;Catfish;7.11;4.89;29.52
13/01/26 16.30;Catfish;7.02;5.03;29.41
13/01/26 16.45;Catfish;7.08;5.27;29.1
13/01/26 17.00;Catfish;7.04;5.08;29.14
13/01/26 17.15;Catfish;7.18;4.62;29.11
13/01/26 17.30;Catfish;7.09;4.72;29.17
13/01/26 17.45;Catfish;7.13;5.13;29.08
13/01/26 18.00;Catfish;7.05;4.61;28.84
13/01/26 18.15;Catfish;7.13;4.54;29.13
13/01/26 18.30;Catfish;7.07;4.84;29
13/01/26 18.45;Catfish;7.16;4.52;29.01
13/01/26 19.00;Catfish;6.99;4.9;29.06
13/01/26 19.15;Catfish;7;4.65;29.03
13/01/26 19.30;Catfish;7.07;4.65;28.95
13/01/26 19.45;Catfish;6.99;4.73;28.75
13/01/26 20.00;Catfish;7.04;4.62;28.92
13/01/26 20.15;Catfish;7.1;4.57;28.72
13/01/26 20.30;Catfish;7.04;4.4;28.77
13/01/26 20.45;Catfish;7.27;4.62;28.58
13/01/26 21.00;Catfish;7.04;4.51;28.7
13/01/26 21.15;Catfish;7.07;4.59;28.68
13/01/26 21.30;Catfish;7;4.41;28.68
13/01/26 21.45;Catfish;6.87;4.34;28.79
13/01/26 22.00;Catfish;7.07;4.6;28.67
13/01/26 22.15;Catfish;6.96;4.31;28.57
13/01/26 22.30;Catfish;7.06;4.18;28.68
13/01/26 22.45;Catfish;7.07;4.33;28.8
13/01/26 23.00;Catfish;7.2;4.3;28.63
13/01/26 23.15;Catfish;7.05;4.37;28.79
13/01/26 23.30;Catfish;7.04;4.04;28.54
13/01/26 23.45;Catfish;6.91;4.04;28.54
14/01/26 00.00;Catfish;7;4.15;28.49
14/01/26 00.15;Catfish;7.19;3.89;28.68
14/01/26 00.30;Catfish;7.16;4.08;28.49
14/01/26 00.45;Catfish;7.02;4.17;28.75
14/01/26 01.00;Catfish;6.9;4;28.75
14/01/26 01.15;Catfish;6.99;3.86;28.49
14/01/26 01.30;Catfish;7.02;4.48;28.84
14/01/26 01.45;Catfish;7.04;4.3;28.69
14/01/26 02.00;Catfish;6.89;4.15;28.75
14/01/26 02.15;Catfish;6.91;4.2;28.73
14/01/26 02.30;Catfish;7.07;4.48;28.75
14/01/26 02.45;Catfish;6.99;4.68;28.94
14/01/26 03.00;Catfish;7.07;4.48;28.8
14/01/26 03.15;Catfish;6.98;3.69;28.77
14/01/26 03.30;Catfish;7.13;4.03;29.01
14/01/26 03.45;Catfish;7.04;4.41;29.04
14/01/26 04.00;Catfish;7.07;4.5;29.25
14/01/26 04.15;Catfish;7.02;4.79;29.17
14/01/26 04.30;Catfish;7.13;4.36;28.98
14/01/26 04.45;Catfish;7.16;4.58;29.25
14/01/26 05.00;Catfish;6.96;4.11;29.28
14/01/26 05.15;Catfish;7.16;4.46;29.29
14/01/26 05.30;Catfish;7;4.61;29.4
14/01/26 05.45;Catfish;7.1;4.72;29.37
14/01/26 06.00;Catfish;7.1;4.39;29.27
14/01/26 06.15;Catfish;7.02;4.69;29.36
14/01/26 06.30;Catfish;7.04;4.46;29.48
14/01/26 06.45;Catfish;7.04;4.86;29.55
14/01/26 07.00;Catfish;6.97;4.61;29.57
14/01/26 07.15;Catfish;6.99;4.9;29.54
14/01/26 07.30;Catfish;7.04;4.73;29.63
14/01/26 07.45;Catfish;7.16;4.91;29.59
14/01/26 08.00;Catfish;7.13;5.26;29.69
14/01/26 08.15;Catfish;7;4.88;29.87
14/01/26 08.30;Catfish;7.13;4.84;29.84
14/01/26 08.45;Catfish;7.24;4.85;29.72
14/01/26 09.00;Catfish;7.1;4.79;29.95
14/01/26 09.15;Catfish;7;4.92;29.85
14/01/26 09.30;Catfish;7.05;4.8;29.74
14/01/26 09.45;Catfish;7.23;4.88;29.87
14/01/26 10.00;Catfish;7.14;5.22;29.79
14/01/26 10.15;Catfish;7.13;4.91;29.86
14/01/26 10.30;Catfish;7.16;4.8;29.84
14/01/26 10.45;Catfish;6.97;5.03;29.88
14/01/26 11.00;Catfish;7.04;5.05;29.84
14/01/26 11.15;Catfish;7.19;5.05;29.82
14/01/26 11.30;Catfish;7.09;5.36;29.77
14/01/26 11.45;Catfish;7.1;4.9;29.7
14/01/26 12.00;Catfish;7.07;5.12;29.89
14/01/26 12.15;Catfish;7.23;5.14;29.95
14/01/26 12.30;Catfish;7.14;5.36;29.72
14/01/26 12.45;Catfish;7.07;5.07;29.81
14/01/26 13.00;Catfish;7.22;4.27;29.75
14/01/26 13.15;Catfish;7.13;5.09;29.47
14/01/26 13.30;Catfish;7.11;5.11;29.63
14/01/26 13.45;Catfish;7.02;5.5;29.58
14/01/26 14.00;Catfish;7.27;5.06;29.67
14/01/26 14.15;Catfish;7.23;5.39;29.59
14/01/26 14.30;Catfish;7.14;5.12;29.55
14/01/26 14.45;Catfish;7.22;5.18;29.65
14/01/26 15.00;Catfish;7.27;5.12;29.52
14/01/26 15.15;Catfish;7.07;4.9;29.48
14/01/26 15.30;Catfish;7.17;5.29;29.56
14/01/26 15.45;Catfish;7.21;4.82;29.42
14/01/26 16.00;Catfish;7.05;5.13;29.4
14/01/26 16.15;Catfish;7.2;5.07;29.38
14/01/26 16.30;Catfish;7.13;4.96;29.28
14/01/26 16.45;Catfish;7.07;4.85;29.24
14/01/26 17.00;Catfish;7.04;4.9;29.39
14/01/26 17.15;Catfish;7.05;4.97;29.18
14/01/26 17.30;Catfish;7.12;4.3;29.15
14/01/26 17.45;Catfish;7.16;4.75;29.22
14/01/26 18.00;Catfish;7;4.83;29.2
14/01/26 18.15;Catfish;7.15;4.38;28.95
14/01/26 18.30;Catfish;7.02;4.66;28.87
14/01/26 18.45;Catfish;7.05;4.45;28.98
14/01/26 19.00;Catfish;7.15;4.94;28.98
14/01/26 19.15;Catfish;7.07;4.6;28.92
14/01/26 19.30;Catfish;7.12;4.65;28.8
14/01/26 19.45;Catfish;7.15;4.66;28.95
14/01/26 20.00;Catfish;7.29;4.56;28.83
14/01/26 20.15;Catfish;7.22;4.08;28.76
14/01/26 20.30;Catfish;7.14;4.61;28.85
14/01/26 20.45;Catfish;7.17;4.51;28.71
14/01/26 21.00;Catfish;6.92;4.62;28.74
14/01/26 21.15;Catfish;7.15;4.19;28.6
14/01/26 21.30;Catfish;6.94;4.39;28.85
14/01/26 21.45;Catfish;7.15;4.53;28.53
14/01/26 22.00;Catfish;7.13;4.58;28.72
14/01/26 22.15;Catfish;7.08;4.65;28.77
14/01/26 22.30;Catfish;7.02;4.53;28.6
14/01/26 22.45;Catfish;6.98;4.3;28.78
14/01/26 23.00;Catfish;7.13;4.32;28.58
14/01/26 23.15;Catfish;6.99;4.24;28.58
14/01/26 23.30;Catfish;6.98;4.18;28.73
14/01/26 23.45;Catfish;7.04;4.25;28.73
15/01/26 00.00;Gourami;7.45;4.37;26.77
15/01/26 00.15;Gourami;7.69;3.61;27.36
15/01/26 00.30;Gourami;7.53;3.72;27.69
15/01/26 00.45;Gourami;7.54;3.71;27.42
15/01/26 01.00;Gourami;7.55;3.53;27.57
15/01/26 01.15;Gourami;7.81;3.61;27.55
15/01/26 01.30;Gourami;7.46;3.75;27.36
15/01/26 01.45;Gourami;7.43;3.93;27.48
15/01/26 02.00;Gourami;7.54;4.28;27.71
15/01/26 02.15;Gourami;7.37;4.47;27.85
15/01/26 02.30;Gourami;7.49;3.8;27.96
15/01/26 02.45;Gourami;7.59;4.22;27.96
15/01/26 03.00;Gourami;7.48;4.03;27.72
15/01/26 03.15;Gourami;7.35;4.08;27.98
15/01/26 03.30;Gourami;7.65;4.06;28.13
15/01/26 03.45;Gourami;7.63;3.97;28.07
15/01/26 04.00;Gourami;7.69;3.48;28.31
15/01/26 04.15;Gourami;7.64;4.26;28.67
15/01/26 04.30;Gourami;7.69;4.43;28.33
15/01/26 04.45;Gourami;7.5;4.71;28.63
15/01/26 05.00;Gourami;7.44;4.2;28.41
15/01/26 05.15;Gourami;7.41;4.3;28.35
15/01/26 05.30;Gourami;7.55;4.71;28.92
15/01/26 05.45;Gourami;7.51;4.59;28.97
15/01/26 06.00;Gourami;7.66;4.49;29.52
15/01/26 06.15;Gourami;7.54;4.56;29.59
15/01/26 06.30;Gourami;7.78;5.09;29.24
15/01/26 06.45;Gourami;7.48;4.52;29.13
15/01/26 07.00;Gourami;7.63;4.9;29.38
15/01/26 07.15;Gourami;7.58;4.94;29.48
15/01/26 07.30;Gourami;7.5;5.46;29.56
15/01/26 07.45;Gourami;7.55;4.93;29.6
15/01/26 08.00;Gourami;7.76;5.21;30.09
15/01/26 08.15;Gourami;7.79;5.86;30.39
15/01/26 08.30;Gourami;7.52;5.78;29.79
15/01/26 08.45;Gourami;7.81;5.44;29.89
15/01/26 09.00;Gourami;7.5;5.65;30.21
15/01/26 09.15;Gourami;7.54;5.56;30.32
15/01/26 09.30;Gourami;7.81;6.04;30.2
15/01/26 09.45;Gourami;7.67;5.72;29.91
15/01/26 10.00;Gourami;7.54;5.76;30.56
15/01/26 10.15;Gourami;7.63;5.67;29.94
15/01/26 10.30;Gourami;7.62;5.99;29.79
15/01/26 10.45;Gourami;7.75;6.09;29.85
15/01/26 11.00;Gourami;7.84;6.08;30.43
15/01/26 11.15;Gourami;7.89;5.78;29.93
15/01/26 11.30;Gourami;7.81;5.96;30.42
15/01/26 11.45;Gourami;7.8;5.94;30.41
15/01/26 12.00;Gourami;7.63;6.14;30.06
15/01/26 12.15;Gourami;7.81;6.49;30.22
15/01/26 12.30;Gourami;7.65;5.72;30.36
15/01/26 12.45;Gourami;7.8;6.13;30.62
15/01/26 13.00;Gourami;7.81;5.57;29.96
15/01/26 13.15;Gourami;7.49;5.61;29.63
15/01/26 13.30;Gourami;7.8;5.74;29.94
15/01/26 13.45;Gourami;7.8;6.31;30.01
15/01/26 14.00;Gourami;7.79;5.94;29.75
15/01/26 14.15;Gourami;7.85;6.6;29.7
15/01/26 14.30;Gourami;7.68;5.62;28.93
15/01/26 14.45;Gourami;7.4;4.36;28.52
15/01/26 15.00;Gourami;7.6;6.83;29.28
15/01/26 15.15;Gourami;7.68;5.57;29.16
15/01/26 15.30;Gourami;7.77;5.69;29.12
15/01/26 15.45;Gourami;7.73;5.92;28.98
15/01/26 16.00;Gourami;7.53;5.38;28.62
15/01/26 16.15;Gourami;7.46;5.78;28.85
15/01/26 16.30;Gourami;7.62;5.58;28.85
15/01/26 16.45;Gourami;7.75;5.63;29.11
15/01/26 17.00;Gourami;7.8;5.52;27.98
15/01/26 17.15;Gourami;7.58;4.02;27.93
15/01/26 17.30;Gourami;7.68;5.24;28.42
15/01/26 17.45;Gourami;7.82;4.97;28.34
15/01/26 18.00;Gourami;7.3;4.44;27
15/01/26 18.15;Gourami;7.49;5.24;28.25
15/01/26 18.30;Gourami;7.62;5.41;27.94
15/01/26 18.45;Gourami;7.68;4.63;27.83
15/01/26 19.00;Gourami;7.54;5;27.98
15/01/26 19.15;Gourami;7.55;4.86;27.88
15/01/26 19.30;Gourami;7.69;4.52;27.67
15/01/26 19.45;Gourami;7.71;5.15;27.25
15/01/26 20.00;Gourami;7.54;4.87;27
15/01/26 20.15;Gourami;7.6;5.09;27.52
15/01/26 20.30;Gourami;7.5;4.48;27.65
15/01/26 20.45;Gourami;7.56;4.39;27.18
15/01/26 21.00;Gourami;7.48;4.59;27.14
15/01/26 21.15;Gourami;7.61;4.59;26.93
15/01/26 21.30;Gourami;7.73;4.17;27.47
15/01/26 21.45;Gourami;7.59;4.29;26.89
15/01/26 22.00;Gourami;7.35;4.17;27.46
15/01/26 22.15;Gourami;7.25;4.47;26.87
15/01/26 22.30;Gourami;7.54;3.8;26.69
15/01/26 22.45;Gourami;7.34;4.21;27.25
15/01/26 23.00;Gourami;7.44;4.47;26.97
15/01/26 23.15;Gourami;7.35;3.69;27.01
15/01/26 23.30;Gourami;7.51;3.97;26.78
15/01/26 23.45;Gourami;7.49;3.88;27.05
16/01/26 00.00;Gourami;7.42;3.76;27.03
16/01/26 00.15;Gourami;7.63;3.57;27.13
16/01/26 00.30;Gourami;7.47;4.05;27.57
16/01/26 00.45;Gourami;7.39;3.87;27.54
16/01/26 01.00;Gourami;7.42;3.95;27.58
16/01/26 01.15;Gourami;7.57;3.88;27.05
16/01/26 01.30;Gourami;7.62;3.68;27.45
16/01/26 01.45;Gourami;7.42;4.17;27.68
16/01/26 02.00;Gourami;7.29;3.94;28.26
16/01/26 02.15;Gourami;7.52;4.03;27.71
16/01/26 02.30;Gourami;7.53;4.09;27.67
16/01/26 02.45;Gourami;7.43;3.72;27.93
16/01/26 03.00;Gourami;7.65;3.96;27.63
16/01/26 03.15;Gourami;7.52;3.51;27.98
16/01/26 03.30;Gourami;7.45;3.84;27.64
16/01/26 03.45;Gourami;7.54;3.88;28.3
16/01/26 04.00;Gourami;7.65;3.68;27.95
16/01/26 04.15;Gourami;7.47;4.12;28.29
16/01/26 04.30;Gourami;7.35;3.33;27.84
16/01/26 04.45;Gourami;7.56;3.49;27.52
16/01/26 05.00;Gourami;7.25;3.97;27.97
16/01/26 05.15;Gourami;7.65;4.2;28.1
16/01/26 05.30;Gourami;7.46;4.32;28.64
16/01/26 05.45;Gourami;7.39;3.64;28.89
16/01/26 06.00;Gourami;7.54;4.59;28.46
16/01/26 06.15;Gourami;7.53;4.59;28.99
16/01/26 06.30;Gourami;7.61;4.61;28.72
16/01/26 06.45;Gourami;7.5;4.93;29.52
16/01/26 07.00;Gourami;7.56;4.82;29.37
16/01/26 07.15;Gourami;7.53;4.65;29.42
16/01/26 07.30;Gourami;7.5;5.25;29.31
16/01/26 07.45;Gourami;7.68;5.2;29.27
16/01/26 08.00;Gourami;7.58;5.44;29.56
16/01/26 08.15;Gourami;7.47;5.15;30.07
16/01/26 08.30;Gourami;7.67;5.16;29.6
16/01/26 08.45;Gourami;7.65;5.25;30.01
16/01/26 09.00;Gourami;7.59;5.67;29.73
16/01/26 09.15;Gourami;7.28;5.91;30
16/01/26 09.30;Gourami;7.52;5.89;30.17
16/01/26 09.45;Gourami;7.85;5.33;30.23
16/01/26 10.00;Gourami;7.84;5.59;30.28
16/01/26 10.15;Gourami;7.59;5.85;30.39
16/01/26 10.30;Gourami;7.81;5.92;30.39
16/01/26 10.45;Gourami;7.67;5.94;30.59
16/01/26 11.00;Gourami;7.69;5.77;30.52
16/01/26 11.15;Gourami;7.59;5.61;30.85
16/01/26 11.30;Gourami;7.79;5.62;30.08
16/01/26 11.45;Gourami;7.8;6.43;29.91
16/01/26 12.00;Gourami;7.5;6.11;29.88
16/01/26 12.15;Gourami;7.7;6.2;30.2
16/01/26 12.30;Gourami;7.73;6.24;30.12
16/01/26 12.45;Gourami;7.63;6.19;29.92
16/01/26 13.00;Gourami;7.79;6.39;30.47
16/01/26 13.15;Gourami;7.87;6.22;29.84
16/01/26 13.30;Gourami;7.73;6.22;29.73
16/01/26 13.45;Gourami;7.6;5.99;29.78
16/01/26 14.00;Gourami;7.94;5.79;29.45
16/01/26 14.15;Gourami;7.73;5.92;29.89
16/01/26 14.30;Gourami;7.71;6.33;29.78
16/01/26 14.45;Gourami;7.83;5.75;29.37
16/01/26 15.00;Gourami;7.72;5.73;29.62
16/01/26 15.15;Gourami;7.85;5.87;29.13
16/01/26 15.30;Gourami;7.76;6.12;29.5
16/01/26 15.45;Gourami;7.63;5.84;29.65
16/01/26 16.00;Gourami;7.68;5.94;29.38
16/01/26 16.15;Gourami;7.75;5.8;28.95
16/01/26 16.30;Gourami;7.92;5.6;28.5
16/01/26 16.45;Gourami;7.61;5.42;28.97
16/01/26 17.00;Gourami;7.69;5.95;28.98
16/01/26 17.15;Gourami;7.76;5.67;28.81
16/01/26 17.30;Gourami;7.75;5.15;28.75
16/01/26 17.45;Gourami;7.74;5.28;28.26
16/01/26 18.00;Gourami;7.42;5.13;28.14
16/01/26 18.15;Gourami;7.72;5.08;27.98
16/01/26 18.30;Gourami;7.79;4.98;28.18
16/01/26 18.45;Gourami;7.68;5.23;28.16
16/01/26 19.00;Gourami;7.73;4.74;27.47
16/01/26 19.15;Gourami;7.6;5.55;27.33
16/01/26 19.30;Gourami;7.46;4.73;27.85
16/01/26 19.45;Gourami;7.87;4.77;27.4
16/01/26 20.00;Gourami;7.68;4.62;27.3
16/01/26 20.15;Gourami;7.59;4.92;27.07
16/01/26 20.30;Gourami;7.62;4.11;27.65
16/01/26 20.45;Gourami;7.68;4.01;27.74
16/01/26 21.00;Gourami;7.68;4.73;27.28
16/01/26 21.15;Gourami;7.5;4.17;27.11
16/01/26 21.30;Gourami;7.63;4.06;27.3
16/01/26 21.45;Gourami;7.55;3.81;26.96
16/01/26 22.00;Gourami;7.59;4.31;26.89
16/01/26 22.15;Gourami;7.49;3.91;26.91
16/01/26 22.30;Gourami;7.66;4.1;26.63
16/01/26 22.45;Gourami;7.26;2.97;26.57
16/01/26 23.00;Gourami;7.46;3.51;26.97
16/01/26 23.15;Gourami;7.57;4.02;27.05
16/01/26 23.30;Gourami;7.5;3.73;26.94
16/01/26 23.45;Gourami;7.53;3.51;26.92
17/01/26 00.00;Gourami;7.34;3.03;26.38
17/01/26 00.15;Gourami;7.61;3.75;26.85
17/01/26 00.30;Gourami;7.33;2.9;25.9
17/01/26 00.45;Gourami;7.6;3.72;27.13
17/01/26 01.00;Gourami;7.33;3.44;26.85
17/01/26 01.15;Gourami;7.43;3.48;26.73
17/01/26 01.30;Gourami;7.37;3.4;27.48
17/01/26 01.45;Gourami;7.32;4.19;27.38
17/01/26 02.00;Gourami;7.45;3.51;27.52
17/01/26 02.15;Gourami;7.64;3.42;27.53
17/01/26 02.30;Gourami;7.63;3.66;27.36
17/01/26 02.45;Gourami;7.53;4.03;27.86
17/01/26 03.00;Gourami;7.31;3.36;27.23
17/01/26 03.15;Gourami;7.47;3.8;27.6
17/01/26 03.30;Gourami;7.39;2.82;26.98
17/01/26 03.45;Gourami;7.27;4.05;27.85
17/01/26 04.00;Gourami;7.52;3.93;28.33
17/01/26 04.15;Gourami;7.42;4.46;28.23
17/01/26 04.30;Gourami;7.39;4.1;28.48
17/01/26 04.45;Gourami;7.54;4.38;28.5
17/01/26 05.00;Gourami;7.41;4.18;28.58
17/01/26 05.15;Gourami;7.4;4.16;28.82
17/01/26 05.30;Gourami;7.5;4.68;29.27
17/01/26 05.45;Gourami;7.35;4.81;29.3
17/01/26 06.00;Gourami;7.49;4.56;29.41
17/01/26 06.15;Gourami;7.6;5.1;29.02
17/01/26 06.30;Gourami;7.73;4.92;29.14
17/01/26 06.45;Gourami;7.48;4.4;29.49
17/01/26 07.00;Gourami;7.72;4.95;29.61
17/01/26 07.15;Gourami;7.51;5;29.49
17/01/26 07.30;Gourami;7.64;4.92;29.34
17/01/26 07.45;Gourami;7.64;5.1;29.77
17/01/26 08.00;Gourami;7.56;5.11;29.84
17/01/26 08.15;Gourami;7.68;5.26;30.2
17/01/26 08.30;Gourami;7.48;5.44;29.65
17/01/26 08.45;Gourami;7.66;5.36;30.29
17/01/26 09.00;Gourami;7.59;5.79;30.26
17/01/26 09.15;Gourami;7.52;5.53;29.94
17/01/26 09.30;Gourami;7.8;5.46;29.99
17/01/26 09.45;Gourami;7.69;5.49;30.06
17/01/26 10.00;Gourami;7.69;6.12;30.19
17/01/26 10.15;Gourami;7.61;5.97;30.27
17/01/26 10.30;Gourami;7.6;5.8;30.49
17/01/26 10.45;Gourami;7.66;5.84;30.54
17/01/26 11.00;Gourami;7.74;5.56;30.67
17/01/26 11.15;Gourami;7.67;6.01;30.41
17/01/26 11.30;Gourami;7.67;6.15;30.17
17/01/26 11.45;Gourami;7.83;6.46;30.07
17/01/26 12.00;Gourami;7.75;5.42;30.13
17/01/26 12.15;Gourami;7.6;6.51;30.59
17/01/26 12.30;Gourami;7.8;6.48;30.23
17/01/26 12.45;Gourami;8.07;6.1;30.02
17/01/26 13.00;Gourami;7.76;6.11;29.75
17/01/26 13.15;Gourami;7.73;6.03;29.87
17/01/26 13.30;Gourami;7.54;6.03;29.68
17/01/26 13.45;Gourami;7.83;5.66;30.16
17/01/26 14.00;Gourami;7.59;5.92;29.73
17/01/26 14.15;Gourami;7.82;5.89;29.55
17/01/26 14.30;Gourami;7.87;5.72;29.9
17/01/26 14.45;Gourami;7.94;5.88;29.29
17/01/26 15.00;Gourami;7.63;6.06;29.57
17/01/26 15.15;Gourami;7.69;6.43;29.49
17/01/26 15.30;Gourami;7.66;5.92;29.66
17/01/26 15.45;Gourami;7.63;5.84;29.35
17/01/26 16.00;Gourami;8.04;6.1;28.66
17/01/26 16.15;Gourami;7.67;5.25;28.95
17/01/26 16.30;Gourami;7.83;5.64;28.98
17/01/26 16.45;Gourami;7.88;5.57;28.64
17/01/26 17.00;Gourami;7.56;5.4;28.85
17/01/26 17.15;Gourami;7.55;5.83;28.53
17/01/26 17.30;Gourami;7.72;5.38;27.93
17/01/26 17.45;Gourami;7.61;5.15;27.99
17/01/26 18.00;Gourami;7.86;5.45;28.19
17/01/26 18.15;Gourami;7.81;5.45;28.25
17/01/26 18.30;Gourami;7.54;4.8;28.27
17/01/26 18.45;Gourami;7.8;5.18;28.06
17/01/26 19.00;Gourami;7.71;5.14;28.06
17/01/26 19.15;Gourami;7.48;4.43;27.59
17/01/26 19.30;Gourami;7.52;4.53;27.34
17/01/26 19.45;Gourami;7.66;4.91;27.78
17/01/26 20.00;Gourami;7.62;4.22;27.55
17/01/26 20.15;Gourami;7.61;3.75;27.34
17/01/26 20.30;Gourami;7.61;4.84;27.7
17/01/26 20.45;Gourami;7.66;4.61;26.86
17/01/26 21.00;Gourami;7.57;4.36;27.62
17/01/26 21.15;Gourami;7.49;4.28;26.86
17/01/26 21.30;Gourami;7.57;4.09;27.14
17/01/26 21.45;Gourami;7.49;4.67;26.99
17/01/26 22.00;Gourami;7.58;4.34;27.33
17/01/26 22.15;Gourami;7.38;4.16;27.23
17/01/26 22.30;Gourami;7.55;4.12;27.12
17/01/26 22.45;Gourami;7.46;4.07;27.28
17/01/26 23.00;Gourami;7.61;3.95;27.08
17/01/26 23.15;Gourami;7.47;4.15;26.99
17/01/26 23.30;Gourami;7.44;3.88;27.04
17/01/26 23.45;Gourami;7.52;3.61;27.25
18/01/26 00.00;Gourami;7.56;3.83;27.02
18/01/26 00.15;Gourami;7.45;3.39;27.11
18/01/26 00.30;Gourami;7.4;3.83;27.48
18/01/26 00.45;Gourami;7.54;3.57;26.99
18/01/26 01.00;Gourami;7.44;3.68;26.79
18/01/26 01.15;Gourami;7.31;4.14;27.07
18/01/26 01.30;Gourami;7.48;3.73;27.24
18/01/26 01.45;Gourami;7.55;4.61;27.05
18/01/26 02.00;Gourami;7.35;3.94;27.4
18/01/26 02.15;Gourami;7.3;4.12;28.2
18/01/26 02.30;Gourami;7.62;4.26;27.53
18/01/26 02.45;Gourami;7.62;3.84;27.78
18/01/26 03.00;Gourami;7.52;3.82;27.95
18/01/26 03.15;Gourami;7.54;3.76;27.58
18/01/26 03.30;Gourami;7.63;3.83;28.34
18/01/26 03.45;Gourami;7.46;4.3;28.29
18/01/26 04.00;Gourami;7.61;4.04;27.95
18/01/26 04.15;Gourami;7.63;4.19;28.53
18/01/26 04.30;Gourami;7.58;4.01;28.37
18/01/26 04.45;Gourami;7.5;4.25;28.79
18/01/26 05.00;Gourami;7.59;4.58;28.21
18/01/26 05.15;Gourami;7.51;4.38;28.78
18/01/26 05.30;Gourami;7.59;4.01;28.1
18/01/26 05.45;Gourami;7.63;4.42;28.58
18/01/26 06.00;Gourami;7.58;4.66;29.06
18/01/26 06.15;Gourami;7.55;4.87;29.15
18/01/26 06.30;Gourami;7.64;5.07;29.05
18/01/26 06.45;Gourami;7.52;4.96;29.53
18/01/26 07.00;Gourami;7.53;4.71;29.54
18/01/26 07.15;Gourami;7.7;5.12;29.21
18/01/26 07.30;Gourami;7.69;4.21;28.8
18/01/26 07.45;Gourami;7.82;4.36;29.16
18/01/26 08.00;Gourami;7.52;4.51;29.31
18/01/26 08.15;Gourami;7.54;5.37;29.78
18/01/26 08.30;Gourami;7.65;5.17;29.36
18/01/26 08.45;Gourami;7.35;5.06;30.06
18/01/26 09.00;Gourami;7.53;5.57;29.57
18/01/26 09.15;Gourami;7.63;5.18;30.26
18/01/26 09.30;Gourami;7.56;5.37;30.28
18/01/26 09.45;Gourami;7.47;5.57;30.16
18/01/26 10.00;Gourami;7.56;5.84;29.92
18/01/26 10.15;Gourami;7.64;5.86;29.97
18/01/26 10.30;Gourami;7.72;5.61;30.18
18/01/26 10.45;Gourami;7.56;5.8;29.9
18/01/26 11.00;Gourami;7.84;6.12;30.05
18/01/26 11.15;Gourami;7.63;6.08;30.22
18/01/26 11.30;Gourami;7.54;6.56;30.16
18/01/26 11.45;Gourami;7.62;6.39;30.25
18/01/26 12.00;Gourami;7.61;5.84;30.66
18/01/26 12.15;Gourami;7.8;6.03;29.92
18/01/26 12.30;Gourami;7.77;5.68;30.65
18/01/26 12.45;Gourami;7.64;6.13;29.93
18/01/26 13.00;Gourami;7.71;5.99;30.01
18/01/26 13.15;Gourami;7.67;6.11;29.79
18/01/26 13.30;Gourami;7.72;5.87;29.9
18/01/26 13.45;Gourami;7.55;5.85;29.72
18/01/26 14.00;Gourami;7.58;6.08;29.5
18/01/26 14.15;Gourami;7.62;5.84;29.66
18/01/26 14.30;Gourami;7.54;4.79;29
18/01/26 14.45;Gourami;7.59;6.19;29.67
18/01/26 15.00;Gourami;7.6;5.85;29.42
18/01/26 15.15;Gourami;7.68;5.71;29.22
18/01/26 15.30;Gourami;7.77;5.84;28.97
18/01/26 15.45;Gourami;7.33;5.52;29.09
18/01/26 16.00;Gourami;7.83;5.74;29.07
18/01/26 16.15;Gourami;7.5;5.23;28.43
18/01/26 16.30;Gourami;7.59;5.95;29.44
18/01/26 16.45;Gourami;7.81;5.44;28.83
18/01/26 17.00;Gourami;7.66;4.38;27.62
18/01/26 17.15;Gourami;7.52;4.87;28.16
18/01/26 17.30;Gourami;7.64;5.39;28.86
18/01/26 17.45;Gourami;7.75;4.95;28.01
18/01/26 18.00;Gourami;7.56;4.49;28.27
18/01/26 18.15;Gourami;7.66;4.98;27.83
18/01/26 18.30;Gourami;7.41;4.28;27.48
18/01/26 18.45;Gourami;7.75;4.45;27.87
18/01/26 19.00;Gourami;7.74;5.19;27.9
18/01/26 19.15;Gourami;7.54;5.02;27.82
18/01/26 19.30;Gourami;7.26;4.09;26.89
18/01/26 19.45;Gourami;7.49;4.78;27.41
18/01/26 20.00;Gourami;7.5;4.24;27.45
18/01/26 20.15;Gourami;7.75;4.14;27.23
18/01/26 20.30;Gourami;7.6;4.32;27.47
18/01/26 20.45;Gourami;7.3;3.7;26.84
18/01/26 21.00;Gourami;7.62;4.89;26.68
18/01/26 21.15;Gourami;7.33;3.84;26.73
18/01/26 21.30;Gourami;7.53;4.21;26.79
18/01/26 21.45;Gourami;7.5;3.32;26.43
18/01/26 22.00;Gourami;7.35;3.67;26.54
18/01/26 22.15;Gourami;7.55;3.2;26.5
18/01/26 22.30;Gourami;7.52;4;27.09
18/01/26 22.45;Gourami;7.55;3.77;27.22
18/01/26 23.00;Gourami;7.39;4.58;27.12
18/01/26 23.15;Gourami;7.39;3.71;27.36
18/01/26 23.30;Gourami;7.46;3.78;26.77
18/01/26 23.45;Gourami;7.51;3.82;26.81
19/01/26 00.00;Gourami;7.64;3.58;26.52
19/01/26 00.15;Gourami;7.45;2.96;26.74
19/01/26 00.30;Gourami;7.31;4.11;26.88
19/01/26 00.45;Gourami;7.47;3.7;27.32
19/01/26 01.00;Gourami;7.32;3.41;27.51
19/01/26 01.15;Gourami;7.54;3.74;27.06
19/01/26 01.30;Gourami;7.47;3.28;27.07
19/01/26 01.45;Gourami;7.41;3.45;27.31
19/01/26 02.00;Gourami;7.4;2.76;26.36
19/01/26 02.15;Gourami;7.43;3.17;28
19/01/26 02.30;Gourami;7.25;2.47;26.97
19/01/26 02.45;Gourami;7.23;3.59;27.26
19/01/26 03.00;Gourami;7.26;3.12;27.43
19/01/26 03.15;Gourami;7.23;3.71;27.88
19/01/26 03.30;Gourami;7.42;4.1;27.88
19/01/26 03.45;Gourami;7.6;4.59;28.07
19/01/26 04.00;Gourami;7.35;4.13;27.99
19/01/26 04.15;Gourami;7.5;4.27;28.34
19/01/26 04.30;Gourami;7.46;4.06;28.89
19/01/26 04.45;Gourami;7.76;4.5;28.95
19/01/26 05.00;Gourami;7.47;4.35;28.7
19/01/26 05.15;Gourami;7.65;4.39;28.72
19/01/26 05.30;Gourami;7.48;4.76;28.65
19/01/26 05.45;Gourami;7.55;4.63;29
19/01/26 06.00;Gourami;7.35;4.36;28.65
19/01/26 06.15;Gourami;7.36;4.4;29.01
19/01/26 06.30;Gourami;7.55;4.72;29.19
19/01/26 06.45;Gourami;7.73;4.25;28.07
19/01/26 07.00;Gourami;7.46;4.29;29
19/01/26 07.15;Gourami;7.47;4.77;29.66
19/01/26 07.30;Gourami;7.58;5.07;29.98
19/01/26 07.45;Gourami;7.47;3.67;28.64
19/01/26 08.00;Gourami;7.5;4.92;29.66
19/01/26 08.15;Gourami;7.46;4.47;29.68
19/01/26 08.30;Gourami;7.52;4.48;29.36
19/01/26 08.45;Gourami;7.42;5.16;29.87
19/01/26 09.00;Gourami;7.75;5.63;30.16
19/01/26 09.15;Gourami;7.52;5.84;30.15
19/01/26 09.30;Gourami;7.67;5.83;29.97
19/01/26 09.45;Gourami;7.56;5.35;30.24
19/01/26 10.00;Gourami;7.77;5.37;30.14
19/01/26 10.15;Gourami;7.72;5.65;30.48
19/01/26 10.30;Gourami;7.83;5.77;30.22
19/01/26 10.45;Gourami;7.8;5.6;30.11
19/01/26 11.00;Gourami;7.8;6.34;30.37
19/01/26 11.15;Gourami;7.79;6.08;30.19
19/01/26 11.30;Gourami;7.6;6.08;30.46
19/01/26 11.45;Gourami;7.68;5.89;30.2
19/01/26 12.00;Gourami;7.61;6.12;30.7
19/01/26 12.15;Gourami;7.71;5.95;30.4
19/01/26 12.30;Gourami;7.64;6;29.9
19/01/26 12.45;Gourami;7.83;6.47;30.23
19/01/26 13.00;Gourami;7.64;5.93;30.33
19/01/26 13.15;Gourami;7.66;5.87;30.2
19/01/26 13.30;Gourami;7.53;6.41;30.14
19/01/26 13.45;Gourami;7.83;6.03;30.14
19/01/26 14.00;Gourami;7.63;5.99;30.03
19/01/26 14.15;Gourami;7.69;6.19;29.98
19/01/26 14.30;Gourami;7.64;6.14;29.99
19/01/26 14.45;Gourami;7.56;5.84;29.18
19/01/26 15.00;Gourami;7.71;5.92;29.57
19/01/26 15.15;Gourami;7.62;6.06;28.94
19/01/26 15.30;Gourami;7.83;5.62;29.11
19/01/26 15.45;Gourami;7.57;5.97;28.97
19/01/26 16.00;Gourami;7.69;5.64;28.95
19/01/26 16.15;Gourami;7.63;5.4;28.97
19/01/26 16.30;Gourami;7.79;5.62;28.61
19/01/26 16.45;Gourami;7.93;5.34;28.54
19/01/26 17.00;Gourami;7.53;5.54;28.89
19/01/26 17.15;Gourami;7.73;5.34;28.49
19/01/26 17.30;Gourami;7.61;5.2;28.21
19/01/26 17.45;Gourami;7.79;5.53;27.7
19/01/26 18.00;Gourami;7.6;4.3;27.83
19/01/26 18.15;Gourami;7.4;4.85;27.69
19/01/26 18.30;Gourami;7.51;5.15;28.36
19/01/26 18.45;Gourami;7.7;5.31;28.08
19/01/26 19.00;Gourami;7.49;4.92;27.53
19/01/26 19.15;Gourami;7.66;5.1;27.19
19/01/26 19.30;Gourami;7.56;5.07;27.17
19/01/26 19.45;Gourami;7.51;4.79;27.47
19/01/26 20.00;Gourami;7.63;5.08;27.26
19/01/26 20.15;Gourami;7.61;4.69;27.18
19/01/26 20.30;Gourami;7.69;5.07;27.45
19/01/26 20.45;Gourami;7.58;4.38;27.44
19/01/26 21.00;Gourami;7.56;4.32;27.26
19/01/26 21.15;Gourami;7.52;4.64;27.16
19/01/26 21.30;Gourami;7.59;4.62;26.95
19/01/26 21.45;Gourami;7.53;4.24;27.28
19/01/26 22.00;Gourami;7.57;4.18;27
19/01/26 22.15;Gourami;7.57;3.87;27.02
19/01/26 22.30;Gourami;7.5;4.34;27.54
19/01/26 22.45;Gourami;7.71;4.07;27.11
19/01/26 23.00;Gourami;7.56;3.89;27.11
19/01/26 23.15;Gourami;7.62;3.79;27.02
19/01/26 23.30;Gourami;7.55;3.81;27.46
19/01/26 23.45;Gourami;7.51;3.69;26.79
20/01/26 00.00;Gourami;7.68;3.95;27.05
20/01/26 00.15;Gourami;7.74;3.9;27.17
20/01/26 00.30;Gourami;7.69;3.92;26.98
20/01/26 00.45;Gourami;7.34;3.72;27.4
20/01/26 01.00;Gourami;7.56;3.84;27.18
20/01/26 01.15;Gourami;7.49;4.05;27.43
20/01/26 01.30;Gourami;7.71;3.99;27.18
20/01/26 01.45;Gourami;7.61;3.52;27.01
20/01/26 02.00;Gourami;7.62;3.53;28.23
20/01/26 02.15;Gourami;7.48;3.31;27.47
20/01/26 02.30;Gourami;7.48;3.46;27.59
20/01/26 02.45;Gourami;7.53;4.21;28.22
20/01/26 03.00;Gourami;7.51;4;28.08
20/01/26 03.15;Gourami;7.33;3.87;28.09
20/01/26 03.30;Gourami;7.38;4.47;28.45
20/01/26 03.45;Gourami;7.45;3.63;28.1
20/01/26 04.00;Gourami;7.3;3.96;28.34
20/01/26 04.15;Gourami;7.42;4.11;28.39
20/01/26 04.30;Gourami;7.55;4.34;27.77
20/01/26 04.45;Gourami;7.51;4.5;28.46
20/01/26 05.00;Gourami;7.53;4.3;28.74
20/01/26 05.15;Gourami;7.51;4.27;28.63
20/01/26 05.30;Gourami;7.61;4.72;28.68
20/01/26 05.45;Gourami;7.44;5.32;28.91
20/01/26 06.00;Gourami;7.61;4.89;29.16
20/01/26 06.15;Gourami;7.48;4.92;29.12
20/01/26 06.30;Gourami;7.69;4.75;29.2
20/01/26 06.45;Gourami;7.56;4.88;29.78
20/01/26 07.00;Gourami;7.7;4.65;29.44
20/01/26 07.15;Gourami;7.34;5.22;29.67
20/01/26 07.30;Gourami;7.64;4.88;29.43
20/01/26 07.45;Gourami;7.62;5.26;29.58
20/01/26 08.00;Gourami;7.64;5.28;29.77
20/01/26 08.15;Gourami;7.47;5.65;29.7
20/01/26 08.30;Gourami;7.59;4.52;29.79
20/01/26 08.45;Gourami;7.56;4.76;29.64
20/01/26 09.00;Gourami;7.6;5.03;29.99
20/01/26 09.15;Gourami;7.55;5.12;30.09
20/01/26 09.30;Gourami;7.54;5.75;30.12
20/01/26 09.45;Gourami;7.5;5.67;30.48
20/01/26 10.00;Gourami;7.67;5.7;30.18
20/01/26 10.15;Gourami;7.57;5.89;30.46
20/01/26 10.30;Gourami;7.67;5.78;30.05
20/01/26 10.45;Gourami;7.66;6.02;29.88
20/01/26 11.00;Gourami;7.69;6.06;29.94
20/01/26 11.15;Gourami;7.8;5.89;29.96
20/01/26 11.30;Gourami;7.73;6.06;29.96
20/01/26 11.45;Gourami;7.55;5.93;30.12
20/01/26 12.00;Gourami;7.7;5.74;30.26
20/01/26 12.15;Gourami;7.89;6.15;30.38
20/01/26 12.30;Gourami;7.84;6.36;29.8
20/01/26 12.45;Gourami;7.62;6.42;29.83
20/01/26 13.00;Gourami;7.78;6.21;29.87
20/01/26 13.15;Gourami;7.63;5.44;29.86
20/01/26 13.30;Gourami;7.74;6.13;29.89
20/01/26 13.45;Gourami;7.67;6.21;30.17
20/01/26 14.00;Gourami;7.74;5.83;29.85
20/01/26 14.15;Gourami;7.69;5.81;29.61
20/01/26 14.30;Gourami;7.69;5.98;29.3
20/01/26 14.45;Gourami;7.73;5.62;29.63
20/01/26 15.00;Gourami;7.72;6.29;29.38
20/01/26 15.15;Gourami;7.88;5.96;29.57
20/01/26 15.30;Gourami;7.77;5.66;29.21
20/01/26 15.45;Gourami;7.72;5.41;29.23
20/01/26 16.00;Gourami;7.78;5.82;29.36
20/01/26 16.15;Gourami;7.68;5.6;29.3
20/01/26 16.30;Gourami;7.73;5.71;29.1
20/01/26 16.45;Gourami;7.78;6.04;28.73
20/01/26 17.00;Gourami;7.77;5.68;28.91
20/01/26 17.15;Gourami;7.69;5.82;28.36
20/01/26 17.30;Gourami;7.74;5.32;28.13
20/01/26 17.45;Gourami;7.72;4.98;28.41
20/01/26 18.00;Gourami;7.62;5.23;28.11
20/01/26 18.15;Gourami;7.72;5.3;28.16
20/01/26 18.30;Gourami;7.64;4.84;28.21
20/01/26 18.45;Gourami;7.8;5.29;28.32
20/01/26 19.00;Gourami;7.52;4.61;27.53
20/01/26 19.15;Gourami;7.53;5.01;28.05
20/01/26 19.30;Gourami;7.67;4.69;27.8
20/01/26 19.45;Gourami;7.65;4.6;27.6
20/01/26 20.00;Gourami;7.49;4.8;27.63
20/01/26 20.15;Gourami;7.65;4.28;27.45
20/01/26 20.30;Gourami;7.54;4.23;27.35
20/01/26 20.45;Gourami;7.69;4.33;27.14
20/01/26 21.00;Gourami;7.62;4.66;27.25
20/01/26 21.15;Gourami;7.55;4.23;27.21
20/01/26 21.30;Gourami;7.58;4;27.26
20/01/26 21.45;Gourami;7.45;3.93;27.42
20/01/26 22.00;Gourami;7.61;4;26.8
20/01/26 22.15;Gourami;7.45;3.91;26.73
20/01/26 22.30;Gourami;7.44;4.14;27.22
20/01/26 22.45;Gourami;7.33;3.74;27.17
20/01/26 23.00;Gourami;7.69;4.21;27.02
20/01/26 23.15;Gourami;7.47;4.02;26.77
20/01/26 23.30;Gourami;7.68;3.92;27.16
20/01/26 23.45;Gourami;7.28;3.99;26.91
21/01/26 00.00;Gourami;7.72;3.73;27.44
21/01/26 00.15;Gourami;7.46;3.7;26.91
21/01/26 00.30;Gourami;7.57;4.1;27.42
21/01/26 00.45;Gourami;7.47;4.23;27.7
21/01/26 01.00;Gourami;7.53;3.95;27.41
21/01/26 01.15;Gourami;7.49;4.11;27.53
21/01/26 01.30;Gourami;7.7;4.43;27.93
21/01/26 01.45;Gourami;7.31;3.38;27.94
21/01/26 02.00;Gourami;7.55;4.12;27.69
21/01/26 02.15;Gourami;7.45;3.54;27.99
21/01/26 02.30;Gourami;7.6;4.02;27.55
21/01/26 02.45;Gourami;7.64;4.04;28
21/01/26 03.00;Gourami;7.73;4.27;27.84
21/01/26 03.15;Gourami;7.53;4.06;28.02
21/01/26 03.30;Gourami;7.48;4.28;28.01
21/01/26 03.45;Gourami;7.57;3.76;27.92
21/01/26 04.00;Gourami;7.71;4.13;28.06
21/01/26 04.15;Gourami;7.37;4.23;28.3
21/01/26 04.30;Gourami;7.42;4.44;28.58
21/01/26 04.45;Gourami;7.74;4.24;28.82
21/01/26 05.00;Gourami;7.47;3.97;28.74
21/01/26 05.15;Gourami;7.54;4.59;28.84
21/01/26 05.30;Gourami;7.49;4.5;28.87
21/01/26 05.45;Gourami;7.51;4.64;29.01
21/01/26 06.00;Gourami;7.41;4.77;29.27
21/01/26 06.15;Gourami;7.49;5.14;29.29
21/01/26 06.30;Gourami;7.46;4.37;29.18
21/01/26 06.45;Gourami;7.7;4.41;29.21
21/01/26 07.00;Gourami;7.58;4.96;29.98
21/01/26 07.15;Gourami;7.54;5.46;29.44
21/01/26 07.30;Gourami;7.54;5.44;29.55
21/01/26 07.45;Gourami;7.63;4.87;29.94
21/01/26 08.00;Gourami;7.49;5.02;29.77
21/01/26 08.15;Gourami;7.71;4.63;29.53
21/01/26 08.30;Gourami;7.35;5.31;29.62
21/01/26 08.45;Gourami;7.36;5.59;30.22
21/01/26 09.00;Gourami;7.69;5.78;29.85
21/01/26 09.15;Gourami;7.62;5.08;30.1
21/01/26 09.30;Gourami;7.29;4.83;29.39
21/01/26 09.45;Gourami;7.63;5.57;30.08
21/01/26 10.00;Gourami;7.69;5.54;30.34
21/01/26 10.15;Gourami;7.64;5.84;30.2
21/01/26 10.30;Gourami;7.6;5.58;30.31
21/01/26 10.45;Gourami;7.69;5.34;29.53
21/01/26 11.00;Gourami;7.7;5.6;30
21/01/26 11.15;Gourami;7.79;5.63;30.12
21/01/26 11.30;Gourami;7.76;6.22;30.26
21/01/26 11.45;Gourami;7.62;6.34;30.1
21/01/26 12.00;Gourami;7.51;5.47;29.64
21/01/26 12.15;Gourami;7.56;5.43;29.81
21/01/26 12.30;Gourami;7.45;4.71;29.12
21/01/26 12.45;Gourami;7.67;5.91;30.07
21/01/26 13.00;Gourami;7.73;5.68;29.86
21/01/26 13.15;Gourami;7.71;5.58;29.99
21/01/26 13.30;Gourami;7.49;5.2;29.29
21/01/26 13.45;Gourami;7.53;5.49;29.23
21/01/26 14.00;Gourami;7.73;5.64;29.69
21/01/26 14.15;Gourami;7.65;5.51;29.64
21/01/26 14.30;Gourami;7.55;5.44;29.03
21/01/26 14.45;Gourami;7.75;5.88;29.5
21/01/26 15.00;Gourami;7.67;5.66;29.59
21/01/26 15.15;Gourami;7.99;6.01;29.13
21/01/26 15.30;Gourami;7.64;5.78;29.24
21/01/26 15.45;Gourami;7.79;5.8;29.04
21/01/26 16.00;Gourami;7.96;5.64;29.13
21/01/26 16.15;Gourami;7.96;6.12;29.23
21/01/26 16.30;Gourami;7.64;5.66;28.58
21/01/26 16.45;Gourami;7.81;5.64;28.76
21/01/26 17.00;Gourami;7.59;5.63;28.47
21/01/26 17.15;Gourami;7.67;5.31;28.57
21/01/26 17.30;Gourami;7.71;5.63;28.29
21/01/26 17.45;Gourami;7.85;5.07;28.15
21/01/26 18.00;Gourami;7.77;5.37;28.17
21/01/26 18.15;Gourami;7.48;5.07;27.84
21/01/26 18.30;Gourami;7.96;4.91;28.18
21/01/26 18.45;Gourami;7.5;4.93;27.95
21/01/26 19.00;Gourami;7.67;5.19;27.9
21/01/26 19.15;Gourami;7.51;4.67;27.38
21/01/26 19.30;Gourami;7.56;4.73;27.28
21/01/26 19.45;Gourami;7.6;4.37;27.58
21/01/26 20.00;Gourami;7.61;4.41;27.19
21/01/26 20.15;Gourami;7.63;4.48;27.91
21/01/26 20.30;Gourami;7.54;4.41;27.24
21/01/26 20.45;Gourami;7.61;4.21;27.08
21/01/26 21.00;Gourami;7.44;4.37;26.97
21/01/26 21.15;Gourami;7.58;4.14;27.38
21/01/26 21.30;Gourami;7.42;4.3;27.26
21/01/26 21.45;Gourami;7.33;3.98;27.54
21/01/26 22.00;Gourami;7.63;3.95;26.85
21/01/26 22.15;Gourami;7.33;3.96;26.83
21/01/26 22.30;Gourami;7.56;4.06;26.92
21/01/26 22.45;Gourami;7.46;4.24;26.64
21/01/26 23.00;Gourami;7.55;4.18;27.32
21/01/26 23.15;Gourami;7.52;3.94;27.07
21/01/26 23.30;Gourami;7.57;3.4;26.93
21/01/26 23.45;Gourami;7.61;3.75;26.8
22/01/26 00.00;Gourami;7.31;4.02;27.56
22/01/26 00.15;Gourami;7.48;4.05;26.88
22/01/26 00.30;Gourami;7.43;4.48;27.51
22/01/26 00.45;Gourami;7.63;3.7;27.29
22/01/26 01.00;Gourami;7.54;3.6;27
22/01/26 01.15;Gourami;7.28;3.62;27.62
22/01/26 01.30;Gourami;7.5;3.51;27.41
22/01/26 01.45;Gourami;7.45;3.58;27.7
22/01/26 02.00;Gourami;7.43;3.71;27.74
22/01/26 02.15;Gourami;7.2;3.24;27.61
22/01/26 02.30;Gourami;7.64;3.9;27.81
22/01/26 02.45;Gourami;7.59;3.99;27.62
22/01/26 03.00;Gourami;7.56;3.75;27.69
22/01/26 03.15;Gourami;7.44;4.16;28.1
22/01/26 03.30;Gourami;7.56;4.01;28.11
22/01/26 03.45;Gourami;7.48;4.08;28.05
22/01/26 04.00;Gourami;7.46;4.04;28.04
22/01/26 04.15;Gourami;7.57;3.54;28.52
22/01/26 04.30;Gourami;7.45;4.5;28.27
22/01/26 04.45;Gourami;7.27;4.07;28.76
22/01/26 05.00;Gourami;7.49;4.56;28.41
22/01/26 05.15;Gourami;7.65;4.28;28.79
22/01/26 05.30;Gourami;7.47;4.51;29.28
22/01/26 05.45;Gourami;7.33;4.56;28.99
22/01/26 06.00;Gourami;7.48;4.33;29.19
22/01/26 06.15;Gourami;7.46;4.73;29.51
22/01/26 06.30;Gourami;7.46;4.23;29.17
22/01/26 06.45;Gourami;7.72;5.01;29.73
22/01/26 07.00;Gourami;7.68;4.54;29.71
22/01/26 07.15;Gourami;7.64;5.14;29.25
22/01/26 07.30;Gourami;7.68;5.03;29.76
22/01/26 07.45;Gourami;7.67;5.15;29.84
22/01/26 08.00;Gourami;7.71;5.06;29.83
22/01/26 08.15;Gourami;7.62;5.6;29.66
22/01/26 08.30;Gourami;7.55;5.3;29.95
22/01/26 08.45;Gourami;7.69;5.7;29.85
22/01/26 09.00;Gourami;7.64;5.4;30.05
22/01/26 09.15;Gourami;7.52;5.45;30.01
22/01/26 09.30;Gourami;7.69;5.89;29.79
22/01/26 09.45;Gourami;7.73;5.67;29.95
22/01/26 10.00;Gourami;7.69;5.86;30.25
22/01/26 10.15;Gourami;7.69;5.66;30.49
22/01/26 10.30;Gourami;7.69;5.66;30.47
22/01/26 10.45;Gourami;7.68;5.96;30.44
22/01/26 11.00;Gourami;7.68;5.78;30.14
22/01/26 11.15;Gourami;7.51;6.07;30.19
22/01/26 11.30;Gourami;7.58;5.95;30.5
22/01/26 11.45;Gourami;7.93;6;30.22
22/01/26 12.00;Gourami;7.74;6.34;30.08
22/01/26 12.15;Gourami;7.73;6.23;30.73
22/01/26 12.30;Gourami;7.74;5.77;30.45
22/01/26 12.45;Gourami;7.68;6.03;30.24
22/01/26 13.00;Gourami;7.51;6.13;30.18
22/01/26 13.15;Gourami;7.97;5.88;30.06
22/01/26 13.30;Gourami;7.67;6.18;29.92
22/01/26 13.45;Gourami;7.73;6.33;29.68
22/01/26 14.00;Gourami;7.84;5.67;30.04
22/01/26 14.15;Gourami;7.78;5.81;29.37
22/01/26 14.30;Gourami;7.57;6.09;29.74
22/01/26 14.45;Gourami;7.69;5.98;29.48
22/01/26 15.00;Gourami;7.65;6.06;29.42
22/01/26 15.15;Gourami;7.89;5.98;29.58
22/01/26 15.30;Gourami;7.62;5.84;29.62
22/01/26 15.45;Gourami;7.61;5.77;29.57
22/01/26 16.00;Gourami;7.76;5.68;29.11
22/01/26 16.15;Gourami;7.62;5.31;28.77
22/01/26 16.30;Gourami;7.72;5.34;29.02
22/01/26 16.45;Gourami;7.62;5.68;28.6
22/01/26 17.00;Gourami;7.71;6.02;28.64
22/01/26 17.15;Gourami;7.59;5.35;28.72
22/01/26 17.30;Gourami;7.51;5.33;28.75
22/01/26 17.45;Gourami;7.62;5.57;28.51
22/01/26 18.00;Gourami;7.74;5.18;28.04
22/01/26 18.15;Gourami;7.52;5.02;28.66
22/01/26 18.30;Gourami;7.56;5.13;28.25
22/01/26 18.45;Gourami;7.7;5.12;27.4
22/01/26 19.00;Gourami;7.63;5.05;27.71
22/01/26 19.15;Gourami;7.85;4.83;27.95
22/01/26 19.30;Gourami;7.66;4.94;27.72
22/01/26 19.45;Gourami;7.58;4.52;27.57
22/01/26 20.00;Gourami;7.42;4.58;27.77
22/01/26 20.15;Gourami;7.42;4.52;27.13
22/01/26 20.30;Gourami;7.49;4.29;27.35
22/01/26 20.45;Gourami;7.53;4.61;26.95
22/01/26 21.00;Gourami;7.7;4.26;27.42
22/01/26 21.15;Gourami;7.56;4.04;27.42
22/01/26 21.30;Gourami;7.42;3.92;27.22
22/01/26 21.45;Gourami;7.59;4.31;27.32
22/01/26 22.00;Gourami;7.63;4.36;26.93
22/01/26 22.15;Gourami;7.59;3.59;26.79
22/01/26 22.30;Gourami;7.59;3.91;27.28
22/01/26 22.45;Gourami;7.45;4.2;27.14
22/01/26 23.00;Gourami;7.46;3.47;26.58
22/01/26 23.15;Gourami;7.6;3.55;26.73
22/01/26 23.30;Gourami;7.35;3.39;26.76
22/01/26 23.45;Gourami;7.42;3.43;26.32
23/01/26 00.00;Gourami;7.5;3.95;27.29
23/01/26 00.15;Gourami;7.3;3.24;26.84
23/01/26 00.30;Gourami;7.57;3.6;27.37
23/01/26 00.45;Gourami;7.16;3.18;27.1
23/01/26 01.00;Gourami;7.45;3.46;27.22
23/01/26 01.15;Gourami;7.55;3.51;27.93
23/01/26 01.30;Gourami;7.47;3.88;27.45
23/01/26 01.45;Gourami;7.57;3.82;27.68
23/01/26 02.00;Gourami;7.42;3.5;27.54
23/01/26 02.15;Gourami;7.15;2.1;26.66
23/01/26 02.30;Gourami;7.3;3.74;27.12
23/01/26 02.45;Gourami;7.13;2.25;26.69
23/01/26 03.00;Gourami;7.5;3.59;27.97
23/01/26 03.15;Gourami;7.34;3.48;27.91
23/01/26 03.30;Gourami;7.31;4.39;27.96
23/01/26 03.45;Gourami;7.54;4.9;28.61
23/01/26 04.00;Gourami;7.31;3.13;27.56
23/01/26 04.15;Gourami;7.45;4.04;28.35
23/01/26 04.30;Gourami;7.41;3.52;28.15
23/01/26 04.45;Gourami;7.69;4.21;28.44
23/01/26 05.00;Gourami;7.61;3.86;28.73
23/01/26 05.15;Gourami;7.47;4.31;28.4
23/01/26 05.30;Gourami;7.5;4.31;28.34
23/01/26 05.45;Gourami;7.38;4.22;28.86
23/01/26 06.00;Gourami;7.51;4.2;29.11
23/01/26 06.15;Gourami;7.47;4.73;29.03
23/01/26 06.30;Gourami;7.53;4.76;29.42
23/01/26 06.45;Gourami;7.49;5.02;29.18
23/01/26 07.00;Gourami;7.49;4.89;29.17
23/01/26 07.15;Gourami;7.47;4.82;29.88
23/01/26 07.30;Gourami;7.65;5.16;30.11
23/01/26 07.45;Gourami;7.73;5.25;29.98
23/01/26 08.00;Gourami;7.83;4.96;30.2
23/01/26 08.15;Gourami;7.56;5.37;29.87
23/01/26 08.30;Gourami;7.82;5.29;29.96
23/01/26 08.45;Gourami;7.66;5.71;29.92
23/01/26 09.00;Gourami;7.83;5.82;30.52
23/01/26 09.15;Gourami;7.53;5.59;30.2
23/01/26 09.30;Gourami;7.69;5.72;30.48
23/01/26 09.45;Gourami;7.55;5.41;29.92
23/01/26 10.00;Gourami;7.68;5.3;30.05
23/01/26 10.15;Gourami;7.71;5.84;30.04
23/01/26 10.30;Gourami;7.86;5.73;30.32
23/01/26 10.45;Gourami;7.67;5.48;30.29
23/01/26 11.00;Gourami;7.63;5.59;30.55
23/01/26 11.15;Gourami;7.63;5.65;29.98
23/01/26 11.30;Gourami;7.72;5.78;30.23
23/01/26 11.45;Gourami;7.75;6.31;30.41
23/01/26 12.00;Gourami;7.87;5.87;30.05
23/01/26 12.15;Gourami;7.74;6.16;30.14
23/01/26 12.30;Gourami;7.88;6;30.14
23/01/26 12.45;Gourami;7.75;6.36;30.16
23/01/26 13.00;Gourami;7.88;5.8;29.63
23/01/26 13.15;Gourami;7.86;6.41;29.76
23/01/26 13.30;Gourami;7.67;6.58;30.1
23/01/26 13.45;Gourami;7.42;5.75;29.75
23/01/26 14.00;Gourami;7.67;6.07;29.88
23/01/26 14.15;Gourami;7.53;5.42;28.79
23/01/26 14.30;Gourami;7.82;6.01;29.58
23/01/26 14.45;Gourami;7.67;5.66;29.77
23/01/26 15.00;Gourami;7.67;5.54;29.31
23/01/26 15.15;Gourami;7.96;5.6;29
23/01/26 15.30;Gourami;7.66;5.7;29.33
23/01/26 15.45;Gourami;7.81;5.43;29.11
23/01/26 16.00;Gourami;8.06;5.47;29.3
23/01/26 16.15;Gourami;7.78;5.42;29.06
23/01/26 16.30;Gourami;7.68;5.97;28.82
23/01/26 16.45;Gourami;7.56;5.85;29
23/01/26 17.00;Gourami;7.64;5.04;28.71
23/01/26 17.15;Gourami;7.58;5.48;28.75
23/01/26 17.30;Gourami;7.63;5.04;28.26
23/01/26 17.45;Gourami;7.63;4.96;28.26
23/01/26 18.00;Gourami;7.68;5.12;28.06
23/01/26 18.15;Gourami;7.63;5.37;28.51
23/01/26 18.30;Gourami;7.53;5.17;28
23/01/26 18.45;Gourami;7.69;4.99;27.94
23/01/26 19.00;Gourami;7.89;4.54;28.13
23/01/26 19.15;Gourami;7.49;4.66;27.54
23/01/26 19.30;Gourami;7.62;4.81;27.69
23/01/26 19.45;Gourami;7.64;4.54;27.37
23/01/26 20.00;Gourami;7.78;4.54;27.56
23/01/26 20.15;Gourami;7.45;4.3;27.52
23/01/26 20.30;Gourami;7.77;4.41;27.33
23/01/26 20.45;Gourami;7.43;4.28;27.51
23/01/26 21.00;Gourami;7.78;4.28;27.13
23/01/26 21.15;Gourami;7.42;4.18;27.08
23/01/26 21.30;Gourami;7.66;4.56;27.31
23/01/26 21.45;Gourami;7.54;4.42;27.52
23/01/26 22.00;Gourami;7.62;4.04;27.34
23/01/26 22.15;Gourami;7.48;3.67;26.7
23/01/26 22.30;Gourami;7.44;3.49;26.61
23/01/26 22.45;Gourami;7.29;3.41;26.45
23/01/26 23.00;Gourami;7.31;2.52;25.81
23/01/26 23.15;Gourami;7.48;4.01;27.28
23/01/26 23.30;Gourami;7.4;3.07;26.99
23/01/26 23.45;Gourami;7.48;2.92;26.71
24/01/26 00.00;Gourami;7.27;3.6;26.83
24/01/26 00.15;Gourami;7.35;3.08;26.99
24/01/26 00.30;Gourami;7.31;3.07;26.75
24/01/26 00.45;Gourami;7.06;2.67;25.93
24/01/26 01.00;Gourami;7.35;3.86;27.2
24/01/26 01.15;Gourami;7.3;3.25;27.4
24/01/26 01.30;Gourami;7.37;3.68;27.56
24/01/26 01.45;Gourami;7.36;3.37;27.12
24/01/26 02.00;Gourami;7.33;2.46;26.94
24/01/26 02.15;Gourami;7.32;2.9;27.32
24/01/26 02.30;Gourami;7.48;3.23;27.71
24/01/26 02.45;Gourami;7.34;2.4;26.8
24/01/26 03.00;Gourami;7.54;3.73;27.84
24/01/26 03.15;Gourami;7.41;4.11;27.67
24/01/26 03.30;Gourami;7.17;2.59;27.2
24/01/26 03.45;Gourami;7.44;3.04;27.86
24/01/26 04.00;Gourami;7.57;3.69;28.48
24/01/26 04.15;Gourami;7.47;3.67;28.72
24/01/26 04.30;Gourami;7.61;3.82;28.35
24/01/26 04.45;Gourami;7.41;4.46;28.68
24/01/26 05.00;Gourami;7.64;4.33;28.66
24/01/26 05.15;Gourami;7.4;4.13;29.03
24/01/26 05.30;Gourami;7.54;4.68;28.69
24/01/26 05.45;Gourami;7.67;4.14;28.96
24/01/26 06.00;Gourami;7.67;4.71;29.31
24/01/26 06.15;Gourami;7.62;4.12;29.5
24/01/26 06.30;Gourami;7.79;4.8;29.45
24/01/26 06.45;Gourami;7.63;4.99;29.48
24/01/26 07.00;Gourami;7.6;4.7;29.56
24/01/26 07.15;Gourami;7.29;4.74;28.92
24/01/26 07.30;Gourami;7.56;5.17;29.79
24/01/26 07.45;Gourami;7.62;5.21;29.96
24/01/26 08.00;Gourami;7.69;5.13;29.8
24/01/26 08.15;Gourami;7.58;5.34;30.24
24/01/26 08.30;Gourami;7.75;5.46;30.04
24/01/26 08.45;Gourami;7.44;5.55;30.13
24/01/26 09.00;Gourami;7.6;5.08;30.44
24/01/26 09.15;Gourami;7.62;5.72;30.67
24/01/26 09.30;Gourami;7.71;5.69;29.96
24/01/26 09.45;Gourami;7.62;5.47;30.24
24/01/26 10.00;Gourami;7.67;5.54;30.1
24/01/26 10.15;Gourami;7.77;5.59;30.43
24/01/26 10.30;Gourami;7.58;5.75;30.26
24/01/26 10.45;Gourami;7.63;5.67;30.02
24/01/26 11.00;Gourami;7.57;5.88;30.32
24/01/26 11.15;Gourami;7.6;6.37;30.58
24/01/26 11.30;Gourami;7.77;5.77;30.66
24/01/26 11.45;Gourami;7.63;5.93;30.29
24/01/26 12.00;Gourami;7.59;5.86;30.28
24/01/26 12.15;Gourami;7.89;5.74;30.31
24/01/26 12.30;Gourami;7.77;6.15;30.73
24/01/26 12.45;Gourami;7.74;5.87;30.05
24/01/26 13.00;Gourami;7.7;5.31;29.88
24/01/26 13.15;Gourami;7.68;6.44;29.71
24/01/26 13.30;Gourami;7.79;6.15;29.93
24/01/26 13.45;Gourami;7.59;6;29.59
24/01/26 14.00;Gourami;7.54;5.96;30.14
24/01/26 14.15;Gourami;7.59;6.31;30.01
24/01/26 14.30;Gourami;7.41;5.92;29.54
24/01/26 14.45;Gourami;7.36;4.66;28.64
24/01/26 15.00;Gourami;7.4;4.52;27.99
24/01/26 15.15;Gourami;7.58;4.64;28.56
24/01/26 15.30;Gourami;7.6;4.14;28.4
24/01/26 15.45;Gourami;7.59;4.77;28.47
24/01/26 16.00;Gourami;7.62;5.28;28.48
24/01/26 16.15;Gourami;7.65;5.18;28.52
24/01/26 16.30;Gourami;7.37;4.49;27.57
24/01/26 16.45;Gourami;7.55;4.79;27.78
24/01/26 17.00;Gourami;7.5;4.54;28.2
24/01/26 17.15;Gourami;7.42;4.1;27.79
24/01/26 17.30;Gourami;7.49;4.24;27.33
24/01/26 17.45;Gourami;7.57;4.7;28
24/01/26 18.00;Gourami;7.52;3.85;27.18
24/01/26 18.15;Gourami;7.4;4.02;27.97
24/01/26 18.30;Gourami;7.25;4.27;27.66
24/01/26 18.45;Gourami;7.27;4.04;27.37
24/01/26 19.00;Gourami;7.27;3.91;26.84
24/01/26 19.15;Gourami;7.23;3.49;26.43
24/01/26 19.30;Gourami;7.31;3.11;26.72
24/01/26 19.45;Gourami;7.24;3.6;26.82
24/01/26 20.00;Gourami;7.41;3.83;27
24/01/26 20.15;Gourami;7.48;3.5;26.96
24/01/26 20.30;Gourami;7.27;3.81;26.94
24/01/26 20.45;Gourami;7.46;2.75;26.37
24/01/26 21.00;Gourami;7.49;3.12;26.5
24/01/26 21.15;Gourami;7.44;2.98;26.53
24/01/26 21.30;Gourami;7.24;2.73;26.19
24/01/26 21.45;Gourami;7.28;3.13;25.66
24/01/26 22.00;Gourami;7.34;2.84;26.34
24/01/26 22.15;Gourami;7.29;3.42;26.52
24/01/26 22.30;Gourami;7.33;3.02;25.81
24/01/26 22.45;Gourami;7.3;3.59;26.73
24/01/26 23.00;Gourami;7.3;2.45;25.97
24/01/26 23.15;Gourami;7.39;1.75;25.92
24/01/26 23.30;Gourami;7.14;2.74;26.79
24/01/26 23.45;Gourami;7.25;2.88;26.82
25/01/26 00.00;Gourami;7.27;3.22;26.43
25/01/26 00.15;Gourami;7.21;2.28;26.21
25/01/26 00.30;Gourami;7.35;2.05;26.2
25/01/26 00.45;Gourami;7.32;2.85;26.75
25/01/26 01.00;Gourami;7.3;2.67;26.05
25/01/26 01.15;Gourami;7.41;2.32;26.12
25/01/26 01.30;Gourami;7.34;2.24;26.21
25/01/26 01.45;Gourami;7.36;2.37;25.97
25/01/26 02.00;Gourami;7.3;2.51;26.33
25/01/26 02.15;Gourami;7.24;3.23;26.94
25/01/26 02.30;Gourami;7.36;1.98;26.75
25/01/26 02.45;Gourami;7.2;2.51;27.11
25/01/26 03.00;Gourami;7.58;3.07;27.42
25/01/26 03.15;Gourami;7.28;2.84;26.89
25/01/26 03.30;Gourami;7.25;2.86;26.96
25/01/26 03.45;Gourami;7.05;2.67;27.32
25/01/26 04.00;Gourami;7.18;3.54;27.94
25/01/26 04.15;Gourami;7.32;2.77;28.1
25/01/26 04.30;Gourami;7.41;3.13;28.02
25/01/26 04.45;Gourami;7.18;2.61;27.48
25/01/26 05.00;Gourami;7.29;3.46;28.31
25/01/26 05.15;Gourami;7.25;3.38;27.79
25/01/26 05.30;Gourami;7.22;2.96;27.78
25/01/26 05.45;Gourami;7.35;3.54;28.37
25/01/26 06.00;Gourami;7.14;4.04;28.53
25/01/26 06.15;Gourami;7.36;3.31;27.96
25/01/26 06.30;Gourami;7.6;3.48;28.7
25/01/26 06.45;Gourami;7.4;3.43;28.1
25/01/26 07.00;Gourami;7.19;3.63;28.59
25/01/26 07.15;Gourami;7.43;3.75;29
25/01/26 07.30;Gourami;7.33;3.28;28.73
25/01/26 07.45;Gourami;7.31;4.42;28.94
25/01/26 08.00;Gourami;7.28;4.01;28.45
25/01/26 08.15;Gourami;7.27;3.71;28.6
25/01/26 08.30;Gourami;7.67;4.79;29.3
25/01/26 08.45;Gourami;7.52;4.08;28.93
25/01/26 09.00;Gourami;7.74;4.24;29.94
25/01/26 09.15;Gourami;7.48;4.67;29.33
25/01/26 09.30;Gourami;7.34;4.69;29.68
25/01/26 09.45;Gourami;7.43;4.53;29.15
25/01/26 10.00;Gourami;7.51;4.24;28.89
25/01/26 10.15;Gourami;7.4;4.28;29.17
25/01/26 10.30;Gourami;7.4;4.59;29.21
25/01/26 10.45;Gourami;7.57;4.6;29.1
25/01/26 11.00;Gourami;7.3;4.85;29.51
25/01/26 11.15;Gourami;7.37;4.43;29.45
25/01/26 11.30;Gourami;7.59;5.02;29.93
25/01/26 11.45;Gourami;7.58;4.72;29.54
25/01/26 12.00;Gourami;7.45;4.28;29.37
25/01/26 12.15;Gourami;7.39;4.57;28.91
25/01/26 12.30;Gourami;7.49;5.31;29.41
25/01/26 12.45;Gourami;7.5;5.19;29.06
25/01/26 13.00;Gourami;7.39;4.87;29.57
25/01/26 13.15;Gourami;7.43;5.04;29.55
25/01/26 13.30;Gourami;7.59;5.54;30.15
25/01/26 13.45;Gourami;7.88;6.15;29.91
25/01/26 14.00;Gourami;7.64;5.82;29.61
25/01/26 14.15;Gourami;7.75;6.04;29.42
25/01/26 14.30;Gourami;7.98;5.76;29.64
25/01/26 14.45;Gourami;7.85;6.04;29.78
25/01/26 15.00;Gourami;7.78;5.61;29.59
25/01/26 15.15;Gourami;7.7;5.88;29.35
25/01/26 15.30;Gourami;7.63;5.6;29.17
25/01/26 15.45;Gourami;7.96;5.55;29.24
25/01/26 16.00;Gourami;7.42;4.5;28.45
25/01/26 16.15;Gourami;7.71;5.28;28.66
25/01/26 16.30;Gourami;7.63;5.39;29.06
25/01/26 16.45;Gourami;7.61;5.43;28.85
25/01/26 17.00;Gourami;7.65;5.26;28.31
25/01/26 17.15;Gourami;7.58;4.93;28.59
25/01/26 17.30;Gourami;7.5;5.07;28.3
25/01/26 17.45;Gourami;7.88;5.19;28.35
25/01/26 18.00;Gourami;7.62;5.09;28.41
25/01/26 18.15;Gourami;7.69;5.13;28.07
25/01/26 18.30;Gourami;7.54;5.12;28.04
25/01/26 18.45;Gourami;7.69;5.17;28.04
25/01/26 19.00;Gourami;7.84;4.83;28.03
25/01/26 19.15;Gourami;7.51;4.88;28.22
25/01/26 19.30;Gourami;7.53;4.71;28.09
25/01/26 19.45;Gourami;7.6;5.06;27.54
25/01/26 20.00;Gourami;7.59;4.32;26.91
25/01/26 20.15;Gourami;7.5;4.25;27.21
25/01/26 20.30;Gourami;7.77;4.87;27.77
25/01/26 20.45;Gourami;7.45;4.27;27.57
25/01/26 21.00;Gourami;7.69;4.13;27.36
25/01/26 21.15;Gourami;7.58;4.32;27.28
25/01/26 21.30;Gourami;7.67;4.11;27.73
25/01/26 21.45;Gourami;7.54;3.91;27.15
25/01/26 22.00;Gourami;7.58;4.3;27.39
25/01/26 22.15;Gourami;7.61;4.04;26.93
25/01/26 22.30;Gourami;7.69;3.79;27.11
25/01/26 22.45;Gourami;7.35;4.1;26.66
25/01/26 23.00;Gourami;7.52;3.73;26.9
25/01/26 23.15;Gourami;7.65;3.88;27.03
25/01/26 23.30;Gourami;7.55;3.61;26.91
25/01/26 23.45;Gourami;7.41;3.62;27.17
26/01/26 00.00;Gourami;7.47;3.98;27.26
26/01/26 00.15;Gourami;7.51;3.36;27.09
26/01/26 00.30;Gourami;7.44;3.35;27.22
26/01/26 00.45;Gourami;7.49;3.88;27.18
26/01/26 01.00;Gourami;7.56;3.45;27.32
26/01/26 01.15;Gourami;7.6;3.75;27.59
26/01/26 01.30;Gourami;7.47;3.45;27.36
26/01/26 01.45;Gourami;7.46;3.57;27.64
26/01/26 02.00;Gourami;7.32;4.2;27.75
26/01/26 02.15;Gourami;7.6;3.66;27.22
26/01/26 02.30;Gourami;7.58;3.92;27.57
26/01/26 02.45;Gourami;7.81;3.55;27.56
26/01/26 03.00;Gourami;7.53;3.65;28.2
26/01/26 03.15;Gourami;7.41;3.75;28.34
26/01/26 03.30;Gourami;7.5;4.55;27.95
26/01/26 03.45;Gourami;7.46;4.49;28.31
26/01/26 04.00;Gourami;7.45;4.1;28.51
26/01/26 04.15;Gourami;7.69;4.1;28.64
26/01/26 04.30;Gourami;7.42;3.87;28.5
26/01/26 04.45;Gourami;7.37;4.15;28.82
26/01/26 05.00;Gourami;7.52;3.85;28.44
26/01/26 05.15;Gourami;7.5;5;29.01
26/01/26 05.30;Gourami;7.29;4.5;29.16
26/01/26 05.45;Gourami;7.47;4.55;28.98
26/01/26 06.00;Gourami;7.63;4.64;29.28
26/01/26 06.15;Gourami;7.47;4.78;29.91
26/01/26 06.30;Gourami;7.5;4.61;29.1
26/01/26 06.45;Gourami;7.55;5.23;29.35
26/01/26 07.00;Gourami;7.53;4.82;29.46
26/01/26 07.15;Gourami;7.51;4.91;29.53
26/01/26 07.30;Gourami;7.72;4.79;29.71
26/01/26 07.45;Gourami;7.68;4.96;30.18
26/01/26 08.00;Gourami;7.6;5.24;30.06
26/01/26 08.15;Gourami;7.58;5.62;29.93
26/01/26 08.30;Gourami;7.43;5.02;29.82
26/01/26 08.45;Gourami;7.66;5.27;30.35
26/01/26 09.00;Gourami;7.68;5.74;29.76
26/01/26 09.15;Gourami;7.56;5.54;30.06
26/01/26 09.30;Gourami;7.55;5.67;30.24
26/01/26 09.45;Gourami;7.54;5.68;29.93
26/01/26 10.00;Gourami;7.59;5.62;30.4
26/01/26 10.15;Gourami;7.75;6.19;30.5
26/01/26 10.30;Gourami;7.72;5.66;29.93
26/01/26 10.45;Gourami;7.8;5.53;30.33
26/01/26 11.00;Gourami;7.75;5.56;30.13
26/01/26 11.15;Gourami;7.83;5.91;30.28
26/01/26 11.30;Gourami;7.56;5.67;30.64
26/01/26 11.45;Gourami;7.64;6.02;30.54
26/01/26 12.00;Gourami;7.86;6.45;30.49
26/01/26 12.15;Gourami;7.83;5.81;30.56
26/01/26 12.30;Gourami;7.81;6.11;30.05
26/01/26 12.45;Gourami;7.74;5.97;30.06
26/01/26 13.00;Gourami;7.71;5.41;30.28
26/01/26 13.15;Gourami;7.72;6.06;29.82
26/01/26 13.30;Gourami;7.78;5.97;30.14
26/01/26 13.45;Gourami;7.55;5.89;30.32
26/01/26 14.00;Gourami;7.63;6.27;29.46
26/01/26 14.15;Gourami;7.7;6.06;29.21
26/01/26 14.30;Gourami;7.69;6.1;29.84
26/01/26 14.45;Gourami;7.82;5.76;29.69
26/01/26 15.00;Gourami;7.45;5.64;29.37
26/01/26 15.15;Gourami;7.8;5.96;29.42
26/01/26 15.30;Gourami;7.8;6.28;29.8
26/01/26 15.45;Gourami;7.66;5.75;29.28
26/01/26 16.00;Gourami;7.61;5.69;29.3
26/01/26 16.15;Gourami;7.65;5.84;28.79
26/01/26 16.30;Gourami;7.81;5.6;28.95
26/01/26 16.45;Gourami;7.56;5.65;29.09
26/01/26 17.00;Gourami;7.79;5.2;28.61
26/01/26 17.15;Gourami;7.83;5.37;28.73
26/01/26 17.30;Gourami;7.54;5.21;28.23
26/01/26 17.45;Gourami;7.66;5.33;28.3
26/01/26 18.00;Gourami;7.65;5.12;27.94
26/01/26 18.15;Gourami;7.5;4.97;28.62
26/01/26 18.30;Gourami;7.65;4.45;27.8
26/01/26 18.45;Gourami;7.58;5.27;27.61
26/01/26 19.00;Gourami;7.51;5.01;27.51
26/01/26 19.15;Gourami;7.31;5.34;28.36
26/01/26 19.30;Gourami;7.57;4.92;27.25
26/01/26 19.45;Gourami;7.51;4.46;27.4
26/01/26 20.00;Gourami;7.43;4.11;27.38
26/01/26 20.15;Gourami;7.61;4.51;27.21
26/01/26 20.30;Gourami;7.6;4.38;27.43
26/01/26 20.45;Gourami;7.52;4.39;27.52
26/01/26 21.00;Gourami;7.52;4.44;27.17
26/01/26 21.15;Gourami;7.59;4.21;27.59
26/01/26 21.30;Gourami;7.88;4;27.14
26/01/26 21.45;Gourami;7.54;4.44;26.92
26/01/26 22.00;Gourami;7.55;4.44;26.98
26/01/26 22.15;Gourami;7.73;3.73;27.34
26/01/26 22.30;Gourami;7.51;3.92;27.18
26/01/26 22.45;Gourami;7.58;3.47;27.12
26/01/26 23.00;Gourami;7.46;4.12;27.08
26/01/26 23.15;Gourami;7.47;3.8;27.55
26/01/26 23.30;Gourami;7.43;3.82;27.46
26/01/26 23.45;Gourami;7.38;3.51;26.97
27/01/26 00.00;Gourami;7.66;3.5;26.89
27/01/26 00.15;Gourami;7.45;3.78;27.45
27/01/26 00.30;Gourami;7.31;3.89;27.41
27/01/26 00.45;Gourami;7.28;3.41;27.4
27/01/26 01.00;Gourami;7.35;3.49;26.98
27/01/26 01.15;Gourami;7.69;3.74;27.66
27/01/26 01.30;Gourami;7.6;3.71;27.11
27/01/26 01.45;Gourami;7.4;3.93;27.42
27/01/26 02.00;Gourami;7.46;3.5;27.7
27/01/26 02.15;Gourami;7.5;3.55;27.99
27/01/26 02.30;Gourami;7.55;3.57;27.67
27/01/26 02.45;Gourami;7.71;4.27;28.04
27/01/26 03.00;Gourami;7.39;3.99;27.76
27/01/26 03.15;Gourami;7.4;3.85;27.77
27/01/26 03.30;Gourami;7.36;3.78;28.22
27/01/26 03.45;Gourami;7.26;3.8;27.94
27/01/26 04.00;Gourami;7.46;4.23;28.3
27/01/26 04.15;Gourami;7.58;3.94;28.68
27/01/26 04.30;Gourami;7.46;4.6;28.63
27/01/26 04.45;Gourami;7.28;3.52;27.96
27/01/26 05.00;Gourami;7.67;4.21;28.69
27/01/26 05.15;Gourami;7.34;3.54;28.68
27/01/26 05.30;Gourami;7.49;3.61;28.08
27/01/26 05.45;Gourami;7.47;4.65;29.18
27/01/26 06.00;Gourami;7.56;4.79;29.3
27/01/26 06.15;Gourami;7.53;4.49;29.41
27/01/26 06.30;Gourami;7.48;4.41;29.26
27/01/26 06.45;Gourami;7.34;4.78;29.2
27/01/26 07.00;Gourami;7.52;5.14;29.6
27/01/26 07.15;Gourami;7.63;4.99;29.46
27/01/26 07.30;Gourami;7.53;4.67;30.04
27/01/26 07.45;Gourami;7.61;5.13;29.54
27/01/26 08.00;Gourami;7.61;5.52;29.93
27/01/26 08.15;Gourami;7.41;4.94;30.2
27/01/26 08.30;Gourami;7.46;5.27;29.9
27/01/26 08.45;Gourami;7.62;5.1;30.07
27/01/26 09.00;Gourami;7.37;5.48;30.21
27/01/26 09.15;Gourami;7.69;5.66;30.08
27/01/26 09.30;Gourami;7.81;6.12;29.88
27/01/26 09.45;Gourami;7.65;5.82;30.17
27/01/26 10.00;Gourami;7.74;5.82;30.33
27/01/26 10.15;Gourami;7.66;5.7;30.39
27/01/26 10.30;Gourami;7.51;5.59;30.49
27/01/26 10.45;Gourami;7.53;5.97;30.14
27/01/26 11.00;Gourami;7.83;5.69;30.54
27/01/26 11.15;Gourami;7.74;6.19;30.46
27/01/26 11.30;Gourami;7.67;5.59;30.3
27/01/26 11.45;Gourami;7.65;5.98;30.52
27/01/26 12.00;Gourami;7.75;5.9;30.23
27/01/26 12.15;Gourami;7.73;5.94;30.4
27/01/26 12.30;Gourami;7.73;6.06;30.26
27/01/26 12.45;Gourami;7.83;6.06;29.77
27/01/26 13.00;Gourami;7.81;5.73;30.52
27/01/26 13.15;Gourami;7.74;6.35;29.9
27/01/26 13.30;Gourami;7.66;6.12;30.1
27/01/26 13.45;Gourami;7.66;6.16;29.72
27/01/26 14.00;Gourami;7.7;6.11;29.9
27/01/26 14.15;Gourami;7.61;5.91;29.77
27/01/26 14.30;Gourami;7.7;6.07;29.54
27/01/26 14.45;Gourami;7.65;5.19;29.53
27/01/26 15.00;Gourami;7.76;6.02;29.51
27/01/26 15.15;Gourami;7.81;5.68;29.43
27/01/26 15.30;Gourami;7.89;5.62;29.18
27/01/26 15.45;Gourami;7.53;6.2;29.59
27/01/26 16.00;Gourami;7.65;5.4;29.18
27/01/26 16.15;Gourami;7.54;5.77;28.99
27/01/26 16.30;Gourami;7.65;5.37;29.26
27/01/26 16.45;Gourami;7.54;5.77;28.95
27/01/26 17.00;Gourami;7.69;5.85;28.73
27/01/26 17.15;Gourami;7.68;5.5;28.8
27/01/26 17.30;Gourami;7.67;5.25;29.05
27/01/26 17.45;Gourami;7.62;5.15;28.42
27/01/26 18.00;Gourami;7.89;4.46;28.69
27/01/26 18.15;Gourami;7.59;5.31;28.44
27/01/26 18.30;Gourami;7.77;4.9;27.9
27/01/26 18.45;Gourami;7.52;5.08;27.89
27/01/26 19.00;Gourami;7.74;4.44;27.85
27/01/26 19.15;Gourami;7.61;4.9;27.5
27/01/26 19.30;Gourami;7.33;4.27;28.24
27/01/26 19.45;Gourami;7.65;5.2;28.18
27/01/26 20.00;Gourami;7.84;4.25;27.81
27/01/26 20.15;Gourami;7.33;4.7;27.56
27/01/26 20.30;Gourami;7.59;4.53;27.09
27/01/26 20.45;Gourami;7.61;4.31;26.93
27/01/26 21.00;Gourami;7.69;4.59;27.3
27/01/26 21.15;Gourami;7.51;4.09;27.88
27/01/26 21.30;Gourami;7.58;4.15;27.29
27/01/26 21.45;Gourami;7.5;4.14;27.29
27/01/26 22.00;Gourami;7.4;3.89;27.06
27/01/26 22.15;Gourami;7.49;3.82;27.55
27/01/26 22.30;Gourami;7.46;4.11;26.87
27/01/26 22.45;Gourami;7.63;3.48;27.23
27/01/26 23.00;Gourami;7.49;4.18;27.12
27/01/26 23.15;Gourami;7.52;3.71;26.85
27/01/26 23.30;Gourami;7.53;3.88;27.45
27/01/26 23.45;Gourami;7.58;3.52;27.5
28/01/26 00.00;Gourami;7.33;3.77;27.21
28/01/26 00.15;Gourami;7.57;3.78;27.2
28/01/26 00.30;Gourami;7.5;3.67;26.96
28/01/26 00.45;Gourami;7.45;3.52;27.21
28/01/26 01.00;Gourami;7.27;3.98;26.84
28/01/26 01.15;Gourami;7.62;3.47;27.41
28/01/26 01.30;Gourami;7.52;3.83;27.48
28/01/26 01.45;Gourami;7.55;3.35;27.52
28/01/26 02.00;Gourami;7.36;3.7;27.63
28/01/26 02.15;Gourami;7.25;3.93;27.52
28/01/26 02.30;Gourami;7.56;3.69;27.65
28/01/26 02.45;Gourami;7.46;3.95;27.67
28/01/26 03.00;Gourami;7.44;3.8;28.1
28/01/26 03.15;Gourami;7.43;4.04;28.26
28/01/26 03.30;Gourami;7.53;3.84;28.2
28/01/26 03.45;Gourami;7.51;3.85;28.23
28/01/26 04.00;Gourami;7.42;3.76;28.11
28/01/26 04.15;Gourami;7.57;4.17;28.81
28/01/26 04.30;Gourami;7.66;3.24;28.47
28/01/26 04.45;Gourami;7.33;4.47;28.5
28/01/26 05.00;Gourami;7.79;4.24;28.45
28/01/26 05.15;Gourami;7.42;3.9;29.22
28/01/26 05.30;Gourami;7.47;4.48;28.82
28/01/26 05.45;Gourami;7.37;4.4;29.27
28/01/26 06.00;Gourami;7.48;4.13;29.63
28/01/26 06.15;Gourami;7.47;4.6;28.93
28/01/26 06.30;Gourami;7.47;4.61;29.03
28/01/26 06.45;Gourami;7.37;4.63;29.35
28/01/26 07.00;Gourami;7.35;4.74;29.73
28/01/26 07.15;Gourami;7.46;4.72;29.32
28/01/26 07.30;Gourami;7.77;5.14;29.54
28/01/26 07.45;Gourami;7.7;4.88;29.6
28/01/26 08.00;Gourami;7.52;5.07;29.91
28/01/26 08.15;Gourami;7.64;5.24;29.69
28/01/26 08.30;Gourami;7.67;5.1;29.74
28/01/26 08.45;Gourami;7.61;5.41;30.08
28/01/26 09.00;Gourami;7.59;5.13;30.3
28/01/26 09.15;Gourami;7.76;4.98;30.48
28/01/26 09.30;Gourami;7.53;5.46;29.84
28/01/26 09.45;Gourami;7.74;5.57;30.35
28/01/26 10.00;Gourami;7.67;5.43;29.7
28/01/26 10.15;Gourami;7.64;5.65;30.42
28/01/26 10.30;Gourami;7.48;5.71;30.04
28/01/26 10.45;Gourami;7.65;5.65;30.08
28/01/26 11.00;Gourami;7.52;5.76;29.82
28/01/26 11.15;Gourami;7.5;5.68;30.05
28/01/26 11.30;Gourami;7.63;4.99;29.89
28/01/26 11.45;Gourami;7.64;6.04;30.27
28/01/26 12.00;Gourami;7.76;5.39;30.02
28/01/26 12.15;Gourami;7.51;5.43;29.64
28/01/26 12.30;Gourami;7.61;5.96;30.41
28/01/26 12.45;Gourami;7.63;4.8;29.56
28/01/26 13.00;Gourami;7.8;5.79;30.22
28/01/26 13.15;Gourami;7.55;5.1;30.31
28/01/26 13.30;Gourami;7.64;5.85;30.13
28/01/26 13.45;Gourami;7.86;5.63;29.92
28/01/26 14.00;Gourami;7.64;5.66;29.37
28/01/26 14.15;Gourami;7.43;5.21;29.45
28/01/26 14.30;Gourami;7.66;5.44;29.25
28/01/26 14.45;Gourami;7.76;5.97;29.74
28/01/26 15.00;Gourami;7.85;6.24;29.44
28/01/26 15.15;Gourami;7.65;5.66;29.58
28/01/26 15.30;Gourami;7.74;5.55;29.12
28/01/26 15.45;Gourami;7.7;5.6;28.89
28/01/26 16.00;Gourami;7.83;5.34;28.89
28/01/26 16.15;Gourami;7.72;5.85;29.39
28/01/26 16.30;Gourami;7.78;5.45;28.5
28/01/26 16.45;Gourami;7.65;5.49;29.04
28/01/26 17.00;Gourami;7.57;5.61;29.01
28/01/26 17.15;Gourami;7.82;4.9;28.34
28/01/26 17.30;Gourami;7.47;5.13;28.43
28/01/26 17.45;Gourami;7.67;5.25;28.2
28/01/26 18.00;Gourami;7.57;5.08;28.7
28/01/26 18.15;Gourami;7.52;4.95;27.75
28/01/26 18.30;Gourami;7.53;5;28.6
28/01/26 18.45;Gourami;7.51;4.61;27.87
28/01/26 19.00;Gourami;7.63;4.68;27.79
28/01/26 19.15;Gourami;7.45;4.43;27.98
28/01/26 19.30;Gourami;7.75;4.75;27.68
28/01/26 19.45;Gourami;7.81;4.84;27.43
28/01/26 20.00;Gourami;7.62;4.42;27.34
28/01/26 20.15;Gourami;7.56;4.81;27.49
28/01/26 20.30;Gourami;7.75;4.39;27.63
28/01/26 20.45;Gourami;7.45;4.43;27.31
28/01/26 21.00;Gourami;7.68;4.29;27.58
28/01/26 21.15;Gourami;7.73;4;27.32
28/01/26 21.30;Gourami;7.56;4.26;27.15
28/01/26 21.45;Gourami;7.51;3.85;27.05
28/01/26 22.00;Gourami;7.61;4.2;26.88
28/01/26 22.15;Gourami;7.45;3.99;26.71
28/01/26 22.30;Gourami;7.52;3.8;27.18
28/01/26 22.45;Gourami;7.5;3.94;26.78
28/01/26 23.00;Gourami;7.7;4.03;27.41
28/01/26 23.15;Gourami;7.38;3.96;27.15
28/01/26 23.30;Gourami;7.43;3.15;26.98
28/01/26 23.45;Gourami;7.43;3.23;26.87
29/01/26 00.00;Tilapia;7.52;4.05;27.1
29/01/26 00.15;Tilapia;7.63;4.28;26.61
29/01/26 00.30;Tilapia;7.7;4.34;27.45
29/01/26 00.45;Tilapia;7.45;3.94;27.13
29/01/26 01.00;Tilapia;7.8;3.92;27.65
29/01/26 01.15;Tilapia;7.64;4.16;27.39
29/01/26 01.30;Tilapia;7.8;4.27;27.38
29/01/26 01.45;Tilapia;7.48;2.43;26.51
29/01/26 02.00;Tilapia;7.54;3.67;27.81
29/01/26 02.15;Tilapia;7.66;4.23;27.84
29/01/26 02.30;Tilapia;7.69;4.56;27.8
29/01/26 02.45;Tilapia;7.5;3.98;27.76
29/01/26 03.00;Tilapia;7.47;4.18;28.15
29/01/26 03.15;Tilapia;7.8;4.59;27.75
29/01/26 03.30;Tilapia;7.78;4.01;28.1
29/01/26 03.45;Tilapia;7.65;3.92;27.52
29/01/26 04.00;Tilapia;7.93;4.59;27.99
29/01/26 04.15;Tilapia;7.77;4.35;28.84
29/01/26 04.30;Tilapia;7.85;4.28;28.87
29/01/26 04.45;Tilapia;7.78;4.26;28.81
29/01/26 05.00;Tilapia;7.87;4.37;28.32
29/01/26 05.15;Tilapia;7.68;5.14;28.99
29/01/26 05.30;Tilapia;7.77;5.11;28.59
29/01/26 05.45;Tilapia;7.69;4.81;29.44
29/01/26 06.00;Tilapia;7.75;5.03;28.85
29/01/26 06.15;Tilapia;7.72;5.14;29.68
29/01/26 06.30;Tilapia;7.63;4.72;29.32
29/01/26 06.45;Tilapia;7.81;4.94;29.34
29/01/26 07.00;Tilapia;7.56;4.88;29.43
29/01/26 07.15;Tilapia;7.81;5.73;29.69
29/01/26 07.30;Tilapia;7.93;5.61;29.79
29/01/26 07.45;Tilapia;7.85;4.78;29.2
29/01/26 08.00;Tilapia;7.79;5.69;30.36
29/01/26 08.15;Tilapia;7.98;5.56;30.21
29/01/26 08.30;Tilapia;8.01;5.84;30.4
29/01/26 08.45;Tilapia;7.81;5.88;30.51
29/01/26 09.00;Tilapia;7.67;4.8;29.23
29/01/26 09.15;Tilapia;7.82;6.09;29.91
29/01/26 09.30;Tilapia;7.76;5.41;29.46
29/01/26 09.45;Tilapia;7.76;5.49;30.17
29/01/26 10.00;Tilapia;7.95;6.01;30.16
29/01/26 10.15;Tilapia;7.85;5.39;29.94
29/01/26 10.30;Tilapia;7.87;5.67;30.05
29/01/26 10.45;Tilapia;7.57;6.33;30.02
29/01/26 11.00;Tilapia;7.75;4.85;29.23
29/01/26 11.15;Tilapia;7.92;6.42;30.53
29/01/26 11.30;Tilapia;7.65;5.11;29.71
29/01/26 11.45;Tilapia;7.8;5.69;29.86
29/01/26 12.00;Tilapia;7.98;6.2;30.48
29/01/26 12.15;Tilapia;8.05;6.14;30.25
29/01/26 12.30;Tilapia;7.8;5.96;30.01
29/01/26 12.45;Tilapia;8.1;6.42;30.11
29/01/26 13.00;Tilapia;8.09;6.15;30.66
29/01/26 13.15;Tilapia;7.91;6.68;30.14
29/01/26 13.30;Tilapia;7.98;6.4;30.32
29/01/26 13.45;Tilapia;7.95;6.46;29.96
29/01/26 14.00;Tilapia;8.04;6.91;29.98
29/01/26 14.15;Tilapia;7.7;6.21;29.89
29/01/26 14.30;Tilapia;7.94;5.92;29.72
29/01/26 14.45;Tilapia;8.06;6.03;29.4
29/01/26 15.00;Tilapia;7.88;6.21;29.91
29/01/26 15.15;Tilapia;7.96;6.34;29.82
29/01/26 15.30;Tilapia;7.95;6.09;29.93
29/01/26 15.45;Tilapia;7.85;6.19;29.35
29/01/26 16.00;Tilapia;7.97;6.21;28.95
29/01/26 16.15;Tilapia;7.75;5.47;29.05
29/01/26 16.30;Tilapia;7.92;5.64;28.83
29/01/26 16.45;Tilapia;7.81;5.76;28.5
29/01/26 17.00;Tilapia;7.89;5.63;28.64
29/01/26 17.15;Tilapia;7.8;5.85;28.93
29/01/26 17.30;Tilapia;7.76;5.39;28.49
29/01/26 17.45;Tilapia;7.88;6.18;28.67
29/01/26 18.00;Tilapia;7.98;5.24;28.24
29/01/26 18.15;Tilapia;7.96;5.38;28.55
29/01/26 18.30;Tilapia;7.75;5.64;28.8
29/01/26 18.45;Tilapia;8.04;5.23;28.27
29/01/26 19.00;Tilapia;7.98;5.38;28.46
29/01/26 19.15;Tilapia;7.9;5.36;28
29/01/26 19.30;Tilapia;7.76;5.3;28.19
29/01/26 19.45;Tilapia;7.95;5.56;27.89
29/01/26 20.00;Tilapia;8.02;4.95;27.69
29/01/26 20.15;Tilapia;7.71;5.02;27.49
29/01/26 20.30;Tilapia;7.77;5;27.82
29/01/26 20.45;Tilapia;7.79;4.92;28.02
29/01/26 21.00;Tilapia;7.68;4.65;27.43
29/01/26 21.15;Tilapia;7.88;4.33;27.86
29/01/26 21.30;Tilapia;7.82;4.51;27.06
29/01/26 21.45;Tilapia;7.84;4.29;26.69
29/01/26 22.00;Tilapia;7.74;4.65;27.35
29/01/26 22.15;Tilapia;7.76;4.31;27.3
29/01/26 22.30;Tilapia;7.89;4.84;27.48
29/01/26 22.45;Tilapia;7.93;4.5;27.21
29/01/26 23.00;Tilapia;7.69;4.61;27.18
29/01/26 23.15;Tilapia;7.68;4.36;27.62
29/01/26 23.30;Tilapia;7.83;4.4;27.2
29/01/26 23.45;Tilapia;7.45;3.95;26.68
30/01/26 00.00;Tilapia;7.59;2.9;26.18
30/01/26 00.15;Tilapia;7.64;3.68;26.6
30/01/26 00.30;Tilapia;7.83;4.25;27.39
30/01/26 00.45;Tilapia;7.4;2.82;26.54
30/01/26 01.00;Tilapia;7.64;4.31;27.16
30/01/26 01.15;Tilapia;7.71;4.05;27.6
30/01/26 01.30;Tilapia;7.64;4.23;27.78
30/01/26 01.45;Tilapia;7.74;4.12;27.76
30/01/26 02.00;Tilapia;7.64;4.21;27.97
30/01/26 02.15;Tilapia;7.38;3.84;27.13
30/01/26 02.30;Tilapia;7.77;3.82;27.72
30/01/26 02.45;Tilapia;7.42;2.76;27
30/01/26 03.00;Tilapia;7.7;2.64;26.88
30/01/26 03.15;Tilapia;7.69;4.85;28.1
30/01/26 03.30;Tilapia;7.91;4.57;28.01
30/01/26 03.45;Tilapia;7.76;3.66;28.19
30/01/26 04.00;Tilapia;7.66;3.79;27.81
30/01/26 04.15;Tilapia;7.61;4.5;28.68
30/01/26 04.30;Tilapia;7.63;4.08;28.13
30/01/26 04.45;Tilapia;7.74;4.72;28.33
30/01/26 05.00;Tilapia;7.74;4.07;28.56
30/01/26 05.15;Tilapia;7.72;4.35;29.01
30/01/26 05.30;Tilapia;7.5;4.42;29.01
30/01/26 05.45;Tilapia;7.54;4.91;28.8
30/01/26 06.00;Tilapia;7.66;4.68;29.18
30/01/26 06.15;Tilapia;7.82;5.1;28.89
30/01/26 06.30;Tilapia;7.69;5.14;29.27
30/01/26 06.45;Tilapia;7.84;5.24;29.3
30/01/26 07.00;Tilapia;7.81;5.65;29.87
30/01/26 07.15;Tilapia;7.99;5.53;29.65
30/01/26 07.30;Tilapia;7.96;5.39;29.56
30/01/26 07.45;Tilapia;7.97;5.85;30.26
30/01/26 08.00;Tilapia;7.83;5.36;30.02
30/01/26 08.15;Tilapia;7.78;5.84;30.34
30/01/26 08.30;Tilapia;7.63;5.85;30.31
30/01/26 08.45;Tilapia;7.88;5.84;29.97
30/01/26 09.00;Tilapia;7.94;5.75;30.7
30/01/26 09.15;Tilapia;8.12;5.58;30.04
30/01/26 09.30;Tilapia;7.91;6.09;30.4
30/01/26 09.45;Tilapia;7.72;5.67;30.58
30/01/26 10.00;Tilapia;7.65;5.38;29.82
30/01/26 10.15;Tilapia;7.74;6.47;29.9
30/01/26 10.30;Tilapia;7.92;5.81;29.89
30/01/26 10.45;Tilapia;7.81;6.19;30.57
30/01/26 11.00;Tilapia;7.96;6.23;30.4
30/01/26 11.15;Tilapia;7.96;6.51;30.37
30/01/26 11.30;Tilapia;7.7;6.21;30.02
30/01/26 11.45;Tilapia;7.9;6.23;30.25
30/01/26 12.00;Tilapia;8.01;6.49;30.31
30/01/26 12.15;Tilapia;7.95;5.93;30.33
30/01/26 12.30;Tilapia;7.75;5.91;29.38
30/01/26 12.45;Tilapia;7.81;5.79;30.73
30/01/26 13.00;Tilapia;7.68;5.75;29.99
30/01/26 13.15;Tilapia;7.93;6.49;30.37
30/01/26 13.30;Tilapia;8.05;6.22;29.29
30/01/26 13.45;Tilapia;8.04;6.09;30.34
30/01/26 14.00;Tilapia;8.08;6.42;29.89
30/01/26 14.15;Tilapia;7.84;5.82;29.54
30/01/26 14.30;Tilapia;7.83;6.04;29.38
30/01/26 14.45;Tilapia;7.74;5.88;29.01
30/01/26 15.00;Tilapia;7.92;6.52;30.12
30/01/26 15.15;Tilapia;7.79;6.11;29.33
30/01/26 15.30;Tilapia;7.93;6.4;28.98
30/01/26 15.45;Tilapia;8.08;5.73;29.44
30/01/26 16.00;Tilapia;8.04;6.37;29.44
30/01/26 16.15;Tilapia;7.84;5.71;29.38
30/01/26 16.30;Tilapia;7.88;6.34;29.6
30/01/26 16.45;Tilapia;7.83;5.94;28.61
30/01/26 17.00;Tilapia;7.89;5.92;28.56
30/01/26 17.15;Tilapia;8.05;6.19;29.02
30/01/26 17.30;Tilapia;7.81;5.81;28.94
30/01/26 17.45;Tilapia;7.8;5.82;28.39
30/01/26 18.00;Tilapia;7.93;5.56;27.97
30/01/26 18.15;Tilapia;7.87;5.4;27.75
30/01/26 18.30;Tilapia;7.71;5.67;28.62
30/01/26 18.45;Tilapia;7.84;5.39;28.28
30/01/26 19.00;Tilapia;7.74;4.88;28.49
30/01/26 19.15;Tilapia;7.88;5.37;27.98
30/01/26 19.30;Tilapia;7.81;5.07;27.89
30/01/26 19.45;Tilapia;7.83;5.07;28.36
30/01/26 20.00;Tilapia;7.93;4.93;28.1
30/01/26 20.15;Tilapia;7.93;4.32;27.72
30/01/26 20.30;Tilapia;7.88;4.97;28.05
30/01/26 20.45;Tilapia;7.78;4.8;27.84
30/01/26 21.00;Tilapia;7.76;4.61;27.48
30/01/26 21.15;Tilapia;7.66;4.53;27.35
30/01/26 21.30;Tilapia;7.72;4.37;27.49
30/01/26 21.45;Tilapia;7.94;4.73;27.1
30/01/26 22.00;Tilapia;7.85;4.65;27.39
30/01/26 22.15;Tilapia;7.83;4.65;27.29
30/01/26 22.30;Tilapia;7.79;4.78;27.71
30/01/26 22.45;Tilapia;7.89;4.23;27.11
30/01/26 23.00;Tilapia;7.78;4.46;27.51
30/01/26 23.15;Tilapia;7.74;4.43;27.47
30/01/26 23.30;Tilapia;7.77;4.12;27.15
30/01/26 23.45;Tilapia;7.81;4.57;27.61
31/01/26 00.00;Tilapia;7.8;4.15;27.45
31/01/26 00.15;Tilapia;7.77;3.95;27.45
31/01/26 00.30;Tilapia;7.72;4.14;26.99
31/01/26 00.45;Tilapia;7.95;4.05;27.22
31/01/26 01.00;Tilapia;7.67;4.32;27.21
31/01/26 01.15;Tilapia;7.84;4.5;27.68
31/01/26 01.30;Tilapia;7.75;4.4;27.08
31/01/26 01.45;Tilapia;7.76;4.15;27.66
31/01/26 02.00;Tilapia;7.8;4.41;28.03
31/01/26 02.15;Tilapia;7.82;4.44;27.52
31/01/26 02.30;Tilapia;7.56;4.3;28.53
31/01/26 02.45;Tilapia;7.95;4.4;28.45
31/01/26 03.00;Tilapia;7.74;4.2;28.43
31/01/26 03.15;Tilapia;7.67;4.05;28.82
31/01/26 03.30;Tilapia;7.65;4.34;28.32
31/01/26 03.45;Tilapia;7.89;4.46;28.49
31/01/26 04.00;Tilapia;7.78;4.37;28.07
31/01/26 04.15;Tilapia;7.75;4.46;28.79
31/01/26 04.30;Tilapia;7.88;5.06;28.75
31/01/26 04.45;Tilapia;7.72;4.47;28.83
31/01/26 05.00;Tilapia;7.68;4.79;29.15
31/01/26 05.15;Tilapia;7.86;4.44;28.86
31/01/26 05.30;Tilapia;7.73;4.73;29.09
31/01/26 05.45;Tilapia;7.73;4.88;29.04
31/01/26 06.00;Tilapia;7.88;5.04;29.66
31/01/26 06.15;Tilapia;7.86;4.76;29.09
31/01/26 06.30;Tilapia;7.62;4.89;29.74
31/01/26 06.45;Tilapia;7.62;4.93;29.65
31/01/26 07.00;Tilapia;7.76;5.01;29.55
31/01/26 07.15;Tilapia;7.79;5.38;29.61
31/01/26 07.30;Tilapia;7.88;5.32;30.03
31/01/26 07.45;Tilapia;7.89;5.46;30.26
31/01/26 08.00;Tilapia;7.93;5.41;30.39
31/01/26 08.15;Tilapia;7.96;5.57;30.33
31/01/26 08.30;Tilapia;8.05;5.91;29.97
31/01/26 08.45;Tilapia;7.94;5.68;30.57
31/01/26 09.00;Tilapia;7.89;5.94;30.55
31/01/26 09.15;Tilapia;7.71;5.63;30.12
31/01/26 09.30;Tilapia;7.85;6.11;30.15
31/01/26 09.45;Tilapia;7.66;6.36;30.62
31/01/26 10.00;Tilapia;8.04;5.65;30.24
31/01/26 10.15;Tilapia;7.83;6.39;30.75
31/01/26 10.30;Tilapia;7.89;6.34;30.05
31/01/26 10.45;Tilapia;7.79;6.1;30.18
31/01/26 11.00;Tilapia;7.82;6.45;30.8
31/01/26 11.15;Tilapia;7.66;6.04;30.12
31/01/26 11.30;Tilapia;7.87;5.79;30.42
31/01/26 11.45;Tilapia;7.97;6.33;30.22
31/01/26 12.00;Tilapia;7.96;6.66;30.53
31/01/26 12.15;Tilapia;7.88;6.29;30.45
31/01/26 12.30;Tilapia;8.04;6.22;30.29
31/01/26 12.45;Tilapia;8.04;6.77;30.14
31/01/26 13.00;Tilapia;8.01;6.12;30.15
31/01/26 13.15;Tilapia;7.72;6.54;30.01
31/01/26 13.30;Tilapia;8.09;6.21;30.35
31/01/26 13.45;Tilapia;7.67;6.04;29.91
31/01/26 14.00;Tilapia;7.95;6.33;29.86
31/01/26 14.15;Tilapia;7.96;6.29;30.1
31/01/26 14.30;Tilapia;8.06;5.89;29.23
31/01/26 14.45;Tilapia;7.82;6.7;30.09
31/01/26 15.00;Tilapia;7.95;5.98;29.73
31/01/26 15.15;Tilapia;7.74;5.99;29.1
31/01/26 15.30;Tilapia;7.86;6.6;29.19
31/01/26 15.45;Tilapia;7.92;6.05;29.13
31/01/26 16.00;Tilapia;7.81;6.03;29.67
31/01/26 16.15;Tilapia;7.98;5.57;29.07
31/01/26 16.30;Tilapia;8.06;6.25;28.51
31/01/26 16.45;Tilapia;7.68;5.18;27.98
31/01/26 17.00;Tilapia;8.02;5.9;29.05
31/01/26 17.15;Tilapia;7.7;6.04;28.61
31/01/26 17.30;Tilapia;7.85;5.42;28.38
31/01/26 17.45;Tilapia;7.88;5.57;28.41
31/01/26 18.00;Tilapia;7.77;5.49;28.32
31/01/26 18.15;Tilapia;7.99;5.78;27.7
31/01/26 18.30;Tilapia;7.68;5.67;28.43
31/01/26 18.45;Tilapia;7.86;5.04;28.01
31/01/26 19.00;Tilapia;7.85;4.99;27.75
31/01/26 19.15;Tilapia;7.77;5.55;27.72
31/01/26 19.30;Tilapia;7.87;5.15;27.9
31/01/26 19.45;Tilapia;7.94;5.35;27.93
31/01/26 20.00;Tilapia;7.8;4.54;27.47
31/01/26 20.15;Tilapia;7.69;3.81;27.29
31/01/26 20.30;Tilapia;7.71;4.51;27.26
31/01/26 20.45;Tilapia;7.84;4.04;26.71
31/01/26 21.00;Tilapia;7.73;4.29;26.93
31/01/26 21.15;Tilapia;7.56;4.7;26.99
31/01/26 21.30;Tilapia;7.66;4.6;27.76
31/01/26 21.45;Tilapia;7.82;4.36;27
31/01/26 22.00;Tilapia;7.68;4.44;26.92
31/01/26 22.15;Tilapia;7.82;4.35;27.05
31/01/26 22.30;Tilapia;7.71;4.56;26.85
31/01/26 22.45;Tilapia;7.76;3.94;27.09
31/01/26 23.00;Tilapia;7.74;4.22;27.25
31/01/26 23.15;Tilapia;7.93;3.91;27.41
31/01/26 23.30;Tilapia;7.58;3.78;27.03
31/01/26 23.45;Tilapia;7.51;3.9;27.26
01/02/26 00.00;Tilapia;7.61;3.81;27.58
01/02/26 00.15;Tilapia;7.51;4.1;26.6
01/02/26 00.30;Tilapia;7.71;3.96;27.53
01/02/26 00.45;Tilapia;7.9;3.69;27.65
01/02/26 01.00;Tilapia;7.55;4.28;27.24
01/02/26 01.15;Tilapia;7.69;4;27.23
01/02/26 01.30;Tilapia;7.72;3.99;27.57
01/02/26 01.45;Tilapia;7.78;4.06;27.68
01/02/26 02.00;Tilapia;7.68;4.32;27.74
01/02/26 02.15;Tilapia;7.85;4.19;27.56
01/02/26 02.30;Tilapia;7.81;3.89;27.92
01/02/26 02.45;Tilapia;7.6;4.13;27.93
01/02/26 03.00;Tilapia;7.67;4.3;28.22
01/02/26 03.15;Tilapia;7.62;3.99;28.17
01/02/26 03.30;Tilapia;7.84;4.65;27.96
01/02/26 03.45;Tilapia;7.51;4.73;28.44
01/02/26 04.00;Tilapia;7.64;4.36;28.2
01/02/26 04.15;Tilapia;7.91;4.7;28.34
01/02/26 04.30;Tilapia;7.58;4.46;28.52
01/02/26 04.45;Tilapia;7.67;4.92;28.58
01/02/26 05.00;Tilapia;7.79;4.66;28.81
01/02/26 05.15;Tilapia;7.69;4.56;28.62
01/02/26 05.30;Tilapia;7.55;4.91;29
01/02/26 05.45;Tilapia;7.73;4.94;29.08
01/02/26 06.00;Tilapia;8;5.07;29.37
01/02/26 06.15;Tilapia;7.95;5.16;29.35
01/02/26 06.30;Tilapia;7.79;5.09;28.96
01/02/26 06.45;Tilapia;7.67;5.02;29.41
01/02/26 07.00;Tilapia;7.78;5.23;30.07
01/02/26 07.15;Tilapia;7.79;5.2;29.56
01/02/26 07.30;Tilapia;7.78;5.5;30.16
01/02/26 07.45;Tilapia;7.62;5.28;29.58
01/02/26 08.00;Tilapia;8.02;5.19;30.12
01/02/26 08.15;Tilapia;7.67;5.55;30.53
01/02/26 08.30;Tilapia;7.86;5.88;30.26
01/02/26 08.45;Tilapia;7.75;5.9;30.29
01/02/26 09.00;Tilapia;7.73;5.97;29.97
01/02/26 09.15;Tilapia;7.88;5.62;30.31
01/02/26 09.30;Tilapia;7.71;5.21;30.31
01/02/26 09.45;Tilapia;7.74;5.82;30.29
01/02/26 10.00;Tilapia;7.7;5.85;30.66
01/02/26 10.15;Tilapia;7.83;6.33;30.14
01/02/26 10.30;Tilapia;8;5.82;30.18
01/02/26 10.45;Tilapia;7.63;6;30.42
01/02/26 11.00;Tilapia;7.86;6.4;30.6
01/02/26 11.15;Tilapia;7.77;6.24;30.31
01/02/26 11.30;Tilapia;8.14;6.16;30.62
01/02/26 11.45;Tilapia;7.92;6.07;30.35
01/02/26 12.00;Tilapia;8;5.87;30.48
01/02/26 12.15;Tilapia;8.06;6.47;30.88
01/02/26 12.30;Tilapia;7.85;6.32;30.58
01/02/26 12.45;Tilapia;7.98;6.6;30.51
01/02/26 13.00;Tilapia;7.93;6.57;30.13
01/02/26 13.15;Tilapia;7.97;6.36;30.39
01/02/26 13.30;Tilapia;8.07;6.41;30.29
01/02/26 13.45;Tilapia;7.9;5.92;30.43
01/02/26 14.00;Tilapia;7.74;6.2;29.78
01/02/26 14.15;Tilapia;7.86;6.17;29.62
01/02/26 14.30;Tilapia;8.05;6.58;30.05
01/02/26 14.45;Tilapia;7.88;6.22;29.79
01/02/26 15.00;Tilapia;7.7;6.35;29.77
01/02/26 15.15;Tilapia;7.88;5.85;29.37
01/02/26 15.30;Tilapia;8.11;6.07;29.53
01/02/26 15.45;Tilapia;7.76;5.6;29.64
01/02/26 16.00;Tilapia;7.88;6.28;29.41
01/02/26 16.15;Tilapia;7.95;6.25;28.97
01/02/26 16.30;Tilapia;7.81;5.65;29.17
01/02/26 16.45;Tilapia;7.93;5.53;29.04
01/02/26 17.00;Tilapia;7.84;5.87;29.09
01/02/26 17.15;Tilapia;7.8;5.78;28.88
01/02/26 17.30;Tilapia;7.94;5.64;28.66
01/02/26 17.45;Tilapia;8.02;5.76;28.52
01/02/26 18.00;Tilapia;7.81;5.6;28.62
01/02/26 18.15;Tilapia;7.94;5.46;28.26
01/02/26 18.30;Tilapia;7.8;5.87;27.66
01/02/26 18.45;Tilapia;7.95;4.96;28.16
01/02/26 19.00;Tilapia;7.99;5.03;28.06
01/02/26 19.15;Tilapia;7.6;4.31;27.17
01/02/26 19.30;Tilapia;7.64;5.23;27.59
01/02/26 19.45;Tilapia;7.83;4.76;27.39
01/02/26 20.00;Tilapia;7.7;4.64;27.41
01/02/26 20.15;Tilapia;7.74;5.12;27.28
01/02/26 20.30;Tilapia;7.76;5.09;27.68
01/02/26 20.45;Tilapia;7.64;4.63;27.24
01/02/26 21.00;Tilapia;7.76;4.48;27.66
01/02/26 21.15;Tilapia;7.68;4.11;27.49
01/02/26 21.30;Tilapia;7.89;4.14;26.75
01/02/26 21.45;Tilapia;7.77;4.08;27.15
01/02/26 22.00;Tilapia;7.65;4.57;26.79
01/02/26 22.15;Tilapia;7.83;3.85;27.2
01/02/26 22.30;Tilapia;7.7;4.32;27.49
01/02/26 22.45;Tilapia;7.51;3.56;26.62
01/02/26 23.00;Tilapia;7.68;3.37;26.97
01/02/26 23.15;Tilapia;7.54;4.08;27.37
01/02/26 23.30;Tilapia;7.52;4.16;27
01/02/26 23.45;Tilapia;7.72;3.96;27.8
02/02/26 00.00;Tilapia;7.66;4.22;27.34
02/02/26 00.15;Tilapia;7.64;3.87;27.46
02/02/26 00.30;Tilapia;7.61;4.07;27.31
02/02/26 00.45;Tilapia;7.64;4.12;27.46
02/02/26 01.00;Tilapia;7.77;4.33;27.36
02/02/26 01.15;Tilapia;7.83;3.88;27.36
02/02/26 01.30;Tilapia;7.8;3.94;27.51
02/02/26 01.45;Tilapia;7.71;4.22;27.56
02/02/26 02.00;Tilapia;7.82;3.91;27.69
02/02/26 02.15;Tilapia;7.57;4.3;27.58
02/02/26 02.30;Tilapia;7.69;4.62;28.03
02/02/26 02.45;Tilapia;7.59;4.3;27.45
02/02/26 03.00;Tilapia;7.55;4.07;28.23
02/02/26 03.15;Tilapia;7.58;4.62;28.02
02/02/26 03.30;Tilapia;7.68;4.5;28.42
02/02/26 03.45;Tilapia;7.88;4.34;28.25
02/02/26 04.00;Tilapia;7.6;4.71;28.44
02/02/26 04.15;Tilapia;7.78;4.78;28.3
02/02/26 04.30;Tilapia;7.71;4.25;28.46
02/02/26 04.45;Tilapia;7.75;4.52;28.46
02/02/26 05.00;Tilapia;7.75;4.99;28.72
02/02/26 05.15;Tilapia;7.72;4.91;29.17
02/02/26 05.30;Tilapia;7.61;5.05;29.3
02/02/26 05.45;Tilapia;7.79;4.65;29.06
02/02/26 06.00;Tilapia;7.76;4.8;29.44
02/02/26 06.15;Tilapia;7.69;5.17;29.24
02/02/26 06.30;Tilapia;7.66;5.17;29.75
02/02/26 06.45;Tilapia;7.68;5.01;29.67
02/02/26 07.00;Tilapia;7.79;5.16;30.18
02/02/26 07.15;Tilapia;7.76;5.11;30.26
02/02/26 07.30;Tilapia;7.94;5.24;29.68
02/02/26 07.45;Tilapia;7.82;5.28;29.9
02/02/26 08.00;Tilapia;8;4.89;29.45
02/02/26 08.15;Tilapia;7.64;5.14;29.79
02/02/26 08.30;Tilapia;7.95;5.66;30.45
02/02/26 08.45;Tilapia;7.79;6.14;30.07
02/02/26 09.00;Tilapia;8.01;5.87;30.19
02/02/26 09.15;Tilapia;7.8;5.76;30.44
02/02/26 09.30;Tilapia;7.85;6.13;30.67
02/02/26 09.45;Tilapia;7.83;5.97;30.59
02/02/26 10.00;Tilapia;7.71;6.52;30.37
02/02/26 10.15;Tilapia;7.71;5.66;30.55
02/02/26 10.30;Tilapia;8;6.29;30.61
02/02/26 10.45;Tilapia;8.05;6.45;30.71
02/02/26 11.00;Tilapia;7.94;5.89;30.55
02/02/26 11.15;Tilapia;7.8;6.13;30.31
02/02/26 11.30;Tilapia;8.1;6.47;30.47
02/02/26 11.45;Tilapia;7.84;6.83;30.14
02/02/26 12.00;Tilapia;7.99;5.79;30.48
02/02/26 12.15;Tilapia;7.93;5.57;30.56
02/02/26 12.30;Tilapia;8.01;6.31;30.28
02/02/26 12.45;Tilapia;7.91;6.12;30.13
02/02/26 13.00;Tilapia;7.98;6.12;30.19
02/02/26 13.15;Tilapia;8.05;6.42;30.05
02/02/26 13.30;Tilapia;7.87;6.26;30.05
02/02/26 13.45;Tilapia;7.91;6.72;30.11
02/02/26 14.00;Tilapia;7.83;6.21;30.04
02/02/26 14.15;Tilapia;7.9;6.24;29.62
02/02/26 14.30;Tilapia;7.96;6.18;29.57
02/02/26 14.45;Tilapia;7.87;6.01;29.83
02/02/26 15.00;Tilapia;7.96;6.72;29.49
02/02/26 15.15;Tilapia;8.05;5.89;29.75
02/02/26 15.30;Tilapia;7.97;6.15;29.08
02/02/26 15.45;Tilapia;7.81;5.84;29.53
02/02/26 16.00;Tilapia;7.82;6.03;29.15
02/02/26 16.15;Tilapia;7.95;5.44;29.32
02/02/26 16.30;Tilapia;7.78;5.6;29.38
02/02/26 16.45;Tilapia;7.77;5.76;28.9
02/02/26 17.00;Tilapia;7.96;5.78;28.64
02/02/26 17.15;Tilapia;7.77;6.01;28.55
02/02/26 17.30;Tilapia;7.93;5.6;28.8
02/02/26 17.45;Tilapia;7.87;5.74;28.71
02/02/26 18.00;Tilapia;8.06;5.78;28.77
02/02/26 18.15;Tilapia;7.87;5.53;28.05
02/02/26 18.30;Tilapia;7.75;5.11;28.28
02/02/26 18.45;Tilapia;7.96;5.34;28.21
02/02/26 19.00;Tilapia;7.6;4.93;28.17
02/02/26 19.15;Tilapia;7.67;5.37;27.79
02/02/26 19.30;Tilapia;7.96;5.42;27.83
02/02/26 19.45;Tilapia;7.68;5.42;27.72
02/02/26 20.00;Tilapia;7.72;5.04;27.66
02/02/26 20.15;Tilapia;7.82;5.18;27.63
02/02/26 20.30;Tilapia;7.75;4.85;27.54
02/02/26 20.45;Tilapia;7.94;4.59;27.96
02/02/26 21.00;Tilapia;7.74;4.69;27.12
02/02/26 21.15;Tilapia;7.69;4.65;27.62
02/02/26 21.30;Tilapia;7.7;4.74;27.25
02/02/26 21.45;Tilapia;7.63;4.45;27.74
02/02/26 22.00;Tilapia;7.83;4.53;27.17
02/02/26 22.15;Tilapia;7.86;4.13;27.6
02/02/26 22.30;Tilapia;7.76;4.2;27.21
02/02/26 22.45;Tilapia;7.65;4.28;26.88
02/02/26 23.00;Tilapia;7.73;4.45;27.17
02/02/26 23.15;Tilapia;7.56;4.54;27.5
02/02/26 23.30;Tilapia;7.66;4.16;27.24
02/02/26 23.45;Tilapia;7.79;4.58;27.2
03/02/26 00.00;Tilapia;7.78;4.39;27.28
03/02/26 00.15;Tilapia;8;3.83;27.32
03/02/26 00.30;Tilapia;7.76;3.99;27.57
03/02/26 00.45;Tilapia;7.58;4.11;27.35
03/02/26 01.00;Tilapia;7.53;4.09;27.33
03/02/26 01.15;Tilapia;7.75;4;27.68
03/02/26 01.30;Tilapia;7.61;4.18;27.58
03/02/26 01.45;Tilapia;7.67;4.64;27.68
03/02/26 02.00;Tilapia;7.75;4.29;27.73
03/02/26 02.15;Tilapia;7.8;4.14;27.8
03/02/26 02.30;Tilapia;7.69;4.11;27.43
03/02/26 02.45;Tilapia;7.79;4.26;27.98
03/02/26 03.00;Tilapia;7.65;4.39;27.79
03/02/26 03.15;Tilapia;7.7;4.11;28.27
03/02/26 03.30;Tilapia;7.8;4.16;28.49
03/02/26 03.45;Tilapia;7.66;3.99;28.51
03/02/26 04.00;Tilapia;7.78;4.7;28.79
03/02/26 04.15;Tilapia;7.9;4.72;28.79
03/02/26 04.30;Tilapia;7.83;4.43;28.8
03/02/26 04.45;Tilapia;7.65;4.9;28.84
03/02/26 05.00;Tilapia;7.69;5.04;28.97
03/02/26 05.15;Tilapia;7.67;4.79;29.14
03/02/26 05.30;Tilapia;7.64;4.73;28.94
03/02/26 05.45;Tilapia;7.83;4.97;29.1
03/02/26 06.00;Tilapia;7.87;5.23;29.46
03/02/26 06.15;Tilapia;7.9;4.81;29.14
03/02/26 06.30;Tilapia;7.81;5.25;29.93
03/02/26 06.45;Tilapia;7.65;4.98;28.91
03/02/26 07.00;Tilapia;7.76;5.35;29.9
03/02/26 07.15;Tilapia;7.65;5.46;29.72
03/02/26 07.30;Tilapia;7.6;5.63;29.59
03/02/26 07.45;Tilapia;7.86;5.39;29.84
03/02/26 08.00;Tilapia;7.89;5.67;29.78
03/02/26 08.15;Tilapia;7.79;5.98;30.33
03/02/26 08.30;Tilapia;7.86;5.35;30.58
03/02/26 08.45;Tilapia;7.78;5.71;29.88
03/02/26 09.00;Tilapia;7.82;5.81;29.97
03/02/26 09.15;Tilapia;7.68;5.7;30.45
03/02/26 09.30;Tilapia;7.91;5.96;30.45
03/02/26 09.45;Tilapia;7.8;5.77;30.34
03/02/26 10.00;Tilapia;7.85;6.18;30.31
03/02/26 10.15;Tilapia;7.91;6.32;30.45
03/02/26 10.30;Tilapia;7.88;6.1;30.65
03/02/26 10.45;Tilapia;8.13;6.43;30.59
03/02/26 11.00;Tilapia;8.21;6.37;30.47
03/02/26 11.15;Tilapia;7.9;6.44;30.7
03/02/26 11.30;Tilapia;8.07;5.89;30.22
03/02/26 11.45;Tilapia;8.24;5.95;30.69
03/02/26 12.00;Tilapia;7.83;6.59;30.39
03/02/26 12.15;Tilapia;7.74;6.61;30.77
03/02/26 12.30;Tilapia;7.81;6.42;30.44
03/02/26 12.45;Tilapia;7.79;6.27;30.41
03/02/26 13.00;Tilapia;7.89;5.92;30.16
03/02/26 13.15;Tilapia;8.05;6.25;30.46
03/02/26 13.30;Tilapia;8.05;6.45;30.44
03/02/26 13.45;Tilapia;8;6.02;30.03
03/02/26 14.00;Tilapia;7.77;6.27;29.66
03/02/26 14.15;Tilapia;7.79;6.63;29.56
03/02/26 14.30;Tilapia;8.13;6.35;30.07
03/02/26 14.45;Tilapia;7.92;6.14;30.55
03/02/26 15.00;Tilapia;7.94;6.01;29.45
03/02/26 15.15;Tilapia;7.91;6.39;29.19
03/02/26 15.30;Tilapia;7.97;5.81;29.79
03/02/26 15.45;Tilapia;7.92;6.48;29.25
03/02/26 16.00;Tilapia;8.04;5.92;29.43
03/02/26 16.15;Tilapia;8.03;5.98;29.43
03/02/26 16.30;Tilapia;7.83;6.16;28.89
03/02/26 16.45;Tilapia;7.91;5.87;29.15
03/02/26 17.00;Tilapia;8.06;5.77;28.95
03/02/26 17.15;Tilapia;7.84;5.69;28.51
03/02/26 17.30;Tilapia;8.01;5.88;28.84
03/02/26 17.45;Tilapia;7.9;5.43;28.48
03/02/26 18.00;Tilapia;7.92;5.44;28.48
03/02/26 18.15;Tilapia;7.86;5.7;28.54
03/02/26 18.30;Tilapia;7.83;5.46;28.38
03/02/26 18.45;Tilapia;7.85;5.25;28.32
03/02/26 19.00;Tilapia;7.99;5.02;27.88
03/02/26 19.15;Tilapia;8.01;4.77;27.78
03/02/26 19.30;Tilapia;7.73;4.92;27.87
03/02/26 19.45;Tilapia;7.75;5.43;27.49
03/02/26 20.00;Tilapia;7.86;5.15;27.66
03/02/26 20.15;Tilapia;7.59;4.49;28.01
03/02/26 20.30;Tilapia;7.72;4.85;27.65
03/02/26 20.45;Tilapia;7.68;4.61;27.85
03/02/26 21.00;Tilapia;7.64;5.02;27.68
03/02/26 21.15;Tilapia;7.82;4.56;27.42
03/02/26 21.30;Tilapia;7.83;4.46;27.69
03/02/26 21.45;Tilapia;7.74;4.73;27.23
03/02/26 22.00;Tilapia;7.76;4.13;26.9
03/02/26 22.15;Tilapia;7.84;3.87;27.31
03/02/26 22.30;Tilapia;7.78;3.97;27.24
03/02/26 22.45;Tilapia;7.86;4.41;26.94
03/02/26 23.00;Tilapia;7.7;4.61;26.93
03/02/26 23.15;Tilapia;7.75;4.42;27.6
03/02/26 23.30;Tilapia;7.58;4.46;27.23
03/02/26 23.45;Tilapia;7.87;4.24;27.42
04/02/26 00.00;Tilapia;7.64;3.96;27.35
04/02/26 00.15;Tilapia;7.56;4.21;27.9
04/02/26 00.30;Tilapia;7.8;4.35;27.64
04/02/26 00.45;Tilapia;7.8;4.02;27.5
04/02/26 01.00;Tilapia;7.67;3.97;28.05
04/02/26 01.15;Tilapia;7.56;4.29;27.51
04/02/26 01.30;Tilapia;7.8;4.04;27.92
04/02/26 01.45;Tilapia;7.84;3.75;27.7
04/02/26 02.00;Tilapia;7.6;4.31;27.76
04/02/26 02.15;Tilapia;7.64;4.14;27.78
04/02/26 02.30;Tilapia;7.81;4.43;28.18
04/02/26 02.45;Tilapia;7.59;4.14;28.14
04/02/26 03.00;Tilapia;7.85;4.09;28.17
04/02/26 03.15;Tilapia;7.66;4.17;27.88
04/02/26 03.30;Tilapia;7.74;4.64;28.5
04/02/26 03.45;Tilapia;7.66;4.61;28.08
04/02/26 04.00;Tilapia;7.8;4.07;28.26
04/02/26 04.15;Tilapia;7.65;5;28.58
04/02/26 04.30;Tilapia;7.69;4.98;28.71
04/02/26 04.45;Tilapia;7.53;4.56;28.51
04/02/26 05.00;Tilapia;7.61;4.75;29.16
04/02/26 05.15;Tilapia;7.82;4.74;29.33
04/02/26 05.30;Tilapia;7.27;3.33;28.35
04/02/26 05.45;Tilapia;7.38;4.46;28.79
04/02/26 06.00;Tilapia;7.73;4.58;29.13
04/02/26 06.15;Tilapia;7.65;4.85;29.24
04/02/26 06.30;Tilapia;7.74;4.59;29.02
04/02/26 06.45;Tilapia;7.72;5.15;29.82
04/02/26 07.00;Tilapia;7.6;4.94;29.33
04/02/26 07.15;Tilapia;7.72;4.69;29.77
04/02/26 07.30;Tilapia;7.61;4.98;29.76
04/02/26 07.45;Tilapia;7.84;4.94;29.68
04/02/26 08.00;Tilapia;7.82;4.97;30.08
04/02/26 08.15;Tilapia;7.78;5.34;30.32
04/02/26 08.30;Tilapia;7.81;5.39;29.94
04/02/26 08.45;Tilapia;7.55;4.42;29.14
04/02/26 09.00;Tilapia;7.58;5.74;30.13
04/02/26 09.15;Tilapia;7.74;5.8;30.25
04/02/26 09.30;Tilapia;7.78;5.94;30
04/02/26 09.45;Tilapia;7.77;6.22;30.64
04/02/26 10.00;Tilapia;7.84;5.94;30.6
04/02/26 10.15;Tilapia;7.97;5.86;30.19
04/02/26 10.30;Tilapia;7.82;6.15;30.82
04/02/26 10.45;Tilapia;7.91;6.18;29.99
04/02/26 11.00;Tilapia;7.85;6.34;30.6
04/02/26 11.15;Tilapia;7.85;6.51;30.49
04/02/26 11.30;Tilapia;7.96;6.42;30.44
04/02/26 11.45;Tilapia;7.89;6.52;30.74
04/02/26 12.00;Tilapia;8.02;6.26;30.55
04/02/26 12.15;Tilapia;7.94;6.16;30.37
04/02/26 12.30;Tilapia;7.94;6.22;30.55
04/02/26 12.45;Tilapia;7.99;6.59;30.62
04/02/26 13.00;Tilapia;8.06;6.33;30.1
04/02/26 13.15;Tilapia;7.97;6.84;30.34
04/02/26 13.30;Tilapia;8.01;6.32;30.09
04/02/26 13.45;Tilapia;8.09;6.55;29.97
04/02/26 14.00;Tilapia;7.9;6.37;30.34
04/02/26 14.15;Tilapia;7.93;6.14;30
04/02/26 14.30;Tilapia;7.98;6.43;29.87
04/02/26 14.45;Tilapia;7.88;6.13;29.68
04/02/26 15.00;Tilapia;8.15;6.24;29.87
04/02/26 15.15;Tilapia;7.82;6.07;29.81
04/02/26 15.30;Tilapia;7.91;6.55;29.55
04/02/26 15.45;Tilapia;7.8;6.24;29.84
04/02/26 16.00;Tilapia;7.61;5.93;29.59
04/02/26 16.15;Tilapia;7.96;6.06;29.31
04/02/26 16.30;Tilapia;7.84;5.75;28.85
04/02/26 16.45;Tilapia;7.88;6.51;28.93
04/02/26 17.00;Tilapia;7.8;5.98;28.73
04/02/26 17.15;Tilapia;7.93;5.93;28.98
04/02/26 17.30;Tilapia;8.01;5.82;28.77
04/02/26 17.45;Tilapia;7.65;5.54;28.27
04/02/26 18.00;Tilapia;7.79;5.66;28.48
04/02/26 18.15;Tilapia;7.83;5.16;28.55
04/02/26 18.30;Tilapia;7.85;5.82;27.92
04/02/26 18.45;Tilapia;7.73;5.57;28.76
04/02/26 19.00;Tilapia;7.77;5.23;28.23
04/02/26 19.15;Tilapia;7.71;5.68;27.58
04/02/26 19.30;Tilapia;7.89;4.9;27.74
04/02/26 19.45;Tilapia;7.81;5.33;27.48
04/02/26 20.00;Tilapia;7.83;4.67;27.76
04/02/26 20.15;Tilapia;7.84;5.01;27.44
04/02/26 20.30;Tilapia;7.74;4.74;27.24
04/02/26 20.45;Tilapia;7.54;4.59;27.51
04/02/26 21.00;Tilapia;7.77;5.02;27.75
04/02/26 21.15;Tilapia;7.71;4.49;26.88
04/02/26 21.30;Tilapia;7.74;4.61;26.97
04/02/26 21.45;Tilapia;7.96;4.5;27.39
04/02/26 22.00;Tilapia;7.83;4.52;27.28
04/02/26 22.15;Tilapia;7.82;4.35;27.38
04/02/26 22.30;Tilapia;7.78;4.04;27.42
04/02/26 22.45;Tilapia;7.78;3.97;27.63
04/02/26 23.00;Tilapia;7.93;4.03;26.96
04/02/26 23.15;Tilapia;7.69;4.97;27.44
04/02/26 23.30;Tilapia;7.8;4.26;27.43
04/02/26 23.45;Tilapia;7.64;3.78;27.45
05/02/26 00.00;Tilapia;7.84;4.15;27.38
05/02/26 00.15;Tilapia;7.68;3.9;27.68
05/02/26 00.30;Tilapia;7.79;3.69;27.41
05/02/26 00.45;Tilapia;7.58;4.14;27.34
05/02/26 01.00;Tilapia;7.85;4.05;27.52
05/02/26 01.15;Tilapia;7.44;4.13;27.58
05/02/26 01.30;Tilapia;7.73;3.9;27.26
05/02/26 01.45;Tilapia;7.52;4.43;27.31
05/02/26 02.00;Tilapia;7.66;3.99;27.55
05/02/26 02.15;Tilapia;7.8;4.29;27.5
05/02/26 02.30;Tilapia;7.83;3.99;27.84
05/02/26 02.45;Tilapia;7.74;4.35;27.92
05/02/26 03.00;Tilapia;7.73;4.35;27.47
05/02/26 03.15;Tilapia;7.81;4.22;28.28
05/02/26 03.30;Tilapia;7.89;4.43;27.78
05/02/26 03.45;Tilapia;7.71;4.29;28.56
05/02/26 04.00;Tilapia;7.8;4.41;28.4
05/02/26 04.15;Tilapia;7.67;4.65;28.24
05/02/26 04.30;Tilapia;7.56;4.4;28.64
05/02/26 04.45;Tilapia;7.82;4.46;28.67
05/02/26 05.00;Tilapia;7.64;4.66;29.06
05/02/26 05.15;Tilapia;7.65;4.83;28.57
05/02/26 05.30;Tilapia;7.85;4.96;29.14
05/02/26 05.45;Tilapia;7.8;5.2;29.24
05/02/26 06.00;Tilapia;7.9;4.8;29.06
05/02/26 06.15;Tilapia;7.83;5.01;29.43
05/02/26 06.30;Tilapia;7.75;5.24;29.46
05/02/26 06.45;Tilapia;7.64;5.18;29.87
05/02/26 07.00;Tilapia;7.7;5.63;29.68
05/02/26 07.15;Tilapia;7.87;5.23;29.83
05/02/26 07.30;Tilapia;7.87;5.21;29.48
05/02/26 07.45;Tilapia;7.9;5.8;29.63
05/02/26 08.00;Tilapia;7.65;5.29;30.29
05/02/26 08.15;Tilapia;7.74;5.13;30.5
05/02/26 08.30;Tilapia;7.71;5.13;30.1
05/02/26 08.45;Tilapia;8.01;5.39;30.18
05/02/26 09.00;Tilapia;7.86;5.81;30.13
05/02/26 09.15;Tilapia;8.06;6.07;30.59
05/02/26 09.30;Tilapia;7.91;5.96;30.63
05/02/26 09.45;Tilapia;7.94;6.32;30.17
05/02/26 10.00;Tilapia;7.8;6.25;30.32
05/02/26 10.15;Tilapia;7.93;6.06;30.33
05/02/26 10.30;Tilapia;7.88;6.29;31
05/02/26 10.45;Tilapia;7.96;6.02;30.64
05/02/26 11.00;Tilapia;7.8;6.2;30.91
05/02/26 11.15;Tilapia;7.73;6.07;30.67
05/02/26 11.30;Tilapia;7.93;6.11;30.61
05/02/26 11.45;Tilapia;7.92;6.23;30.32
05/02/26 12.00;Tilapia;8.11;6.72;30.16
05/02/26 12.15;Tilapia;7.79;6.53;30.36
05/02/26 12.30;Tilapia;7.85;5.96;30.29
05/02/26 12.45;Tilapia;8;6.2;30.68
05/02/26 13.00;Tilapia;7.86;6.25;29.98
05/02/26 13.15;Tilapia;7.86;6.64;30.01
05/02/26 13.30;Tilapia;7.82;6.13;29.64
05/02/26 13.45;Tilapia;7.89;6.21;30.01
05/02/26 14.00;Tilapia;7.84;5.95;29.31
05/02/26 14.15;Tilapia;7.78;6.38;29.45
05/02/26 14.30;Tilapia;7.73;5.87;29.69
05/02/26 14.45;Tilapia;7.53;6.01;29.93
05/02/26 15.00;Tilapia;7.99;6.03;29.39
05/02/26 15.15;Tilapia;8.08;5.76;29.75
05/02/26 15.30;Tilapia;7.82;6.09;29.49
05/02/26 15.45;Tilapia;7.97;6.13;29.62
05/02/26 16.00;Tilapia;7.9;6.27;29.54
05/02/26 16.15;Tilapia;8;5.83;29.35
05/02/26 16.30;Tilapia;7.9;6.04;28.89
05/02/26 16.45;Tilapia;7.95;5.75;28.71
05/02/26 17.00;Tilapia;7.85;5.73;28.78
05/02/26 17.15;Tilapia;7.96;5.9;28.91
05/02/26 17.30;Tilapia;7.9;5.49;28.61
05/02/26 17.45;Tilapia;7.97;5.56;28.8
05/02/26 18.00;Tilapia;7.51;5.51;28.49
05/02/26 18.15;Tilapia;7.86;5.41;28
05/02/26 18.30;Tilapia;7.97;5.56;28.6
05/02/26 18.45;Tilapia;7.94;5.43;28.13
05/02/26 19.00;Tilapia;7.78;5.74;28.61
05/02/26 19.15;Tilapia;7.81;5.06;28.58
05/02/26 19.30;Tilapia;7.96;5.15;28.22
05/02/26 19.45;Tilapia;7.88;5.06;27.67
05/02/26 20.00;Tilapia;7.62;5.28;27.8
05/02/26 20.15;Tilapia;7.63;4.69;27.62
05/02/26 20.30;Tilapia;7.79;4.69;27.35
05/02/26 20.45;Tilapia;7.85;5.01;27.9
05/02/26 21.00;Tilapia;7.77;4.61;27.56
05/02/26 21.15;Tilapia;7.86;4.58;27.44
05/02/26 21.30;Tilapia;7.8;4.98;27.51
05/02/26 21.45;Tilapia;7.84;4.91;27.27
05/02/26 22.00;Tilapia;7.79;4.21;27.36
05/02/26 22.15;Tilapia;7.83;4.19;27.48
05/02/26 22.30;Tilapia;7.76;4.09;27.42
05/02/26 22.45;Tilapia;7.66;4.58;27.19
05/02/26 23.00;Tilapia;7.81;4.29;26.74
05/02/26 23.15;Tilapia;7.78;4.34;27.27
05/02/26 23.30;Tilapia;7.84;4.1;27.5
05/02/26 23.45;Tilapia;7.67;4.08;27.4
06/02/26 00.00;Tilapia;7.55;3.82;27.58
06/02/26 00.15;Tilapia;7.58;4.19;27.55
06/02/26 00.30;Tilapia;7.69;4.25;27.87
06/02/26 00.45;Tilapia;7.76;4.14;27.11
06/02/26 01.00;Tilapia;7.59;4.4;27.48
06/02/26 01.15;Tilapia;7.68;4.31;27.85
06/02/26 01.30;Tilapia;7.41;4.26;27.6
06/02/26 01.45;Tilapia;7.79;4.13;27.41
06/02/26 02.00;Tilapia;7.69;3.88;27.62
06/02/26 02.15;Tilapia;7.66;4.06;28.01
06/02/26 02.30;Tilapia;7.66;4.62;27.83
06/02/26 02.45;Tilapia;7.77;4.77;28.2
06/02/26 03.00;Tilapia;7.82;4.17;28.61
06/02/26 03.15;Tilapia;7.4;4.53;28.61
06/02/26 03.30;Tilapia;7.75;4.64;28.14
06/02/26 03.45;Tilapia;7.72;4.03;29.16
06/02/26 04.00;Tilapia;7.64;4.11;28.27
06/02/26 04.15;Tilapia;7.54;4.43;28.74
06/02/26 04.30;Tilapia;7.65;4.37;28.58
06/02/26 04.45;Tilapia;7.73;4.65;28.7
06/02/26 05.00;Tilapia;7.87;4.66;28.93
06/02/26 05.15;Tilapia;7.7;4.81;28.47
06/02/26 05.30;Tilapia;7.62;4.73;29.2
06/02/26 05.45;Tilapia;7.65;4.77;29.26
06/02/26 06.00;Tilapia;7.79;5.03;29.35
06/02/26 06.15;Tilapia;7.92;4.86;29.52
06/02/26 06.30;Tilapia;7.77;4.73;30.13
06/02/26 06.45;Tilapia;7.7;4.94;29.6
06/02/26 07.00;Tilapia;7.69;5.49;30.22
06/02/26 07.15;Tilapia;7.7;5.2;29.81
06/02/26 07.30;Tilapia;7.63;5.27;29.54
06/02/26 07.45;Tilapia;7.77;4.99;29.79
06/02/26 08.00;Tilapia;7.83;5.33;30.04
06/02/26 08.15;Tilapia;7.76;5.4;30.17
06/02/26 08.30;Tilapia;8.02;5.69;30.01
06/02/26 08.45;Tilapia;7.72;5.42;30.31
06/02/26 09.00;Tilapia;7.94;5.68;29.91
06/02/26 09.15;Tilapia;7.75;5.27;30.55
06/02/26 09.30;Tilapia;7.93;6.03;30.5
06/02/26 09.45;Tilapia;7.94;5.97;30.35
06/02/26 10.00;Tilapia;7.81;6.23;30.38
06/02/26 10.15;Tilapia;7.76;5.72;30.48
06/02/26 10.30;Tilapia;7.78;6.22;30.53
06/02/26 10.45;Tilapia;7.79;5.81;30.44
06/02/26 11.00;Tilapia;8.04;6.45;31.05
06/02/26 11.15;Tilapia;7.79;5.88;30.72
06/02/26 11.30;Tilapia;7.81;5.75;30.42
06/02/26 11.45;Tilapia;7.89;5.77;30.45
06/02/26 12.00;Tilapia;7.88;6.06;30.24
06/02/26 12.15;Tilapia;7.86;5.71;29.47
06/02/26 12.30;Tilapia;7.7;5.37;29.8
06/02/26 12.45;Tilapia;7.89;6.53;30.65
06/02/26 13.00;Tilapia;7.81;5.74;30.52
06/02/26 13.15;Tilapia;8.05;6.97;29.88
06/02/26 13.30;Tilapia;7.79;6.31;30.14
06/02/26 13.45;Tilapia;7.99;6.31;30.09
06/02/26 14.00;Tilapia;7.9;6.54;29.98
06/02/26 14.15;Tilapia;7.85;6.02;29.87
06/02/26 14.30;Tilapia;7.9;6.1;29.9
06/02/26 14.45;Tilapia;7.82;6.34;29.55
06/02/26 15.00;Tilapia;7.67;5.86;29.59
06/02/26 15.15;Tilapia;7.81;5.95;30.12
06/02/26 15.30;Tilapia;7.91;6.47;29.42
06/02/26 15.45;Tilapia;7.75;5.92;29.66
06/02/26 16.00;Tilapia;8.03;5.75;29.41
06/02/26 16.15;Tilapia;7.69;6.2;29.36
06/02/26 16.30;Tilapia;7.99;5.78;28.97
06/02/26 16.45;Tilapia;7.89;6.16;29.29
06/02/26 17.00;Tilapia;8.11;6.09;29.11
06/02/26 17.15;Tilapia;7.87;5.74;28.81
06/02/26 17.30;Tilapia;7.97;5.62;28.91
06/02/26 17.45;Tilapia;7.99;5.22;28.48
06/02/26 18.00;Tilapia;7.86;5.44;28.68
06/02/26 18.15;Tilapia;7.84;5.61;28.22
06/02/26 18.30;Tilapia;7.77;5.11;27.96
06/02/26 18.45;Tilapia;7.84;4.95;27.93
06/02/26 19.00;Tilapia;7.97;4.86;27.88
06/02/26 19.15;Tilapia;7.62;3.88;27.66
06/02/26 19.30;Tilapia;7.77;4.64;27.89
06/02/26 19.45;Tilapia;7.73;4.74;27.53
06/02/26 20.00;Tilapia;7.55;3.42;27.45
06/02/26 20.15;Tilapia;7.77;4.99;27.14
06/02/26 20.30;Tilapia;7.66;4.9;27.27
06/02/26 20.45;Tilapia;7.73;4.6;27.39
06/02/26 21.00;Tilapia;7.61;4.28;27.63
06/02/26 21.15;Tilapia;7.61;3.53;26.57
06/02/26 21.30;Tilapia;7.76;4.17;27.66
06/02/26 21.45;Tilapia;7.46;2.93;26.38
06/02/26 22.00;Tilapia;7.43;4.17;26.96
06/02/26 22.15;Tilapia;7.7;4.1;27.6
06/02/26 22.30;Tilapia;7.71;4.59;27.36
06/02/26 22.45;Tilapia;7.81;4.22;27.17
06/02/26 23.00;Tilapia;7.65;4.15;27
06/02/26 23.15;Tilapia;7.71;3.91;27.09
06/02/26 23.30;Tilapia;7.45;3.62;27.4
06/02/26 23.45;Tilapia;7.69;3.94;27.74
07/02/26 00.00;Tilapia;7.5;3.2;27.59
07/02/26 00.15;Tilapia;7.67;3.7;27.37
07/02/26 00.30;Tilapia;7.49;4.2;27.6
07/02/26 00.45;Tilapia;7.6;3.97;27.56
07/02/26 01.00;Tilapia;7.59;4.48;27.88
07/02/26 01.15;Tilapia;7.65;3.95;27.55
07/02/26 01.30;Tilapia;7.66;4.53;27.77
07/02/26 01.45;Tilapia;7.68;4.09;27.16
07/02/26 02.00;Tilapia;8;4.33;27.8
07/02/26 02.15;Tilapia;7.64;4.29;27.97
07/02/26 02.30;Tilapia;7.69;3.45;27.97
07/02/26 02.45;Tilapia;7.68;3.76;28.34
07/02/26 03.00;Tilapia;7.81;4.31;28.38
07/02/26 03.15;Tilapia;7.71;4.18;28.32
07/02/26 03.30;Tilapia;7.64;4.37;28.74
07/02/26 03.45;Tilapia;7.77;4.34;28.48
07/02/26 04.00;Tilapia;7.77;4.45;28.22
07/02/26 04.15;Tilapia;7.67;4.21;28.52
07/02/26 04.30;Tilapia;7.67;4.63;28.6
07/02/26 04.45;Tilapia;7.92;4.02;28.44
07/02/26 05.00;Tilapia;7.82;4.24;28.69
07/02/26 05.15;Tilapia;7.81;3.93;28.95
07/02/26 05.30;Tilapia;7.93;4.74;28.98
07/02/26 05.45;Tilapia;7.79;4.92;29.02
07/02/26 06.00;Tilapia;7.86;4.64;29.44
07/02/26 06.15;Tilapia;7.74;4.8;29.16
07/02/26 06.30;Tilapia;7.73;5.1;29.37
07/02/26 06.45;Tilapia;7.64;4.82;29.41
07/02/26 07.00;Tilapia;7.64;4.97;29.81
07/02/26 07.15;Tilapia;7.85;5.74;29.76
07/02/26 07.30;Tilapia;7.78;5.44;30.14
07/02/26 07.45;Tilapia;7.83;5.4;30.38
07/02/26 08.00;Tilapia;7.73;5.34;30.22
07/02/26 08.15;Tilapia;7.97;5.49;29.85
07/02/26 08.30;Tilapia;7.72;5.57;30.37
07/02/26 08.45;Tilapia;7.79;5.79;29.95
07/02/26 09.00;Tilapia;7.81;5.49;30.33
07/02/26 09.15;Tilapia;7.76;5.94;30.69
07/02/26 09.30;Tilapia;7.99;5.61;30.53
07/02/26 09.45;Tilapia;7.83;5.95;30.16
07/02/26 10.00;Tilapia;7.64;5.77;30.47
07/02/26 10.15;Tilapia;7.76;5.23;30.2
07/02/26 10.30;Tilapia;7.83;5.7;30.36
07/02/26 10.45;Tilapia;7.9;6.26;30.71
07/02/26 11.00;Tilapia;7.84;6.31;30.55
07/02/26 11.15;Tilapia;8.07;6.02;30.69
07/02/26 11.30;Tilapia;7.91;6.27;30.28
07/02/26 11.45;Tilapia;7.96;6.17;30.07
07/02/26 12.00;Tilapia;7.89;6.31;30.85
07/02/26 12.15;Tilapia;7.76;6.22;30.6
07/02/26 12.30;Tilapia;7.91;6.5;30.27
07/02/26 12.45;Tilapia;7.78;6.35;30.57
07/02/26 13.00;Tilapia;7.93;6.55;29.81
07/02/26 13.15;Tilapia;7.89;6.35;29.91
07/02/26 13.30;Tilapia;7.87;6.29;30.38
07/02/26 13.45;Tilapia;7.82;6.01;30.28
07/02/26 14.00;Tilapia;7.92;6.35;29.49
07/02/26 14.15;Tilapia;7.86;6.5;30.16
07/02/26 14.30;Tilapia;7.87;6.63;29.91
07/02/26 14.45;Tilapia;7.98;6.15;29.56
07/02/26 15.00;Tilapia;7.84;6.63;29.75
07/02/26 15.15;Tilapia;7.86;6.25;29.27
07/02/26 15.30;Tilapia;7.8;5.98;29.69
07/02/26 15.45;Tilapia;7.67;5.95;29.29
07/02/26 16.00;Tilapia;7.78;5.63;29.27
07/02/26 16.15;Tilapia;7.64;5.93;29.02
07/02/26 16.30;Tilapia;7.96;6.25;29.43
07/02/26 16.45;Tilapia;8.12;6.11;29.43
07/02/26 17.00;Tilapia;7.8;6.09;28.96
07/02/26 17.15;Tilapia;7.79;5.68;28.89
07/02/26 17.30;Tilapia;7.89;5.62;28.84
07/02/26 17.45;Tilapia;7.87;5.28;28.67
07/02/26 18.00;Tilapia;7.63;5.33;28.49
07/02/26 18.15;Tilapia;7.88;5.46;28.55
07/02/26 18.30;Tilapia;7.62;4.21;27.82
07/02/26 18.45;Tilapia;7.48;3.76;27.45
07/02/26 19.00;Tilapia;7.5;4.04;27.4
07/02/26 19.15;Tilapia;7.49;3.37;27.3
07/02/26 19.30;Tilapia;7.66;3.89;26.7
07/02/26 19.45;Tilapia;7.4;3.03;26.61
07/02/26 20.00;Tilapia;7.55;3.8;26.85
07/02/26 20.15;Tilapia;7.54;3.41;26.42
07/02/26 20.30;Tilapia;7.59;3.36;26.26
07/02/26 20.45;Tilapia;7.48;2.93;26.21
07/02/26 21.00;Tilapia;7.43;3.14;26.37
07/02/26 21.15;Tilapia;7.62;3.2;26.47
07/02/26 21.30;Tilapia;7.6;3.8;27.09
07/02/26 21.45;Tilapia;7.75;3.49;26.58
07/02/26 22.00;Tilapia;7.57;3.43;26.86
07/02/26 22.15;Tilapia;7.53;3.52;27.33
07/02/26 22.30;Tilapia;7.45;2.84;25.9
07/02/26 22.45;Tilapia;7.43;2.77;26.53
07/02/26 23.00;Tilapia;7.6;2.98;26.68
07/02/26 23.15;Tilapia;7.3;2.73;26.62
07/02/26 23.30;Tilapia;7.52;2.88;26.44
07/02/26 23.45;Tilapia;7.32;3.07;26.43
08/02/26 00.00;Tilapia;7.53;2.59;26.81
08/02/26 00.15;Tilapia;7.49;2.92;26.73
08/02/26 00.30;Tilapia;7.67;3.45;27.25
08/02/26 00.45;Tilapia;7.33;2.79;26.7
08/02/26 01.00;Tilapia;7.51;3.21;26.76
08/02/26 01.15;Tilapia;7.59;2.62;26.79
08/02/26 01.30;Tilapia;7.62;3.52;27.52
08/02/26 01.45;Tilapia;7.65;3.89;27.21
08/02/26 02.00;Tilapia;7.38;2.57;26.82
08/02/26 02.15;Tilapia;7.38;3.16;26.79
08/02/26 02.30;Tilapia;7.32;2.78;26.8
08/02/26 02.45;Tilapia;7.69;2.84;27.37
08/02/26 03.00;Tilapia;7.63;3.14;27.26
08/02/26 03.15;Tilapia;7.49;3.08;27.24
08/02/26 03.30;Tilapia;7.54;3.72;27.58
08/02/26 03.45;Tilapia;7.35;2.9;27.51
08/02/26 04.00;Tilapia;7.41;3.61;27.72
08/02/26 04.15;Tilapia;7.71;3.57;27.63
08/02/26 04.30;Tilapia;7.72;4.07;27.93
08/02/26 04.45;Tilapia;7.35;3.17;27.85
08/02/26 05.00;Tilapia;7.37;3.53;27.9
08/02/26 05.15;Tilapia;7.38;3.27;28.53
08/02/26 05.30;Tilapia;7.44;3.89;28.06
08/02/26 05.45;Tilapia;7.55;3.21;28.55
08/02/26 06.00;Tilapia;7.56;3.78;28.44
08/02/26 06.15;Tilapia;7.44;3.76;28.19
08/02/26 06.30;Tilapia;7.67;4.18;28.66
08/02/26 06.45;Tilapia;7.52;3.82;28.12
08/02/26 07.00;Tilapia;7.61;4.28;29
08/02/26 07.15;Tilapia;7.5;3.99;28.84
08/02/26 07.30;Tilapia;7.72;4.38;29.41
08/02/26 07.45;Tilapia;7.5;4.24;28.96
08/02/26 08.00;Tilapia;7.56;4.19;28.84
08/02/26 08.15;Tilapia;7.69;4.49;29.05
08/02/26 08.30;Tilapia;7.69;4.86;29.48
08/02/26 08.45;Tilapia;7.63;4.37;28.75
08/02/26 09.00;Tilapia;7.69;4.35;29.51
08/02/26 09.15;Tilapia;7.62;4.4;29.29
08/02/26 09.30;Tilapia;7.45;4.61;29.24
08/02/26 09.45;Tilapia;7.65;4.86;29.51
08/02/26 10.00;Tilapia;7.82;4.21;29.61
08/02/26 10.15;Tilapia;7.48;5.09;30.21
08/02/26 10.30;Tilapia;7.54;4.43;29.43
08/02/26 10.45;Tilapia;7.68;4.46;29.53
08/02/26 11.00;Tilapia;7.66;4.79;29.16
08/02/26 11.15;Tilapia;7.54;4.71;29.53
08/02/26 11.30;Tilapia;7.74;5.74;29.44
08/02/26 11.45;Tilapia;7.63;5.39;29.57
08/02/26 12.00;Tilapia;7.58;4.98;30.03
08/02/26 12.15;Tilapia;7.59;5.14;29.5
08/02/26 12.30;Tilapia;7.95;5.31;29.54
08/02/26 12.45;Tilapia;7.68;5.4;29.29
08/02/26 13.00;Tilapia;7.71;5.63;29.45
08/02/26 13.15;Tilapia;7.47;4.9;29.42
08/02/26 13.30;Tilapia;7.79;5.08;29.27
08/02/26 13.45;Tilapia;7.72;6.05;29.77
08/02/26 14.00;Tilapia;7.82;5.37;29.26
08/02/26 14.15;Tilapia;7.75;5.75;29.96
08/02/26 14.30;Tilapia;7.87;5.47;29.3
08/02/26 14.45;Tilapia;7.6;5.22;28.97
08/02/26 15.00;Tilapia;7.64;4.76;29.04
08/02/26 15.15;Tilapia;7.7;4.75;28.65
08/02/26 15.30;Tilapia;7.66;4.72;28.59
08/02/26 15.45;Tilapia;7.7;5.2;28.86
08/02/26 16.00;Tilapia;7.61;4.7;28.05
08/02/26 16.15;Tilapia;7.6;5.21;28.84
08/02/26 16.30;Tilapia;7.48;4.53;28.24
08/02/26 16.45;Tilapia;7.39;4.41;28.37
08/02/26 17.00;Tilapia;7.6;4.32;28.03
08/02/26 17.15;Tilapia;7.77;4.23;27.48
08/02/26 17.30;Tilapia;7.6;4.67;27.83
08/02/26 17.45;Tilapia;7.57;4.47;27.3
08/02/26 18.00;Tilapia;7.66;3.82;27.55
08/02/26 18.15;Tilapia;7.56;3.97;27.34
08/02/26 18.30;Tilapia;7.44;3.98;27.38
08/02/26 18.45;Tilapia;7.63;3.68;27.39
08/02/26 19.00;Tilapia;7.72;4.71;27.05
08/02/26 19.15;Tilapia;7.7;4.71;27.38
08/02/26 19.30;Tilapia;7.92;3.84;26.83
08/02/26 19.45;Tilapia;7.71;4.26;27.11
08/02/26 20.00;Tilapia;7.41;3.29;26.66
08/02/26 20.15;Tilapia;7.68;4.21;27.24
08/02/26 20.30;Tilapia;7.74;3.32;27
08/02/26 20.45;Tilapia;7.58;3.98;26.79
08/02/26 21.00;Tilapia;7.51;3.16;26.78
08/02/26 21.15;Tilapia;7.4;3.36;26.63
08/02/26 21.30;Tilapia;7.48;3;26.25
08/02/26 21.45;Tilapia;7.49;3.73;26.83
08/02/26 22.00;Tilapia;7.55;3.1;26.46
08/02/26 22.15;Tilapia;7.39;2.79;26.68
08/02/26 22.30;Tilapia;7.74;3.12;26.71
08/02/26 22.45;Tilapia;7.61;2.93;26.68
08/02/26 23.00;Tilapia;7.57;3.72;26.89
08/02/26 23.15;Tilapia;7.4;3.69;26.82
08/02/26 23.30;Tilapia;7.57;3.08;26.76
08/02/26 23.45;Tilapia;7.38;2.78;26.21
09/02/26 00.00;Tilapia;7.22;2.84;26.43
09/02/26 00.15;Tilapia;7.18;2.78;26.7
09/02/26 00.30;Tilapia;7.36;2.67;26.86
09/02/26 00.45;Tilapia;7.52;3.1;26.83
09/02/26 01.00;Tilapia;7.61;2.73;26.74
09/02/26 01.15;Tilapia;7.46;2;26.25
09/02/26 01.30;Tilapia;7.53;2.95;26.46
09/02/26 01.45;Tilapia;7.51;3.16;27.09
09/02/26 02.00;Tilapia;7.5;2.61;26.48
09/02/26 02.15;Tilapia;7.27;2.59;27.06
09/02/26 02.30;Tilapia;7.38;2.79;27.39
09/02/26 02.45;Tilapia;7.65;3.87;28.33
09/02/26 03.00;Tilapia;7.79;4.29;28.52
09/02/26 03.15;Tilapia;7.67;4.51;28.22
09/02/26 03.30;Tilapia;7.76;4.56;28.54
09/02/26 03.45;Tilapia;7.63;3.97;28.29
09/02/26 04.00;Tilapia;7.64;3.96;28.25
09/02/26 04.15;Tilapia;7.57;4.84;28.67
09/02/26 04.30;Tilapia;7.71;4.66;28.29
09/02/26 04.45;Tilapia;7.66;4.31;29.08
09/02/26 05.00;Tilapia;7.96;4.13;29.07
09/02/26 05.15;Tilapia;7.82;4.56;29.03
09/02/26 05.30;Tilapia;7.89;4.73;29
09/02/26 05.45;Tilapia;7.67;4.8;29.42
09/02/26 06.00;Tilapia;7.66;4.95;29.22
09/02/26 06.15;Tilapia;7.77;5.5;29.46
09/02/26 06.30;Tilapia;7.82;4.9;29.73
09/02/26 06.45;Tilapia;7.84;5.12;29.78
09/02/26 07.00;Tilapia;7.63;5.38;29.28
09/02/26 07.15;Tilapia;7.82;5.15;30.02
09/02/26 07.30;Tilapia;7.79;5.68;30.05
09/02/26 07.45;Tilapia;7.81;5.51;29.73
09/02/26 08.00;Tilapia;7.55;4.98;29.99
09/02/26 08.15;Tilapia;7.92;5.06;30.29
09/02/26 08.30;Tilapia;8.02;5.43;30.58
09/02/26 08.45;Tilapia;7.64;5.6;30.25
09/02/26 09.00;Tilapia;7.65;5.57;30.18
09/02/26 09.15;Tilapia;7.76;5.72;30.52
09/02/26 09.30;Tilapia;7.83;5.7;30.47
09/02/26 09.45;Tilapia;7.98;5.84;30.64
09/02/26 10.00;Tilapia;7.8;5.63;30.43
09/02/26 10.15;Tilapia;7.8;5.92;30.51
09/02/26 10.30;Tilapia;7.83;5.82;30.45
09/02/26 10.45;Tilapia;8.06;6.17;30.4
09/02/26 11.00;Tilapia;7.9;6.32;30.58
09/02/26 11.15;Tilapia;7.79;6.23;30.88
09/02/26 11.30;Tilapia;7.85;6.01;30.55
09/02/26 11.45;Tilapia;7.99;6.02;30.05
09/02/26 12.00;Tilapia;7.75;6.06;30.24
09/02/26 12.15;Tilapia;7.69;5.95;30.55
09/02/26 12.30;Tilapia;7.81;6.25;30.56
09/02/26 12.45;Tilapia;7.67;5.46;29.13
09/02/26 13.00;Tilapia;7.63;5.83;29.73
09/02/26 13.15;Tilapia;8;6.37;30.43
09/02/26 13.30;Tilapia;7.79;5.97;29.63
09/02/26 13.45;Tilapia;8.04;6.32;29.45
09/02/26 14.00;Tilapia;8.03;5.79;29.79
09/02/26 14.15;Tilapia;7.87;5.89;29.84
09/02/26 14.30;Tilapia;7.86;6.46;30.02
09/02/26 14.45;Tilapia;7.93;6.26;29.69
09/02/26 15.00;Tilapia;7.81;6.06;29.25
09/02/26 15.15;Tilapia;7.94;5.93;29.9
09/02/26 15.30;Tilapia;7.92;6.21;29.58
09/02/26 15.45;Tilapia;7.81;6.07;29.49
09/02/26 16.00;Tilapia;7.9;5.99;29.43
09/02/26 16.15;Tilapia;8.02;6.07;29.53
09/02/26 16.30;Tilapia;7.83;5.75;29.04
09/02/26 16.45;Tilapia;7.89;6.02;28.83
09/02/26 17.00;Tilapia;7.88;6.18;28.57
09/02/26 17.15;Tilapia;7.89;5.58;29.14
09/02/26 17.30;Tilapia;7.77;5.53;27.94
09/02/26 17.45;Tilapia;7.99;5.52;28.7
09/02/26 18.00;Tilapia;7.74;5.23;28.28
09/02/26 18.15;Tilapia;7.82;4.88;28.69
09/02/26 18.30;Tilapia;7.96;5.08;28.13
09/02/26 18.45;Tilapia;7.52;4.25;27.12
09/02/26 19.00;Tilapia;7.69;4.92;27.86
09/02/26 19.15;Tilapia;7.8;4.33;27.47
09/02/26 19.30;Tilapia;7.9;5.21;27.86
09/02/26 19.45;Tilapia;7.64;4.48;27.75
09/02/26 20.00;Tilapia;7.68;4.05;27.65
09/02/26 20.15;Tilapia;7.73;4.62;27.34
09/02/26 20.30;Tilapia;7.23;3.1;26.64
09/02/26 20.45;Tilapia;7.56;4.17;27.53
09/02/26 21.00;Tilapia;7.7;4.24;27.15
09/02/26 21.15;Tilapia;7.75;3.99;27.39
09/02/26 21.30;Tilapia;7.66;4.2;27.05
09/02/26 21.45;Tilapia;7.76;4.59;27.93
09/02/26 22.00;Tilapia;7.68;4.27;27.45
09/02/26 22.15;Tilapia;7.52;3.59;26.97
09/02/26 22.30;Tilapia;7.57;3.42;26.4
09/02/26 22.45;Tilapia;7.35;2.59;26.04
09/02/26 23.00;Tilapia;7.5;3.57;27.08
09/02/26 23.15;Tilapia;7.51;2.99;26.62
09/02/26 23.30;Tilapia;7.7;4.44;27.5
09/02/26 23.45;Tilapia;7.59;3.89;26.95
10/02/26 00.00;Tilapia;7.63;3.54;27.12
10/02/26 00.15;Tilapia;7.58;3.3;27.32
10/02/26 00.30;Tilapia;7.81;4.04;27.83
10/02/26 00.45;Tilapia;7.6;3.17;27.37
10/02/26 01.00;Tilapia;7.69;4.11;27.17
10/02/26 01.15;Tilapia;7.58;4.02;27.06
10/02/26 01.30;Tilapia;7.55;3.93;27.2
10/02/26 01.45;Tilapia;7.68;4.27;27.88
10/02/26 02.00;Tilapia;7.83;3.69;27.43
10/02/26 02.15;Tilapia;7.55;3.66;27.8
10/02/26 02.30;Tilapia;7.64;3.68;27.63
10/02/26 02.45;Tilapia;7.68;4.02;28.78
10/02/26 03.00;Tilapia;7.65;4.14;28.18
10/02/26 03.15;Tilapia;7.72;4.07;28.14
10/02/26 03.30;Tilapia;7.89;4.12;28.77
10/02/26 03.45;Tilapia;7.99;4.11;27.97
10/02/26 04.00;Tilapia;7.78;3.79;28.7
10/02/26 04.15;Tilapia;7.55;4.66;28.7
10/02/26 04.30;Tilapia;7.78;4.22;28.71
10/02/26 04.45;Tilapia;7.6;4.53;28.69
10/02/26 05.00;Tilapia;7.67;4.5;28.76
10/02/26 05.15;Tilapia;7.63;4.93;28.97
10/02/26 05.30;Tilapia;7.76;4.8;29.09
10/02/26 05.45;Tilapia;7.85;4.8;29.03
10/02/26 06.00;Tilapia;7.71;4.56;29.68
10/02/26 06.15;Tilapia;7.56;4.93;29.51
10/02/26 06.30;Tilapia;7.72;5.09;29.91
10/02/26 06.45;Tilapia;7.7;4.67;29.68
10/02/26 07.00;Tilapia;7.6;5.38;29.23
10/02/26 07.15;Tilapia;7.83;5.26;30.26
10/02/26 07.30;Tilapia;7.77;5.15;30.27
10/02/26 07.45;Tilapia;7.74;5.34;30.24
10/02/26 08.00;Tilapia;7.86;5.7;29.63
10/02/26 08.15;Tilapia;7.82;5.65;30.27
10/02/26 08.30;Tilapia;7.66;5.85;30.02
10/02/26 08.45;Tilapia;7.83;5.79;30.01
10/02/26 09.00;Tilapia;7.71;5.62;30.22
10/02/26 09.15;Tilapia;7.68;5.8;30.51
10/02/26 09.30;Tilapia;7.94;5.81;30.44
10/02/26 09.45;Tilapia;7.68;5.9;30.83
10/02/26 10.00;Tilapia;7.72;6.05;30.51
10/02/26 10.15;Tilapia;7.93;5.8;30.91
10/02/26 10.30;Tilapia;7.99;6.33;30.1
10/02/26 10.45;Tilapia;8.02;5.98;30.41
10/02/26 11.00;Tilapia;7.85;6.12;30.03
10/02/26 11.15;Tilapia;7.76;6.51;30.37
10/02/26 11.30;Tilapia;7.94;6.27;30.07
10/02/26 11.45;Tilapia;8.11;6.11;30.53
10/02/26 12.00;Tilapia;8.01;6.17;30.55
10/02/26 12.15;Tilapia;7.81;6.71;30.38
10/02/26 12.30;Tilapia;7.96;6.58;30.19
10/02/26 12.45;Tilapia;7.92;5.96;30.61
10/02/26 13.00;Tilapia;7.91;5.87;30.59
10/02/26 13.15;Tilapia;7.85;6.28;30
10/02/26 13.30;Tilapia;7.98;5.98;29.6
10/02/26 13.45;Tilapia;7.72;6.19;30.43
10/02/26 14.00;Tilapia;7.8;6.49;29.97
10/02/26 14.15;Tilapia;7.93;6.2;30.08
10/02/26 14.30;Tilapia;7.85;6.14;29.79
10/02/26 14.45;Tilapia;8.06;6.17;29.68
10/02/26 15.00;Tilapia;7.62;5.73;29.09
10/02/26 15.15;Tilapia;8.08;5.61;29.04
10/02/26 15.30;Tilapia;7.75;6.19;29.6
10/02/26 15.45;Tilapia;8.09;5.79;29.03
10/02/26 16.00;Tilapia;7.81;5.79;28.86
10/02/26 16.15;Tilapia;7.96;5.78;29.12
10/02/26 16.30;Tilapia;7.8;5.89;29.19
10/02/26 16.45;Tilapia;7.58;4.47;27.57
10/02/26 17.00;Tilapia;7.93;5.26;28.96
10/02/26 17.15;Tilapia;8.12;5.3;28.73
10/02/26 17.30;Tilapia;7.71;5.28;28.54
10/02/26 17.45;Tilapia;7.79;4.22;27.39
10/02/26 18.00;Tilapia;7.91;4.79;27.94
10/02/26 18.15;Tilapia;7.68;5.07;28.18
10/02/26 18.30;Tilapia;7.66;4.98;28.19
10/02/26 18.45;Tilapia;7.76;5.2;28.12
10/02/26 19.00;Tilapia;7.7;4.74;28.07
10/02/26 19.15;Tilapia;7.55;4.42;27.43
10/02/26 19.30;Tilapia;7.84;4.15;27.77
10/02/26 19.45;Tilapia;7.71;4.44;27.21
10/02/26 20.00;Tilapia;7.84;4.99;27.57
10/02/26 20.15;Tilapia;7.66;5.19;27.74
10/02/26 20.30;Tilapia;7.81;4.47;27.44
10/02/26 20.45;Tilapia;7.68;4.76;27.33
10/02/26 21.00;Tilapia;7.77;3.95;27.59
10/02/26 21.15;Tilapia;7.73;4.69;27.48
10/02/26 21.30;Tilapia;7.59;4.22;27.59
10/02/26 21.45;Tilapia;7.75;4.46;27.62
10/02/26 22.00;Tilapia;7.54;5.12;27.64
10/02/26 22.15;Tilapia;7.61;4.6;27.35
10/02/26 22.30;Tilapia;7.75;4.14;27.03
10/02/26 22.45;Tilapia;7.72;3.23;27.08
10/02/26 23.00;Tilapia;7.68;4.36;27.21
10/02/26 23.15;Tilapia;7.77;4.1;27.28
10/02/26 23.30;Tilapia;7.61;4.14;27.44
10/02/26 23.45;Tilapia;7.67;3.73;27.43
11/02/26 00.00;Tilapia;7.66;4.02;27.64
11/02/26 00.15;Tilapia;7.61;3.95;27
11/02/26 00.30;Tilapia;7.61;4.17;27.59
11/02/26 00.45;Tilapia;7.64;4.3;27.9
11/02/26 01.00;Tilapia;7.62;4.43;28.16
11/02/26 01.15;Tilapia;7.72;4.11;27.53
11/02/26 01.30;Tilapia;7.75;3.95;27.83
11/02/26 01.45;Tilapia;7.57;3.49;27.69
11/02/26 02.00;Tilapia;7.69;3.61;27.72
11/02/26 02.15;Tilapia;7.77;4.04;28.21
11/02/26 02.30;Tilapia;7.56;3.86;28.36
11/02/26 02.45;Tilapia;7.57;4.06;28.08
11/02/26 03.00;Tilapia;7.73;4.11;28.34
11/02/26 03.15;Tilapia;7.57;4.41;28.02
11/02/26 03.30;Tilapia;7.78;4.33;28.35
11/02/26 03.45;Tilapia;7.45;4.04;28.51
11/02/26 04.00;Tilapia;7.6;4.58;28.36
11/02/26 04.15;Tilapia;7.69;4.68;28.98
11/02/26 04.30;Tilapia;7.59;4.41;28.9
11/02/26 04.45;Tilapia;7.55;4.72;29.16
11/02/26 05.00;Tilapia;7.52;4.16;29.02
11/02/26 05.15;Tilapia;7.83;4.42;28.74
11/02/26 05.30;Tilapia;7.67;5.09;29.31
11/02/26 05.45;Tilapia;7.7;4.84;29.33
11/02/26 06.00;Tilapia;7.8;5.11;29.5
11/02/26 06.15;Tilapia;7.52;5.04;29.48
11/02/26 06.30;Tilapia;7.7;5.03;29.87
11/02/26 06.45;Tilapia;7.76;4.92;29.99
11/02/26 07.00;Tilapia;7.87;5.62;29.79
11/02/26 07.15;Tilapia;7.77;4.79;29.84
11/02/26 07.30;Tilapia;7.9;5.43;29.84
11/02/26 07.45;Tilapia;7.86;5.44;29.88
11/02/26 08.00;Tilapia;7.86;6.07;29.5
11/02/26 08.15;Tilapia;7.83;5.55;30.2
11/02/26 08.30;Tilapia;7.82;5.44;30.37
11/02/26 08.45;Tilapia;7.83;5.1;30.49
11/02/26 09.00;Tilapia;7.89;5.91;30.61
11/02/26 09.15;Tilapia;7.86;5.68;30.19
11/02/26 09.30;Tilapia;7.93;5.51;30.25
11/02/26 09.45;Tilapia;7.88;5.97;30.32
11/02/26 10.00;Tilapia;7.87;5.57;30.27
11/02/26 10.15;Tilapia;7.85;6.08;30.58
11/02/26 10.30;Tilapia;7.75;6.26;30.57
11/02/26 10.45;Tilapia;7.81;5.79;30.54
11/02/26 11.00;Tilapia;7.93;6.24;30.4
11/02/26 11.15;Tilapia;7.92;6.27;30.6
11/02/26 11.30;Tilapia;7.86;6.14;30.06
11/02/26 11.45;Tilapia;7.56;5.87;30.62
11/02/26 12.00;Tilapia;7.77;5.28;29.89
11/02/26 12.15;Tilapia;7.64;6.54;30.28
11/02/26 12.30;Tilapia;7.7;6.06;30.05
11/02/26 12.45;Tilapia;7.94;5.74;30.5
11/02/26 13.00;Tilapia;8.03;5.96;29.99
11/02/26 13.15;Tilapia;7.9;6.53;30.06
11/02/26 13.30;Tilapia;7.86;6.38;30.23
11/02/26 13.45;Tilapia;7.74;6.11;29.8
11/02/26 14.00;Tilapia;8.03;6.51;30.17
11/02/26 14.15;Tilapia;8.1;6.41;29.84
11/02/26 14.30;Tilapia;8.01;6.36;29.76
11/02/26 14.45;Tilapia;7.99;6.24;29.74
11/02/26 15.00;Tilapia;7.89;6.18;30.03
11/02/26 15.15;Tilapia;7.9;6.21;29.76
11/02/26 15.30;Tilapia;7.74;6.3;29.22
11/02/26 15.45;Tilapia;7.93;5.9;29.48
11/02/26 16.00;Tilapia;7.8;5.5;29.14
11/02/26 16.15;Tilapia;7.9;5.75;28.92
11/02/26 16.30;Tilapia;7.91;5.2;29.03
11/02/26 16.45;Tilapia;7.87;4.78;28.13
11/02/26 17.00;Tilapia;7.85;5.54;29.24
11/02/26 17.15;Tilapia;7.88;5.39;29.24
11/02/26 17.30;Tilapia;7.7;5.2;28.68
11/02/26 17.45;Tilapia;7.65;5.61;28.36
11/02/26 18.00;Tilapia;7.87;5.13;28.66
11/02/26 18.15;Tilapia;7.77;5.46;28.32
11/02/26 18.30;Tilapia;7.47;3.84;27.61
11/02/26 18.45;Tilapia;7.71;5.62;28.17
11/02/26 19.00;Tilapia;7.75;4.15;27.41
11/02/26 19.15;Tilapia;7.57;4.92;27.99
11/02/26 19.30;Tilapia;7.73;4.98;27.49
11/02/26 19.45;Tilapia;7.77;4.9;27.96
11/02/26 20.00;Tilapia;7.78;4.46;27.39
11/02/26 20.15;Tilapia;7.54;4.31;27.4
11/02/26 20.30;Tilapia;7.89;4.28;27.54
11/02/26 20.45;Tilapia;7.65;4.57;27.67
11/02/26 21.00;Tilapia;7.55;4.5;27.66
11/02/26 21.15;Tilapia;7.8;4.26;27.87
11/02/26 21.30;Tilapia;7.63;4.42;27.25
11/02/26 21.45;Tilapia;7.79;4.23;27.34
11/02/26 22.00;Tilapia;7.6;4.35;27.1
11/02/26 22.15;Tilapia;7.9;3.89;27.12
11/02/26 22.30;Tilapia;7.78;4.18;27.14
11/02/26 22.45;Tilapia;7.68;4.12;27.09
11/02/26 23.00;Tilapia;7.73;4.26;27.07
11/02/26 23.15;Tilapia;7.65;4.2;27.06
11/02/26 23.30;Tilapia;7.64;3.95;27.05
11/02/26 23.45;Tilapia;7.74;4.11;27.47
12/02/26 00.00;Nilem;7.21;4.81;25.91
12/02/26 00.15;Nilem;7.71;4.52;26.38
12/02/26 00.30;Nilem;7.44;4.2;26.02
12/02/26 00.45;Nilem;7.38;4.56;26.37
12/02/26 01.00;Nilem;7.3;4.09;26.05
12/02/26 01.15;Nilem;7.43;4.63;26.31
12/02/26 01.30;Nilem;7.51;4.68;26.49
12/02/26 01.45;Nilem;7.37;4.3;26.34
12/02/26 02.00;Nilem;7.39;4.23;26.42
12/02/26 02.15;Nilem;7.19;4.16;26.24
12/02/26 02.30;Nilem;7.5;4.39;26.55
12/02/26 02.45;Nilem;7.43;4.58;26.87
12/02/26 03.00;Nilem;7.25;4.03;26.32
12/02/26 03.15;Nilem;7.42;4.97;26.95
12/02/26 03.30;Nilem;7.66;4.85;26.99
12/02/26 03.45;Nilem;7.5;4.89;27.39
12/02/26 04.00;Nilem;7.41;4.54;27.41
12/02/26 04.15;Nilem;7.25;4.4;26.37
12/02/26 04.30;Nilem;7.23;4.55;26.95
12/02/26 04.45;Nilem;7.45;4.87;27.4
12/02/26 05.00;Nilem;7.34;4.68;27.66
12/02/26 05.15;Nilem;7.25;4.89;27.92
12/02/26 05.30;Nilem;7.29;4.6;27.8
12/02/26 05.45;Nilem;7.13;4.13;27.78
12/02/26 06.00;Nilem;7.37;5.08;28.18
12/02/26 06.15;Nilem;7.56;5.11;28.1
12/02/26 06.30;Nilem;7.31;5.84;28.63
12/02/26 06.45;Nilem;7.53;5.51;28.47
12/02/26 07.00;Nilem;7.22;5.58;28.27
12/02/26 07.15;Nilem;7.31;5;28.73
12/02/26 07.30;Nilem;7.3;4.73;28.26
12/02/26 07.45;Nilem;7.37;5.76;28.88
12/02/26 08.00;Nilem;7.48;5.88;28.93
12/02/26 08.15;Nilem;7.5;5.77;28.66
12/02/26 08.30;Nilem;7.57;6.09;28.91
12/02/26 08.45;Nilem;7.59;6.47;28.96
12/02/26 09.00;Nilem;7.74;6.03;28.97
12/02/26 09.15;Nilem;7.68;6.39;28.87
12/02/26 09.30;Nilem;7.63;6.27;28.94
12/02/26 09.45;Nilem;7.46;6.36;29.26
12/02/26 10.00;Nilem;7.52;6.52;29.27
12/02/26 10.15;Nilem;7.53;6.16;29.11
12/02/26 10.30;Nilem;7.47;6.38;29.11
12/02/26 10.45;Nilem;7.69;6.55;29.18
12/02/26 11.00;Nilem;7.42;6.45;29.1
12/02/26 11.15;Nilem;7.54;6.47;29.3
12/02/26 11.30;Nilem;7.49;6.95;29.35
12/02/26 11.45;Nilem;7.7;7.05;29.66
12/02/26 12.00;Nilem;7.46;6.87;29.38
12/02/26 12.15;Nilem;7.7;6.78;29.5
12/02/26 12.30;Nilem;7.53;6.32;29.04
12/02/26 12.45;Nilem;7.53;6.74;29.34
12/02/26 13.00;Nilem;7.74;6.8;29.29
12/02/26 13.15;Nilem;7.71;6.63;28.89
12/02/26 13.30;Nilem;7.54;6.77;29.04
12/02/26 13.45;Nilem;7.65;6.32;28.97
12/02/26 14.00;Nilem;7.58;6.49;28.75
12/02/26 14.15;Nilem;7.75;6.82;28.58
12/02/26 14.30;Nilem;7.71;6.86;28.51
12/02/26 14.45;Nilem;7.57;6.58;28.52
12/02/26 15.00;Nilem;7.75;6.5;28.82
12/02/26 15.15;Nilem;7.45;6.6;28.41
12/02/26 15.30;Nilem;7.85;6.47;28.45
12/02/26 15.45;Nilem;7.82;6.46;27.95
12/02/26 16.00;Nilem;7.64;6.47;28.34
12/02/26 16.15;Nilem;7.63;6.65;28.16
12/02/26 16.30;Nilem;7.7;6.21;27.64
12/02/26 16.45;Nilem;7.49;6.47;27.86
12/02/26 17.00;Nilem;7.44;5.74;27.58
12/02/26 17.15;Nilem;7.53;6.05;27.44
12/02/26 17.30;Nilem;7.63;6.19;27.48
12/02/26 17.45;Nilem;7.6;5.7;27.7
12/02/26 18.00;Nilem;7.62;6.14;27.48
12/02/26 18.15;Nilem;7.52;5.57;27.21
12/02/26 18.30;Nilem;7.59;5.9;26.84
12/02/26 18.45;Nilem;7.65;5.64;26.88
12/02/26 19.00;Nilem;7.71;5.12;26.02
12/02/26 19.15;Nilem;7.6;5.06;26.32
12/02/26 19.30;Nilem;7.38;4.7;26.33
12/02/26 19.45;Nilem;7.34;5.53;26.61
12/02/26 20.00;Nilem;7.39;5.18;26.51
12/02/26 20.15;Nilem;7.47;5.16;26.37
12/02/26 20.30;Nilem;7.54;5.43;26.26
12/02/26 20.45;Nilem;7.51;4.84;26.48
12/02/26 21.00;Nilem;7.5;5.11;26.5
12/02/26 21.15;Nilem;7.37;4.78;25.94
12/02/26 21.30;Nilem;7.57;4.63;26.14
12/02/26 21.45;Nilem;7.39;4.88;25.98
12/02/26 22.00;Nilem;7.38;4.93;25.93
12/02/26 22.15;Nilem;7.5;4.66;25.98
12/02/26 22.30;Nilem;7.54;4.54;26.5
12/02/26 22.45;Nilem;7.43;4.17;26.28
12/02/26 23.00;Nilem;7.26;4.83;26.2
12/02/26 23.15;Nilem;7.48;4.27;25.79
12/02/26 23.30;Nilem;7.4;4.41;26.15
12/02/26 23.45;Nilem;7.49;4.81;25.79
13/02/26 00.00;Nilem;7.45;4.56;26.49
13/02/26 00.15;Nilem;7.56;4.36;26.32
13/02/26 00.30;Nilem;7.19;3.67;26.09
13/02/26 00.45;Nilem;7.26;4.48;25.88
13/02/26 01.00;Nilem;7.44;3.8;25.86
13/02/26 01.15;Nilem;7.29;3;25.4
13/02/26 01.30;Nilem;7.06;3.56;25.83
13/02/26 01.45;Nilem;7.43;4.07;26.22
13/02/26 02.00;Nilem;7.52;3.98;26.44
13/02/26 02.15;Nilem;7.37;4.66;27.01
13/02/26 02.30;Nilem;7.26;4.15;26.83
13/02/26 02.45;Nilem;7.19;2.81;25.99
13/02/26 03.00;Nilem;7.32;4.59;27.05
13/02/26 03.15;Nilem;7.42;4.29;26.92
13/02/26 03.30;Nilem;7.39;4.41;27.37
13/02/26 03.45;Nilem;7.69;4.31;27.01
13/02/26 04.00;Nilem;7.46;4.26;27.11
13/02/26 04.15;Nilem;7.54;4.39;27.51
13/02/26 04.30;Nilem;7.42;4.24;27.81
13/02/26 04.45;Nilem;7.41;4.58;27.77
13/02/26 05.00;Nilem;7.54;5.31;28.13
13/02/26 05.15;Nilem;7.26;5.23;27.66
13/02/26 05.30;Nilem;7.62;5;28.06
13/02/26 05.45;Nilem;7.49;5.32;28.61
13/02/26 06.00;Nilem;7.52;5;28.06
13/02/26 06.15;Nilem;7.49;6.09;28.33
13/02/26 06.30;Nilem;7.51;5.64;28.55
13/02/26 06.45;Nilem;7.6;5.61;28.14
13/02/26 07.00;Nilem;7.36;5.14;28.56
13/02/26 07.15;Nilem;7.58;5.48;28.55
13/02/26 07.30;Nilem;7.39;5.79;28.73
13/02/26 07.45;Nilem;7.41;5.95;28.57
13/02/26 08.00;Nilem;7.6;6.12;29.04
13/02/26 08.15;Nilem;7.33;5.88;28.71
13/02/26 08.30;Nilem;7.5;6.21;29.32
13/02/26 08.45;Nilem;7.54;6.37;29.01
13/02/26 09.00;Nilem;7.68;6.08;29.02
13/02/26 09.15;Nilem;7.64;6.04;29.19
13/02/26 09.30;Nilem;7.72;6.14;29.21
13/02/26 09.45;Nilem;7.55;5.71;28.92
13/02/26 10.00;Nilem;7.61;6.38;29.67
13/02/26 10.15;Nilem;7.71;6.72;29.26
13/02/26 10.30;Nilem;7.58;6.86;29.37
13/02/26 10.45;Nilem;7.55;6.36;29.44
13/02/26 11.00;Nilem;7.65;6.44;29.46
13/02/26 11.15;Nilem;7.48;6.08;29.16
13/02/26 11.30;Nilem;7.52;5.77;28.85
13/02/26 11.45;Nilem;7.57;6.24;28.87
13/02/26 12.00;Nilem;7.47;6.33;29.28
13/02/26 12.15;Nilem;7.21;5.51;28.44
13/02/26 12.30;Nilem;7.59;6.14;28.79
13/02/26 12.45;Nilem;7.67;6.58;28.86
13/02/26 13.00;Nilem;7.34;6.75;28.84
13/02/26 13.15;Nilem;7.62;6.59;29.14
13/02/26 13.30;Nilem;7.42;6.62;28.47
13/02/26 13.45;Nilem;7.47;6.76;28.57
13/02/26 14.00;Nilem;7.7;6.73;28.59
13/02/26 14.15;Nilem;7.6;6.04;28.74
13/02/26 14.30;Nilem;7.51;6.88;28.36
13/02/26 14.45;Nilem;7.65;6.32;28.46
13/02/26 15.00;Nilem;7.53;5.39;27.76
13/02/26 15.15;Nilem;7.71;6.11;28.19
13/02/26 15.30;Nilem;7.56;6.84;28.13
13/02/26 15.45;Nilem;7.51;6.32;28.01
13/02/26 16.00;Nilem;7.57;6.35;28.01
13/02/26 16.15;Nilem;7.54;6.14;28.23
13/02/26 16.30;Nilem;7.47;5.73;27.5
13/02/26 16.45;Nilem;7.75;6.24;27.69
13/02/26 17.00;Nilem;7.62;5.77;28.05
13/02/26 17.15;Nilem;7.46;5.32;27.05
13/02/26 17.30;Nilem;7.56;5.95;27.66
13/02/26 17.45;Nilem;7.35;5.45;26.9
13/02/26 18.00;Nilem;7.59;6.19;27.17
13/02/26 18.15;Nilem;7.41;4.6;26.74
13/02/26 18.30;Nilem;7.26;4.94;27.01
13/02/26 18.45;Nilem;7.28;4.47;26.16
13/02/26 19.00;Nilem;7.61;5.41;26.58
13/02/26 19.15;Nilem;7.57;4.97;26.29
13/02/26 19.30;Nilem;7.52;5.44;26.47
13/02/26 19.45;Nilem;7.43;4.63;26.37
13/02/26 20.00;Nilem;7.46;5.12;26.67
13/02/26 20.15;Nilem;7.49;5.17;26.28
13/02/26 20.30;Nilem;7.44;5.39;26.39
13/02/26 20.45;Nilem;7.13;4.84;26.29
13/02/26 21.00;Nilem;7.52;5.13;25.89
13/02/26 21.15;Nilem;7.29;5.08;26.16
13/02/26 21.30;Nilem;7.52;5;26.03
13/02/26 21.45;Nilem;7.45;4.47;26.24
13/02/26 22.00;Nilem;7.55;4.47;26.35
13/02/26 22.15;Nilem;7.52;4.33;26.13
13/02/26 22.30;Nilem;7.15;4.94;26.63
13/02/26 22.45;Nilem;7.25;4.79;25.84
13/02/26 23.00;Nilem;7.4;4.86;26.25
13/02/26 23.15;Nilem;7.35;4.34;26.51
13/02/26 23.30;Nilem;7.35;4.42;26.03
13/02/26 23.45;Nilem;7.33;4.68;26.15
14/02/26 00.00;Nilem;7.4;4.36;26.4
14/02/26 00.15;Nilem;7.35;4.26;26.16
14/02/26 00.30;Nilem;7.47;4.46;25.99
14/02/26 00.45;Nilem;7.38;4.3;25.91
14/02/26 01.00;Nilem;7.48;4.48;26.55
14/02/26 01.15;Nilem;7.41;3.9;26.78
14/02/26 01.30;Nilem;7.37;4.43;25.97
14/02/26 01.45;Nilem;7.5;4.65;26.41
14/02/26 02.00;Nilem;7.32;4.16;26.5
14/02/26 02.15;Nilem;7.42;4.71;26.83
14/02/26 02.30;Nilem;7.41;4.7;26.81
14/02/26 02.45;Nilem;7.48;4.63;26.53
14/02/26 03.00;Nilem;7.65;4.31;27.11
14/02/26 03.15;Nilem;7.34;4.7;27.11
14/02/26 03.30;Nilem;7.37;4.62;27.14
14/02/26 03.45;Nilem;7.4;5.21;26.63
14/02/26 04.00;Nilem;7.42;4.74;26.86
14/02/26 04.15;Nilem;7.38;4.99;27.15
14/02/26 04.30;Nilem;7.29;4.81;27.6
14/02/26 04.45;Nilem;7.31;4.84;27.2
14/02/26 05.00;Nilem;7.61;5.07;27.22
14/02/26 05.15;Nilem;7.46;5.03;28.13
14/02/26 05.30;Nilem;7.32;4.68;27.86
14/02/26 05.45;Nilem;7.24;4.84;27.43
14/02/26 06.00;Nilem;7.18;4.81;27.38
14/02/26 06.15;Nilem;7.45;5.35;28.59
14/02/26 06.30;Nilem;7.29;5.22;28.26
14/02/26 06.45;Nilem;7.67;5.12;28.72
14/02/26 07.00;Nilem;7.37;5.93;28.53
14/02/26 07.15;Nilem;7.6;5.48;28.79
14/02/26 07.30;Nilem;7.48;6.06;28.79
14/02/26 07.45;Nilem;7.14;6.1;28.73
14/02/26 08.00;Nilem;7.61;5.48;28.56
14/02/26 08.15;Nilem;7.57;6.3;28.86
14/02/26 08.30;Nilem;7.31;5.49;28.68
14/02/26 08.45;Nilem;7.28;5.91;28.68
14/02/26 09.00;Nilem;7.64;5.81;28.94
14/02/26 09.15;Nilem;7.54;5.93;29.34
14/02/26 09.30;Nilem;7.49;6.34;29.49
14/02/26 09.45;Nilem;7.73;6.02;29.43
14/02/26 10.00;Nilem;7.71;6.38;29.11
14/02/26 10.15;Nilem;7.7;6.33;29.31
14/02/26 10.30;Nilem;7.52;6.31;29.57
14/02/26 10.45;Nilem;7.63;6.48;29.5
14/02/26 11.00;Nilem;7.53;6.64;28.93
14/02/26 11.15;Nilem;7.44;6.38;29.34
14/02/26 11.30;Nilem;7.38;6.71;29.47
14/02/26 11.45;Nilem;7.56;6.89;29.26
14/02/26 12.00;Nilem;7.71;6.83;29.45
14/02/26 12.15;Nilem;7.59;6.42;29.81
14/02/26 12.30;Nilem;7.53;6.73;29.13
14/02/26 12.45;Nilem;7.57;7.07;29.49
14/02/26 13.00;Nilem;7.55;6.72;29.11
14/02/26 13.15;Nilem;7.48;6.59;29.11
14/02/26 13.30;Nilem;7.54;6.44;28.84
14/02/26 13.45;Nilem;7.52;6.07;28.37
14/02/26 14.00;Nilem;7.46;6.56;28.71
14/02/26 14.15;Nilem;7.71;6.41;28.91
14/02/26 14.30;Nilem;7.63;6.76;28.62
14/02/26 14.45;Nilem;7.64;6.25;29.1
14/02/26 15.00;Nilem;7.47;6.4;28.06
14/02/26 15.15;Nilem;7.68;7.21;28.27
14/02/26 15.30;Nilem;7.7;6.88;28.35
14/02/26 15.45;Nilem;7.78;6.61;28.22
14/02/26 16.00;Nilem;7.53;6.78;27.83
14/02/26 16.15;Nilem;7.47;6.13;28.07
14/02/26 16.30;Nilem;7.68;5.91;27.68
14/02/26 16.45;Nilem;7.5;6.03;27.72
14/02/26 17.00;Nilem;7.61;6.02;27.89
14/02/26 17.15;Nilem;7.67;6.4;27.73
14/02/26 17.30;Nilem;7.58;5.96;27.46
14/02/26 17.45;Nilem;7.32;5.95;27.33
14/02/26 18.00;Nilem;7.51;5.59;27.57
14/02/26 18.15;Nilem;7.47;5.58;27.08
14/02/26 18.30;Nilem;7.63;5.69;27.21
14/02/26 18.45;Nilem;7.51;5.4;27.01
14/02/26 19.00;Nilem;7.71;5.46;26.86
14/02/26 19.15;Nilem;7.54;6.17;27.06
14/02/26 19.30;Nilem;7.51;4.99;26.96
14/02/26 19.45;Nilem;7.45;4.89;26.28
14/02/26 20.00;Nilem;7.37;4.82;25.94
14/02/26 20.15;Nilem;7.22;4.58;26.16
14/02/26 20.30;Nilem;7.23;3.79;25.45
14/02/26 20.45;Nilem;7.47;4.53;26.1
14/02/26 21.00;Nilem;7.12;3.35;24.94
14/02/26 21.15;Nilem;7.33;4.49;25.66
14/02/26 21.30;Nilem;7.49;4.37;26.01
14/02/26 21.45;Nilem;7.52;4.77;26.84
14/02/26 22.00;Nilem;7.29;4.85;26.16
14/02/26 22.15;Nilem;7.43;5.12;26.32
14/02/26 22.30;Nilem;7.51;4.56;25.91
14/02/26 22.45;Nilem;7.25;3.88;25.56
14/02/26 23.00;Nilem;7.31;4.51;26.04
14/02/26 23.15;Nilem;7.33;4.17;26.31
14/02/26 23.30;Nilem;7.3;4.11;25.86
14/02/26 23.45;Nilem;7.44;4.17;25.97
15/02/26 00.00;Nilem;7.25;3.24;25.71
15/02/26 00.15;Nilem;7.46;4.43;26.18
15/02/26 00.30;Nilem;7.33;3.97;26.18
15/02/26 00.45;Nilem;7.42;4.5;26.24
15/02/26 01.00;Nilem;7.57;4.48;26.16
15/02/26 01.15;Nilem;7.35;4.2;25.6
15/02/26 01.30;Nilem;7.28;4.15;26.55
15/02/26 01.45;Nilem;7.47;4.55;26.19
15/02/26 02.00;Nilem;7.42;4.41;26.84
15/02/26 02.15;Nilem;7.4;4.6;26.81
15/02/26 02.30;Nilem;7.33;4.51;26.82
15/02/26 02.45;Nilem;7.36;4.31;27.36
15/02/26 03.00;Nilem;7.31;4.49;26.95
15/02/26 03.15;Nilem;7.27;4.34;27.06
15/02/26 03.30;Nilem;7.5;4.86;27.41
15/02/26 03.45;Nilem;7.37;5;27.45
15/02/26 04.00;Nilem;7.42;4.61;27.18
15/02/26 04.15;Nilem;7.35;4.95;27.71
15/02/26 04.30;Nilem;7.15;5.12;27.89
15/02/26 04.45;Nilem;7.53;4.91;27.74
15/02/26 05.00;Nilem;7.28;5.19;27.8
15/02/26 05.15;Nilem;7.41;4.91;28.27
15/02/26 05.30;Nilem;7.34;4.78;28.38
15/02/26 05.45;Nilem;7.36;5.44;28.14
15/02/26 06.00;Nilem;7.34;4.99;28.32
15/02/26 06.15;Nilem;7.51;5.43;28.27
15/02/26 06.30;Nilem;7.3;5.58;28.01
15/02/26 06.45;Nilem;7.31;5.65;28.67
15/02/26 07.00;Nilem;7.4;5.41;28.46
15/02/26 07.15;Nilem;7.51;5.08;28.49
15/02/26 07.30;Nilem;7.77;5.44;28.65
15/02/26 07.45;Nilem;7.47;5.86;28.57
15/02/26 08.00;Nilem;7.56;5.72;28.66
15/02/26 08.15;Nilem;7.41;5.9;28.98
15/02/26 08.30;Nilem;7.4;5.86;28.69
15/02/26 08.45;Nilem;7.43;5.88;29.02
15/02/26 09.00;Nilem;7.34;4.92;28.44
15/02/26 09.15;Nilem;7.52;6.09;29.32
15/02/26 09.30;Nilem;7.55;5.59;29.58
15/02/26 09.45;Nilem;7.24;4.49;28.03
15/02/26 10.00;Nilem;7.57;6.35;29.34
15/02/26 10.15;Nilem;7.56;6.53;29.68
15/02/26 10.30;Nilem;7.53;6.23;29.36
15/02/26 10.45;Nilem;7.59;6.35;29.44
15/02/26 11.00;Nilem;7.55;5.99;28.78
15/02/26 11.15;Nilem;7.61;5.6;28.73
15/02/26 11.30;Nilem;7.49;6.53;28.72
15/02/26 11.45;Nilem;7.27;5.92;28.49
15/02/26 12.00;Nilem;7.55;6.36;29.6
15/02/26 12.15;Nilem;7.54;6.68;29.41
15/02/26 12.30;Nilem;7.47;6.72;29.47
15/02/26 12.45;Nilem;7.48;6.74;29.17
15/02/26 13.00;Nilem;7.6;6.57;29.77
15/02/26 13.15;Nilem;7.59;6.74;29.2
15/02/26 13.30;Nilem;7.4;6.95;29.05
15/02/26 13.45;Nilem;7.79;6.73;28.87
15/02/26 14.00;Nilem;7.64;7;28.37
15/02/26 14.15;Nilem;7.83;6.02;28.61
15/02/26 14.30;Nilem;7.87;6.08;28.89
15/02/26 14.45;Nilem;7.57;6.8;28.98
15/02/26 15.00;Nilem;7.58;6.73;28.82
15/02/26 15.15;Nilem;7.58;6.49;28.51
15/02/26 15.30;Nilem;7.5;6.44;28.16
15/02/26 15.45;Nilem;7.67;6.12;28.04
15/02/26 16.00;Nilem;7.68;5.64;27.26
15/02/26 16.15;Nilem;7.84;6.47;28.3
15/02/26 16.30;Nilem;7.51;5.86;27.35
15/02/26 16.45;Nilem;7.78;6.02;28.26
15/02/26 17.00;Nilem;7.54;4.69;26.78
15/02/26 17.15;Nilem;7.47;5.26;27.36
15/02/26 17.30;Nilem;7.81;5.51;27.8
15/02/26 17.45;Nilem;7.52;5.23;27.6
15/02/26 18.00;Nilem;7.67;5.97;27.28
15/02/26 18.15;Nilem;7.49;5.49;26.94
15/02/26 18.30;Nilem;7.61;5.43;26.91
15/02/26 18.45;Nilem;7.55;5.41;26.72
15/02/26 19.00;Nilem;7.45;5.28;26.69
15/02/26 19.15;Nilem;7.4;4.56;26.48
15/02/26 19.30;Nilem;7.44;5.38;26.76
15/02/26 19.45;Nilem;7.59;5.37;27.16
15/02/26 20.00;Nilem;7.66;5.17;26.62
15/02/26 20.15;Nilem;7.43;4.88;26.29
15/02/26 20.30;Nilem;7.67;5.09;26.22
15/02/26 20.45;Nilem;7.51;4.54;26.38
15/02/26 21.00;Nilem;7.31;4.35;25.55
15/02/26 21.15;Nilem;7.43;5.19;26.12
15/02/26 21.30;Nilem;7.64;4.94;25.98
15/02/26 21.45;Nilem;7.49;4.71;26.6
15/02/26 22.00;Nilem;7.36;4.63;26.4
15/02/26 22.15;Nilem;7.51;4.44;26.04
15/02/26 22.30;Nilem;7.44;4.28;26.63
15/02/26 22.45;Nilem;7.39;4.54;26.33
15/02/26 23.00;Nilem;7.32;4.35;26.32
15/02/26 23.15;Nilem;7.55;4.31;26.39
15/02/26 23.30;Nilem;7.56;4.76;26.27
15/02/26 23.45;Nilem;7.53;4.29;26.12
16/02/26 00.00;Nilem;7.37;4.41;25.51
16/02/26 00.15;Nilem;7.37;4.48;26.15
16/02/26 00.30;Nilem;7.48;4.15;26.59
16/02/26 00.45;Nilem;7.35;4.29;26.35
16/02/26 01.00;Nilem;7.55;4.61;26.17
16/02/26 01.15;Nilem;7.43;4.8;26.52
16/02/26 01.30;Nilem;7.5;4.42;26.3
16/02/26 01.45;Nilem;7.37;3.75;26.81
16/02/26 02.00;Nilem;7.49;4.48;26.43
16/02/26 02.15;Nilem;7.44;3.94;26.66
16/02/26 02.30;Nilem;7.6;4.48;27.21
16/02/26 02.45;Nilem;7.17;4.05;26.93
16/02/26 03.00;Nilem;7.33;3.84;26.65
16/02/26 03.15;Nilem;7.08;2.91;26.47
16/02/26 03.30;Nilem;7.51;4.5;27.53
16/02/26 03.45;Nilem;7.41;4.39;26.7
16/02/26 04.00;Nilem;7.04;3.51;26.49
16/02/26 04.15;Nilem;7.3;4.49;27.29
16/02/26 04.30;Nilem;7.69;5.04;27.76
16/02/26 04.45;Nilem;7.38;5.05;27.22
16/02/26 05.00;Nilem;7.47;4.75;27.68
16/02/26 05.15;Nilem;7.36;5.35;28.04
16/02/26 05.30;Nilem;7.33;4.44;27.97
16/02/26 05.45;Nilem;7.48;4.94;27.87
16/02/26 06.00;Nilem;7.65;5.75;28.43
16/02/26 06.15;Nilem;7.61;5.7;28.56
16/02/26 06.30;Nilem;7.52;5.54;28.39
16/02/26 06.45;Nilem;7.6;5.49;28.61
16/02/26 07.00;Nilem;7.54;5.52;28.27
16/02/26 07.15;Nilem;7.27;5.4;28.65
16/02/26 07.30;Nilem;7.45;5.52;28.51
16/02/26 07.45;Nilem;7.66;5.7;28.84
16/02/26 08.00;Nilem;7.47;5.88;29.1
16/02/26 08.15;Nilem;7.34;6.04;29.27
16/02/26 08.30;Nilem;7.48;5.97;29.43
16/02/26 08.45;Nilem;7.69;5.75;28.93
16/02/26 09.00;Nilem;7.54;5.77;29.14
16/02/26 09.15;Nilem;7.53;6.45;29.23
16/02/26 09.30;Nilem;7.46;6.04;29.23
16/02/26 09.45;Nilem;7.38;5.92;29.38
16/02/26 10.00;Nilem;7.56;6.42;29.17
16/02/26 10.15;Nilem;7.44;6.26;29.73
16/02/26 10.30;Nilem;7.46;6.5;29
16/02/26 10.45;Nilem;7.72;6.14;29.68
16/02/26 11.00;Nilem;7.57;6.47;29.39
16/02/26 11.15;Nilem;7.67;6.31;29.72
16/02/26 11.30;Nilem;7.72;6.5;29.33
16/02/26 11.45;Nilem;7.61;6.64;29.4
16/02/26 12.00;Nilem;7.71;6.66;29.38
16/02/26 12.15;Nilem;7.52;6.47;29.21
16/02/26 12.30;Nilem;7.56;6.59;29.37
16/02/26 12.45;Nilem;7.73;6.86;29.46
16/02/26 13.00;Nilem;7.62;6.83;29.06
16/02/26 13.15;Nilem;7.66;6.95;29.19
16/02/26 13.30;Nilem;7.66;6.29;29.21
16/02/26 13.45;Nilem;7.63;6.67;28.63
16/02/26 14.00;Nilem;7.64;6.31;29.44
16/02/26 14.15;Nilem;7.71;6.61;28.23
16/02/26 14.30;Nilem;7.75;6.85;28.68
16/02/26 14.45;Nilem;7.78;6.74;29.01
16/02/26 15.00;Nilem;7.8;6.74;28.54
16/02/26 15.15;Nilem;7.58;6.38;28.8
16/02/26 15.30;Nilem;7.52;6.28;28.35
16/02/26 15.45;Nilem;7.54;6.73;28.25
16/02/26 16.00;Nilem;7.61;6.47;28.53
16/02/26 16.15;Nilem;7.52;6.26;28.15
16/02/26 16.30;Nilem;7.53;6.56;28.11
16/02/26 16.45;Nilem;7.64;6.16;27.97
16/02/26 17.00;Nilem;7.34;5.5;27.24
16/02/26 17.15;Nilem;7.6;5.75;28.02
16/02/26 17.30;Nilem;7.38;6.02;27.63
16/02/26 17.45;Nilem;7.73;6.32;27.03
16/02/26 18.00;Nilem;7.63;5.39;26.97
16/02/26 18.15;Nilem;7.66;5.86;27.49
16/02/26 18.30;Nilem;7.67;5.92;26.93
16/02/26 18.45;Nilem;7.82;5.44;26.89
16/02/26 19.00;Nilem;7.58;5.12;26.77
16/02/26 19.15;Nilem;7.49;4.87;26.91
16/02/26 19.30;Nilem;7.59;4.7;26.44
16/02/26 19.45;Nilem;7.56;5.07;26.82
16/02/26 20.00;Nilem;7.67;5.18;27.04
16/02/26 20.15;Nilem;7.43;5.19;26.5
16/02/26 20.30;Nilem;7.72;5.27;26.46
16/02/26 20.45;Nilem;7.45;4.74;26.37
16/02/26 21.00;Nilem;7.55;4.09;26.17
16/02/26 21.15;Nilem;7.19;4.86;26.31
16/02/26 21.30;Nilem;7.51;4.88;26.25
16/02/26 21.45;Nilem;7.27;4.3;26.14
16/02/26 22.00;Nilem;7.3;4.52;26.15
16/02/26 22.15;Nilem;7.59;4.58;26.43
16/02/26 22.30;Nilem;7.38;4.34;25.72
16/02/26 22.45;Nilem;7.42;4.3;25.83
16/02/26 23.00;Nilem;7.58;4.21;26.1
16/02/26 23.15;Nilem;7.44;4.65;26.58
16/02/26 23.30;Nilem;7.34;4.44;26.18
16/02/26 23.45;Nilem;7.38;4.07;26.26
17/02/26 00.00;Nilem;7.44;4.17;26.36
17/02/26 00.15;Nilem;7.32;4.27;26.26
17/02/26 00.30;Nilem;7.26;4.37;25.85
17/02/26 00.45;Nilem;7.41;4.04;26.37
17/02/26 01.00;Nilem;7.44;3.99;26.02
17/02/26 01.15;Nilem;7.27;3.94;26.51
17/02/26 01.30;Nilem;7.11;4.42;26.54
17/02/26 01.45;Nilem;7.4;5.03;26.6
17/02/26 02.00;Nilem;7.34;4.12;26.94
17/02/26 02.15;Nilem;7.6;4.47;27.01
17/02/26 02.30;Nilem;7.62;4.24;26.85
17/02/26 02.45;Nilem;7.44;4.57;26.62
17/02/26 03.00;Nilem;7.51;4.33;27.6
17/02/26 03.15;Nilem;7.29;4.74;27.75
17/02/26 03.30;Nilem;7.42;4.52;27.35
17/02/26 03.45;Nilem;7.52;4.68;27.6
17/02/26 04.00;Nilem;7.4;4.63;27.68
17/02/26 04.15;Nilem;7.38;4.66;27.55
17/02/26 04.30;Nilem;7.25;5.08;27.19
17/02/26 04.45;Nilem;7.29;4.84;27.74
17/02/26 05.00;Nilem;7.2;4.92;27.87
17/02/26 05.15;Nilem;7.34;4.92;27.89
17/02/26 05.30;Nilem;7.52;4.81;27.86
17/02/26 05.45;Nilem;7.44;5.11;28.3
17/02/26 06.00;Nilem;7.52;5.65;28.35
17/02/26 06.15;Nilem;7.51;5.21;28.19
17/02/26 06.30;Nilem;7.53;5.41;28.36
17/02/26 06.45;Nilem;7.52;4.89;28.5
17/02/26 07.00;Nilem;7.36;5.7;28.63
17/02/26 07.15;Nilem;7.47;5.57;28.67
17/02/26 07.30;Nilem;7.23;5.63;29.22
17/02/26 07.45;Nilem;7.48;4.81;28.76
17/02/26 08.00;Nilem;7.69;6.01;28.88
17/02/26 08.15;Nilem;7.47;5.99;28.87
17/02/26 08.30;Nilem;7.42;5.83;28.84
17/02/26 08.45;Nilem;7.61;6.14;28.98
17/02/26 09.00;Nilem;7.67;5.83;28.8
17/02/26 09.15;Nilem;7.7;6.16;29.37
17/02/26 09.30;Nilem;7.46;5.98;29.47
17/02/26 09.45;Nilem;7.51;6.08;29.22
17/02/26 10.00;Nilem;7.4;6.17;29.21
17/02/26 10.15;Nilem;7.31;6.09;28.64
17/02/26 10.30;Nilem;7.62;6.52;29.15
17/02/26 10.45;Nilem;7.3;6.06;28.7
17/02/26 11.00;Nilem;7.49;6.19;29.53
17/02/26 11.15;Nilem;7.63;5.68;29.32
17/02/26 11.30;Nilem;7.55;6.06;28.7
17/02/26 11.45;Nilem;7.68;6.41;29.57
17/02/26 12.00;Nilem;7.48;6.29;29.61
17/02/26 12.15;Nilem;7.51;6.66;29.03
17/02/26 12.30;Nilem;7.42;6.03;29.28
17/02/26 12.45;Nilem;7.44;6.33;29.09
17/02/26 13.00;Nilem;7.62;6.28;29.05
17/02/26 13.15;Nilem;7.65;6.64;29.02
17/02/26 13.30;Nilem;7.57;6.39;28.86
17/02/26 13.45;Nilem;7.55;6.99;29.04
17/02/26 14.00;Nilem;7.43;6.7;28.84
17/02/26 14.15;Nilem;7.81;6.75;29.21
17/02/26 14.30;Nilem;7.46;6.64;28.85
17/02/26 14.45;Nilem;7.66;6.62;28.42
17/02/26 15.00;Nilem;7.54;6.61;28.37
17/02/26 15.15;Nilem;7.55;6.59;28.39
17/02/26 15.30;Nilem;7.52;6.63;28.18
17/02/26 15.45;Nilem;7.62;6.16;28.52
17/02/26 16.00;Nilem;7.49;6.09;28.38
17/02/26 16.15;Nilem;7.59;6.21;28.16
17/02/26 16.30;Nilem;7.51;6.55;27.98
17/02/26 16.45;Nilem;7.53;5.71;27.78
17/02/26 17.00;Nilem;7.55;5.75;27.81
17/02/26 17.15;Nilem;7.59;6.11;27.91
17/02/26 17.30;Nilem;7.38;6.11;27.26
17/02/26 17.45;Nilem;7.51;5.65;27.05
17/02/26 18.00;Nilem;7.3;4.88;26.44
17/02/26 18.15;Nilem;7.43;5.3;27.23
17/02/26 18.30;Nilem;7.55;5.48;27.25
17/02/26 18.45;Nilem;7.79;5.52;26.39
17/02/26 19.00;Nilem;7.22;4.32;26.29
17/02/26 19.15;Nilem;7.39;5.69;26.92
17/02/26 19.30;Nilem;7.37;5.23;26.48
17/02/26 19.45;Nilem;7.35;4.99;26.3
17/02/26 20.00;Nilem;7.31;5.55;26.43
17/02/26 20.15;Nilem;7.57;4.83;26.17
17/02/26 20.30;Nilem;7.38;4.8;26.04
17/02/26 20.45;Nilem;7.45;4.52;26.14
17/02/26 21.00;Nilem;7.37;5.01;26.41
17/02/26 21.15;Nilem;7.46;4.61;25.85
17/02/26 21.30;Nilem;7.27;3.89;25.69
17/02/26 21.45;Nilem;7.39;4.35;25.58
17/02/26 22.00;Nilem;7.49;4.25;25.87
17/02/26 22.15;Nilem;7.33;5.41;26.05
17/02/26 22.30;Nilem;7.45;4.42;25.85
17/02/26 22.45;Nilem;7.42;4.28;26.35
17/02/26 23.00;Nilem;7.3;4.5;26.42
17/02/26 23.15;Nilem;7.52;4.59;26.05
17/02/26 23.30;Nilem;7.34;4.37;26.26
17/02/26 23.45;Nilem;7.39;4.53;26.14
18/02/26 00.00;Nilem;7.43;3.57;26.07
18/02/26 00.15;Nilem;7.37;3.83;26.19
18/02/26 00.30;Nilem;7.55;4.15;26.13
18/02/26 00.45;Nilem;7.35;4.04;25.86
18/02/26 01.00;Nilem;7.44;4.25;26.12
18/02/26 01.15;Nilem;7.41;3.51;25.83
18/02/26 01.30;Nilem;7.36;4.6;26.79
18/02/26 01.45;Nilem;7.3;4.1;26.36
18/02/26 02.00;Nilem;7.08;2.62;25.8
18/02/26 02.15;Nilem;7.22;4.27;26.49
18/02/26 02.30;Nilem;7.5;4.41;26.85
18/02/26 02.45;Nilem;7.25;4.6;27.01
18/02/26 03.00;Nilem;7.36;4.37;27.18
18/02/26 03.15;Nilem;7.47;4.52;27.02
18/02/26 03.30;Nilem;7.49;4.61;27.32
18/02/26 03.45;Nilem;7.3;4.84;27.58
18/02/26 04.00;Nilem;7.26;5.16;26.99
18/02/26 04.15;Nilem;7.37;5.2;27.66
18/02/26 04.30;Nilem;7.35;4.54;27.47
18/02/26 04.45;Nilem;7.16;4.82;27.76
18/02/26 05.00;Nilem;7.43;5.05;28.04
18/02/26 05.15;Nilem;7.41;4.86;28.19
18/02/26 05.30;Nilem;7.43;5.18;28.59
18/02/26 05.45;Nilem;7.61;5.15;27.82
18/02/26 06.00;Nilem;7.31;5.23;28.32
18/02/26 06.15;Nilem;7.34;5.29;28.48
18/02/26 06.30;Nilem;7.43;5.2;28.81
18/02/26 06.45;Nilem;7.31;5.27;28.74
18/02/26 07.00;Nilem;7.39;5.7;28.34
18/02/26 07.15;Nilem;7.47;5.75;28.67
18/02/26 07.30;Nilem;7.53;5.87;28.71
18/02/26 07.45;Nilem;7.61;6.08;29.22
18/02/26 08.00;Nilem;7.65;5.86;28.29
18/02/26 08.15;Nilem;7.4;5.7;29.17
18/02/26 08.30;Nilem;7.62;6.16;28.87
18/02/26 08.45;Nilem;7.5;6.23;29.25
18/02/26 09.00;Nilem;7.62;6.55;28.59
18/02/26 09.15;Nilem;7.64;6.28;29.31
18/02/26 09.30;Nilem;7.48;6.07;29.28
18/02/26 09.45;Nilem;7.55;6.02;29.38
18/02/26 10.00;Nilem;7.54;6.22;29.27
18/02/26 10.15;Nilem;7.54;6.31;29.33
18/02/26 10.30;Nilem;7.69;6.35;29.53
18/02/26 10.45;Nilem;7.49;6.45;29.55
18/02/26 11.00;Nilem;7.69;6.48;29.41
18/02/26 11.15;Nilem;7.77;6.35;29.39
18/02/26 11.30;Nilem;7.58;6.49;29.36
18/02/26 11.45;Nilem;7.67;6.31;29.3
18/02/26 12.00;Nilem;7.49;6.45;29.63
18/02/26 12.15;Nilem;7.56;6.75;29.17
18/02/26 12.30;Nilem;7.52;6.48;29.04
18/02/26 12.45;Nilem;7.5;6.58;28.98
18/02/26 13.00;Nilem;7.7;6.91;29.18
18/02/26 13.15;Nilem;7.53;7.26;28.93
18/02/26 13.30;Nilem;7.74;6.65;29.35
18/02/26 13.45;Nilem;7.79;6.69;29.04
18/02/26 14.00;Nilem;7.52;6.46;28.96
18/02/26 14.15;Nilem;7.56;6.61;28.37
18/02/26 14.30;Nilem;7.61;6.58;28.36
18/02/26 14.45;Nilem;7.61;6.75;28.49
18/02/26 15.00;Nilem;7.49;6.5;28.2
18/02/26 15.15;Nilem;7.68;6.54;28.75
18/02/26 15.30;Nilem;7.54;6.69;28.27
18/02/26 15.45;Nilem;7.71;6.82;27.94
18/02/26 16.00;Nilem;7.43;6.62;28.22
18/02/26 16.15;Nilem;7.65;6.68;28.09
18/02/26 16.30;Nilem;7.61;5.94;27.87
18/02/26 16.45;Nilem;7.71;5.83;27.69
18/02/26 17.00;Nilem;7.46;6.11;27.78
18/02/26 17.15;Nilem;7.74;6.15;27.76
18/02/26 17.30;Nilem;7.5;5.88;27.57
18/02/26 17.45;Nilem;7.48;5.72;27.54
18/02/26 18.00;Nilem;7.55;5.96;27.47
18/02/26 18.15;Nilem;7.57;6.13;26.6
18/02/26 18.30;Nilem;7.54;5.9;26.82
18/02/26 18.45;Nilem;7.56;5.78;26.7
18/02/26 19.00;Nilem;7.56;5.42;26.88
18/02/26 19.15;Nilem;7.53;5.36;27.03
18/02/26 19.30;Nilem;7.61;5.19;26.94
18/02/26 19.45;Nilem;7.48;5.29;26.59
18/02/26 20.00;Nilem;7.4;4.9;26.33
18/02/26 20.15;Nilem;7.51;5.33;26.65
18/02/26 20.30;Nilem;7.44;5.15;26.19
18/02/26 20.45;Nilem;7.62;4.53;26.56
18/02/26 21.00;Nilem;7.46;4.98;26.26
18/02/26 21.15;Nilem;7.63;5.09;26.09
18/02/26 21.30;Nilem;7.4;4.79;26.21
18/02/26 21.45;Nilem;7.35;4.87;26
18/02/26 22.00;Nilem;7.51;4.67;26.25
18/02/26 22.15;Nilem;7.46;4.81;26.17
18/02/26 22.30;Nilem;7.33;4.6;26.29
18/02/26 22.45;Nilem;7.28;4.43;26.18
18/02/26 23.00;Nilem;7.37;4.61;25.65
18/02/26 23.15;Nilem;7.34;4.62;26.31
18/02/26 23.30;Nilem;7.19;4.29;26.16
18/02/26 23.45;Nilem;7.48;4.55;25.95
19/02/26 00.00;Nilem;7.4;4.06;25.96
19/02/26 00.15;Nilem;7.21;3.89;25.3
19/02/26 00.30;Nilem;7.35;4.26;26.15
19/02/26 00.45;Nilem;7.39;3.88;25.58
19/02/26 01.00;Nilem;7.18;2.93;25.66
19/02/26 01.15;Nilem;7.45;4.15;26.34
19/02/26 01.30;Nilem;7.28;4.25;26.6
19/02/26 01.45;Nilem;7.32;4.16;26.55
19/02/26 02.00;Nilem;7.05;3.32;26.49
19/02/26 02.15;Nilem;7.16;4.36;26.69
19/02/26 02.30;Nilem;7.28;4.19;26.83
19/02/26 02.45;Nilem;7.26;4.52;26.93
19/02/26 03.00;Nilem;7.43;4.62;26.46
19/02/26 03.15;Nilem;7.38;4.81;27.31
19/02/26 03.30;Nilem;7.4;4.6;26.79
19/02/26 03.45;Nilem;7.34;4.49;27.5
19/02/26 04.00;Nilem;7.35;4.79;27.49
19/02/26 04.15;Nilem;7.31;4.61;27.76
19/02/26 04.30;Nilem;7.48;4.44;27.44
19/02/26 04.45;Nilem;7.28;4.91;27.72
19/02/26 05.00;Nilem;7.38;4.71;27.69
19/02/26 05.15;Nilem;7.47;4.77;28.14
19/02/26 05.30;Nilem;7.39;5.15;28.13
19/02/26 05.45;Nilem;7.29;5.3;27.75
19/02/26 06.00;Nilem;7.38;5.05;28.13
19/02/26 06.15;Nilem;7.53;5.38;27.91
19/02/26 06.30;Nilem;7.37;3.96;27.5
19/02/26 06.45;Nilem;7.12;4.26;27.79
19/02/26 07.00;Nilem;7.34;4.14;27.92
19/02/26 07.15;Nilem;7.21;4.12;27.9
19/02/26 07.30;Nilem;7.28;4.41;27.82
19/02/26 07.45;Nilem;7.29;4.93;28.18
19/02/26 08.00;Nilem;7.17;4.54;28.05
19/02/26 08.15;Nilem;7.3;4.28;28.13
19/02/26 08.30;Nilem;7.21;5.07;28.21
19/02/26 08.45;Nilem;7.3;4.61;28.18
19/02/26 09.00;Nilem;7.61;5.46;28.75
19/02/26 09.15;Nilem;7.49;4.71;28.35
19/02/26 09.30;Nilem;7.35;5.15;28.87
19/02/26 09.45;Nilem;7.16;4.49;28.65
19/02/26 10.00;Nilem;7.45;5.27;28.24
19/02/26 10.15;Nilem;7.47;5.81;28.83
19/02/26 10.30;Nilem;7.49;5.78;28.92
19/02/26 10.45;Nilem;7.53;5.72;28.89
19/02/26 11.00;Nilem;7.18;5.53;28.81
19/02/26 11.15;Nilem;7.4;5.07;28.29
19/02/26 11.30;Nilem;7.28;6.3;28.58
19/02/26 11.45;Nilem;7.44;5.06;28.08
19/02/26 12.00;Nilem;7.38;5.15;28.37
19/02/26 12.15;Nilem;7.53;5.69;28.96
19/02/26 12.30;Nilem;7.12;5.64;28.33
19/02/26 12.45;Nilem;7.44;5.07;27.6
19/02/26 13.00;Nilem;7.55;5.77;28.3
19/02/26 13.15;Nilem;7.69;6.02;28.22
19/02/26 13.30;Nilem;7.5;5.25;28.09
19/02/26 13.45;Nilem;7.49;5.59;27.87
19/02/26 14.00;Nilem;7.43;6.26;28.67
19/02/26 14.15;Nilem;7.33;4.99;27.67
19/02/26 14.30;Nilem;7.5;5.62;28.84
19/02/26 14.45;Nilem;7.36;4.91;28.24
19/02/26 15.00;Nilem;7.33;4.84;27.31
19/02/26 15.15;Nilem;7.38;5.59;27.71
19/02/26 15.30;Nilem;7.49;5.94;27.79
19/02/26 15.45;Nilem;7.47;5.21;27.55
19/02/26 16.00;Nilem;7.28;6.18;27.14
19/02/26 16.15;Nilem;7.48;5.41;27.45
19/02/26 16.30;Nilem;7.33;4.75;27.29
19/02/26 16.45;Nilem;7.57;5.03;27.06
19/02/26 17.00;Nilem;7.32;4.93;26.71
19/02/26 17.15;Nilem;7.44;5.19;26.85
19/02/26 17.30;Nilem;7.54;5.18;27.23
19/02/26 17.45;Nilem;7.33;5.15;26.97
19/02/26 18.00;Nilem;7.59;4.82;26.88
19/02/26 18.15;Nilem;7.34;4.54;26.42
19/02/26 18.30;Nilem;7.28;4.8;26.75
19/02/26 18.45;Nilem;7.25;4.17;26.11
19/02/26 19.00;Nilem;7.19;4.33;26.47
19/02/26 19.15;Nilem;7.41;3.96;26.28
19/02/26 19.30;Nilem;7.28;4.4;25.98
19/02/26 19.45;Nilem;7.21;3.87;25.77
19/02/26 20.00;Nilem;7.12;4.57;25.93
19/02/26 20.15;Nilem;7.03;3.6;25.58
19/02/26 20.30;Nilem;7.09;3.82;25.93
19/02/26 20.45;Nilem;7.29;3.77;25.7
19/02/26 21.00;Nilem;7.23;3.82;25.46
19/02/26 21.15;Nilem;7.19;3.58;25.1
19/02/26 21.30;Nilem;6.95;3.67;25.85
19/02/26 21.45;Nilem;7.15;3.55;24.8
19/02/26 22.00;Nilem;6.98;3.15;25.15
19/02/26 22.15;Nilem;7.34;3.38;25.08
19/02/26 22.30;Nilem;7.28;3.36;25.06
19/02/26 22.45;Nilem;7.16;3.69;25.85
19/02/26 23.00;Nilem;7.28;3.61;26
19/02/26 23.15;Nilem;7.36;3.43;25.89
19/02/26 23.30;Nilem;7.18;3.53;25.92
19/02/26 23.45;Nilem;7.17;3.51;25.49
20/02/26 00.00;Nilem;7.27;3.46;25.73
20/02/26 00.15;Nilem;7.25;2.78;25.28
20/02/26 00.30;Nilem;7.12;3.71;25.78
20/02/26 00.45;Nilem;7.19;3.85;25.96
20/02/26 01.00;Nilem;7.06;3.14;26.18
20/02/26 01.15;Nilem;7.12;3.57;25.57
20/02/26 01.30;Nilem;7.02;2.6;25.72
20/02/26 01.45;Nilem;7.06;2.61;25.91
20/02/26 02.00;Nilem;7.4;3.01;25.56
20/02/26 02.15;Nilem;7.27;3.7;26.22
20/02/26 02.30;Nilem;7.15;2.83;25.69
20/02/26 02.45;Nilem;7.07;3.02;26.29
20/02/26 03.00;Nilem;7.03;3.02;25.64
20/02/26 03.15;Nilem;7.03;3.53;25.96
20/02/26 03.30;Nilem;7.28;4.15;26.61
20/02/26 03.45;Nilem;7.22;3.2;26.62
20/02/26 04.00;Nilem;7.1;3.84;26.85
20/02/26 04.15;Nilem;7.41;3.31;26.35
20/02/26 04.30;Nilem;7.29;3.19;26.46
20/02/26 04.45;Nilem;7.19;3.37;26.28
20/02/26 05.00;Nilem;7.21;3.38;26.62
20/02/26 05.15;Nilem;7.21;3.92;27.12
20/02/26 05.30;Nilem;7.13;3.92;27.15
20/02/26 05.45;Nilem;7.11;3.57;26.94
20/02/26 06.00;Nilem;7.07;3.72;27
20/02/26 06.15;Nilem;7.27;3.78;27.23
20/02/26 06.30;Nilem;7.32;3.79;26.99
20/02/26 06.45;Nilem;7.24;3.95;27.65
20/02/26 07.00;Nilem;7.26;4.75;27.19
20/02/26 07.15;Nilem;7.19;4.44;27.87
20/02/26 07.30;Nilem;7.21;4.16;27.28
20/02/26 07.45;Nilem;7.3;4.42;28.26
20/02/26 08.00;Nilem;7.08;4.27;27.59
20/02/26 08.15;Nilem;7.38;4.85;28.27
20/02/26 08.30;Nilem;7.31;5.11;28.01
20/02/26 08.45;Nilem;7.42;5.18;28.14
20/02/26 09.00;Nilem;7.34;5.16;28.27
20/02/26 09.15;Nilem;7.27;5;28.06
20/02/26 09.30;Nilem;7.43;5.13;28.61
20/02/26 09.45;Nilem;7.36;5.62;28.73
20/02/26 10.00;Nilem;7.35;4.88;28.21
20/02/26 10.15;Nilem;7.43;5.12;28.11
20/02/26 10.30;Nilem;7.48;6.4;28.85
20/02/26 10.45;Nilem;7.62;6.51;29.63
20/02/26 11.00;Nilem;7.54;6.68;30
20/02/26 11.15;Nilem;7.77;6.56;29.68
20/02/26 11.30;Nilem;7.6;6.76;29.22
20/02/26 11.45;Nilem;7.5;6.26;29.34
20/02/26 12.00;Nilem;7.65;6.47;29.39
20/02/26 12.15;Nilem;7.68;6.87;29.41
20/02/26 12.30;Nilem;7.57;6.07;29.18
20/02/26 12.45;Nilem;7.79;6.66;29.01
20/02/26 13.00;Nilem;7.75;7.09;28.82
20/02/26 13.15;Nilem;7.62;6.83;29.08
20/02/26 13.30;Nilem;7.74;6.85;29.38
20/02/26 13.45;Nilem;7.49;6.41;28.29
20/02/26 14.00;Nilem;7.53;6.56;29.23
20/02/26 14.15;Nilem;7.56;6.85;28.75
20/02/26 14.30;Nilem;7.51;6.68;28.5
20/02/26 14.45;Nilem;7.72;6.2;28.87
20/02/26 15.00;Nilem;7.56;6.64;28.51
20/02/26 15.15;Nilem;7.58;6.21;28.74
20/02/26 15.30;Nilem;7.62;6.38;28.56
20/02/26 15.45;Nilem;7.66;6.28;28.11
20/02/26 16.00;Nilem;7.43;6.41;28.53
20/02/26 16.15;Nilem;7.57;6.56;28.44
20/02/26 16.30;Nilem;7.49;6.63;27.93
20/02/26 16.45;Nilem;7.48;5.93;28.01
20/02/26 17.00;Nilem;7.5;5.8;27.7
20/02/26 17.15;Nilem;7.53;6.2;28.04
20/02/26 17.30;Nilem;7.53;6.06;27.36
20/02/26 17.45;Nilem;7.43;6.01;27.41
20/02/26 18.00;Nilem;7.37;5.4;27.03
20/02/26 18.15;Nilem;7.51;5.92;27.15
20/02/26 18.30;Nilem;7.54;5.52;27.21
20/02/26 18.45;Nilem;7.53;5.51;26.8
20/02/26 19.00;Nilem;7.77;5.91;27.09
20/02/26 19.15;Nilem;7.64;5.62;27.25
20/02/26 19.30;Nilem;7.54;5.19;26.72
20/02/26 19.45;Nilem;7.66;5.13;26.88
20/02/26 20.00;Nilem;7.55;5.36;26.62
20/02/26 20.15;Nilem;7.53;5.15;26.93
20/02/26 20.30;Nilem;7.69;5.07;26.5
20/02/26 20.45;Nilem;7.51;4.87;26.96
20/02/26 21.00;Nilem;7.69;5.23;26.91
20/02/26 21.15;Nilem;7.43;4.82;26.24
20/02/26 21.30;Nilem;7.57;5.16;26.56
20/02/26 21.45;Nilem;7.52;4.76;26.18
20/02/26 22.00;Nilem;7.42;4.7;26.44
20/02/26 22.15;Nilem;7.36;4.6;26.02
20/02/26 22.30;Nilem;7.52;4.53;26.12
20/02/26 22.45;Nilem;7.21;3.76;25.88
20/02/26 23.00;Nilem;7.23;4.2;26.59
20/02/26 23.15;Nilem;7.34;4.34;26.5
20/02/26 23.30;Nilem;7.34;4.39;26.01
20/02/26 23.45;Nilem;7.42;4.33;26.18
21/02/26 00.00;Nilem;7.37;4.45;26.51
21/02/26 00.15;Nilem;7.27;3.97;26.29
21/02/26 00.30;Nilem;7.17;3.89;25.4
21/02/26 00.45;Nilem;7.42;4.26;26.12
21/02/26 01.00;Nilem;7.31;4.13;26.41
21/02/26 01.15;Nilem;7.31;4.51;26.3
21/02/26 01.30;Nilem;7.02;3.26;25.61
21/02/26 01.45;Nilem;7.26;3.84;26.29
21/02/26 02.00;Nilem;7.42;4.56;26.46
21/02/26 02.15;Nilem;6.99;3.35;25.84
21/02/26 02.30;Nilem;7.34;3.7;26.55
21/02/26 02.45;Nilem;7.56;4.41;26.62
21/02/26 03.00;Nilem;7.45;4.54;26.91
21/02/26 03.15;Nilem;7.47;4.39;27.17
21/02/26 03.30;Nilem;7.57;4.64;27.03
21/02/26 03.45;Nilem;7.49;4.5;27.29
21/02/26 04.00;Nilem;7.35;4.99;27.59
21/02/26 04.15;Nilem;7.24;4.57;27.61
21/02/26 04.30;Nilem;7.54;4.93;27.47
21/02/26 04.45;Nilem;7.42;5.13;27.51
21/02/26 05.00;Nilem;7.32;4.64;27.83
21/02/26 05.15;Nilem;7.34;4.8;27.96
21/02/26 05.30;Nilem;7.69;5.04;28.55
21/02/26 05.45;Nilem;7.37;5.25;28.05
21/02/26 06.00;Nilem;7.44;4.95;28.43
21/02/26 06.15;Nilem;7.47;4.9;28.35
21/02/26 06.30;Nilem;7.28;5.16;28.17
21/02/26 06.45;Nilem;7.28;5.16;28.38
21/02/26 07.00;Nilem;7.58;5.35;28.64
21/02/26 07.15;Nilem;7.56;6;28.02
21/02/26 07.30;Nilem;7.53;5.43;28.85
21/02/26 07.45;Nilem;7.55;5.7;29.23
21/02/26 08.00;Nilem;7.48;6.02;28.98
21/02/26 08.15;Nilem;7.24;6.09;29.05
21/02/26 08.30;Nilem;7.49;6.11;28.85
21/02/26 08.45;Nilem;7.62;6.31;29.21
21/02/26 09.00;Nilem;7.49;5.94;29.23
21/02/26 09.15;Nilem;7.52;6.57;29.37
21/02/26 09.30;Nilem;7.52;5.79;29.23
21/02/26 09.45;Nilem;7.42;6.19;29.93
21/02/26 10.00;Nilem;7.78;6.05;29.01
21/02/26 10.15;Nilem;7.5;6.71;29.86
21/02/26 10.30;Nilem;7.7;5.74;28.87
21/02/26 10.45;Nilem;7.44;6.44;29.44
21/02/26 11.00;Nilem;7.39;6.13;29.38
21/02/26 11.15;Nilem;7.59;6.22;29.41
21/02/26 11.30;Nilem;7.61;6.61;28.98
21/02/26 11.45;Nilem;7.58;6.2;29.05
21/02/26 12.00;Nilem;7.52;6.46;29.32
21/02/26 12.15;Nilem;7.56;7.05;29.21
21/02/26 12.30;Nilem;7.7;6.49;29.7
21/02/26 12.45;Nilem;7.65;6.62;29.04
21/02/26 13.00;Nilem;7.44;5.99;28.82
21/02/26 13.15;Nilem;7.36;5.58;28.16
21/02/26 13.30;Nilem;7.43;6.22;29.17
21/02/26 13.45;Nilem;7.54;6.33;28.6
21/02/26 14.00;Nilem;7.69;6.66;29.19
21/02/26 14.15;Nilem;7.69;6.34;29.01
21/02/26 14.30;Nilem;7.61;6.57;29.04
21/02/26 14.45;Nilem;7.49;6.47;29.05
21/02/26 15.00;Nilem;7.69;6.44;28.48
21/02/26 15.15;Nilem;7.7;6.71;28.28
21/02/26 15.30;Nilem;7.59;6.45;28.42
21/02/26 15.45;Nilem;7.57;6.26;28.65
21/02/26 16.00;Nilem;7.49;6.31;27.79
21/02/26 16.15;Nilem;7.75;6.58;28.31
21/02/26 16.30;Nilem;7.47;6.23;28.15
21/02/26 16.45;Nilem;7.51;5.95;27.63
21/02/26 17.00;Nilem;7.51;6.12;27.88
21/02/26 17.15;Nilem;7.58;5.74;27.85
21/02/26 17.30;Nilem;7.62;6.15;27.79
21/02/26 17.45;Nilem;7.5;5.98;27.39
21/02/26 18.00;Nilem;7.65;5.98;27.35
21/02/26 18.15;Nilem;7.44;5.1;27.03
21/02/26 18.30;Nilem;7.73;5.99;27.04
21/02/26 18.45;Nilem;7.48;4.75;26.89
21/02/26 19.00;Nilem;7.38;5.18;27
21/02/26 19.15;Nilem;7.57;5.13;26.47
21/02/26 19.30;Nilem;7.69;4.77;26.16
21/02/26 19.45;Nilem;7.28;4.93;26.51
21/02/26 20.00;Nilem;7.29;5.22;26.24
21/02/26 20.15;Nilem;7.36;4.89;26.25
21/02/26 20.30;Nilem;7.35;4.88;26.61
21/02/26 20.45;Nilem;7.31;4.69;26.4
21/02/26 21.00;Nilem;7.52;4.89;26.15
21/02/26 21.15;Nilem;7.36;4.39;25.84
21/02/26 21.30;Nilem;7.46;4.54;26.37
21/02/26 21.45;Nilem;7.31;3.68;25.5
21/02/26 22.00;Nilem;7.34;4.66;26.16
21/02/26 22.15;Nilem;7.65;4.35;26.43
21/02/26 22.30;Nilem;7.28;4.33;26.44
21/02/26 22.45;Nilem;7.42;4.04;25.88
21/02/26 23.00;Nilem;7.52;4.83;26.24
21/02/26 23.15;Nilem;7.29;4.13;26.04
21/02/26 23.30;Nilem;7.28;4.3;26.25
21/02/26 23.45;Nilem;7.24;4.21;26.54
22/02/26 00.00;Nilem;7.24;3.9;26.02
22/02/26 00.15;Nilem;7.24;3.93;26.46
22/02/26 00.30;Nilem;7.42;4.71;25.96
22/02/26 00.45;Nilem;7.3;4.2;26.24
22/02/26 01.00;Nilem;7.52;4.33;26.1
22/02/26 01.15;Nilem;7.49;4.67;26.36
22/02/26 01.30;Nilem;7.45;4.13;26.44
22/02/26 01.45;Nilem;7.5;4.21;26.48
22/02/26 02.00;Nilem;7.31;4.27;26.51
22/02/26 02.15;Nilem;7.35;4.39;26.87
22/02/26 02.30;Nilem;7.45;4.11;26.61
22/02/26 02.45;Nilem;7.4;4.68;26.91
22/02/26 03.00;Nilem;7.41;4.12;26.83
22/02/26 03.15;Nilem;7.26;3.57;26.68
22/02/26 03.30;Nilem;7.46;4.1;27.33
22/02/26 03.45;Nilem;7.27;3.77;27.09
22/02/26 04.00;Nilem;7.37;4.77;27.24
22/02/26 04.15;Nilem;7.19;4.41;27.02
22/02/26 04.30;Nilem;7.43;4.56;27.87
22/02/26 04.45;Nilem;7.37;4.66;27.23
22/02/26 05.00;Nilem;7.49;4.83;28.05
22/02/26 05.15;Nilem;7.44;4.93;27.9
22/02/26 05.30;Nilem;7.43;5.21;28.03
22/02/26 05.45;Nilem;7.38;5.13;28.04
22/02/26 06.00;Nilem;7.44;5.16;28.31
22/02/26 06.15;Nilem;7.42;4.88;28.52
22/02/26 06.30;Nilem;7.33;5.22;28.12
22/02/26 06.45;Nilem;7.4;5.71;28.65
22/02/26 07.00;Nilem;7.57;5.4;28.32
22/02/26 07.15;Nilem;7.39;5.27;28.8
22/02/26 07.30;Nilem;7.49;5.69;28.6
22/02/26 07.45;Nilem;7.33;5.5;29.04
22/02/26 08.00;Nilem;7.46;5.39;28.19
22/02/26 08.15;Nilem;7.63;6.06;28.88
22/02/26 08.30;Nilem;7.32;5.66;28.74
22/02/26 08.45;Nilem;7.55;5.92;29.27
22/02/26 09.00;Nilem;7.54;5.94;29.18
22/02/26 09.15;Nilem;7.59;6.6;29.44
22/02/26 09.30;Nilem;7.61;5.64;29.59
22/02/26 09.45;Nilem;7.44;6.38;29.73
22/02/26 10.00;Nilem;7.46;6.79;29.34
22/02/26 10.15;Nilem;7.7;6.45;29.34
22/02/26 10.30;Nilem;7.64;6.4;29.4
22/02/26 10.45;Nilem;7.59;6.17;29.41
22/02/26 11.00;Nilem;7.38;6.35;29.61
22/02/26 11.15;Nilem;7.58;6.47;29.14
22/02/26 11.30;Nilem;7.54;6.38;29.66
22/02/26 11.45;Nilem;7.7;6.61;28.86
22/02/26 12.00;Nilem;7.57;6.42;30.21
22/02/26 12.15;Nilem;7.56;6.02;29.25
22/02/26 12.30;Nilem;7.5;6.78;29.68
22/02/26 12.45;Nilem;7.37;4.98;27.63
22/02/26 13.00;Nilem;7.42;5.55;27.78
22/02/26 13.15;Nilem;7.69;6.58;29.39
22/02/26 13.30;Nilem;7.59;6.65;29.47
22/02/26 13.45;Nilem;7.72;6.38;28.63
22/02/26 14.00;Nilem;7.62;6.83;28.86
22/02/26 14.15;Nilem;7.61;6.19;28.9
22/02/26 14.30;Nilem;7.58;6.39;28.85
22/02/26 14.45;Nilem;7.43;6.21;28.58
22/02/26 15.00;Nilem;7.59;6.24;28.62
22/02/26 15.15;Nilem;7.81;6.51;28.49
22/02/26 15.30;Nilem;7.67;6.94;28.3
22/02/26 15.45;Nilem;7.68;6.36;28.51
22/02/26 16.00;Nilem;7.59;6.53;27.9
22/02/26 16.15;Nilem;7.54;6.69;28
22/02/26 16.30;Nilem;7.69;6.35;28.11
22/02/26 16.45;Nilem;7.44;5.61;27.51
22/02/26 17.00;Nilem;7.54;5.77;27.71
22/02/26 17.15;Nilem;7.51;5.39;27.74
22/02/26 17.30;Nilem;7.66;5.82;27.9
22/02/26 17.45;Nilem;7.28;5.57;27.52
22/02/26 18.00;Nilem;7.38;5.17;27.16
22/02/26 18.15;Nilem;7.57;5.3;27.34
22/02/26 18.30;Nilem;7.6;5.82;26.97
22/02/26 18.45;Nilem;7.4;6.12;26.95
22/02/26 19.00;Nilem;7.58;5.88;27.04
22/02/26 19.15;Nilem;7.48;5.15;26.99
22/02/26 19.30;Nilem;7.41;5.37;26.79
22/02/26 19.45;Nilem;7.52;5.38;26.75
22/02/26 20.00;Nilem;7.29;5.15;26.5
22/02/26 20.15;Nilem;7.29;5.06;26.75
22/02/26 20.30;Nilem;7.4;5.03;26.54
22/02/26 20.45;Nilem;7.75;4.82;26.76
22/02/26 21.00;Nilem;7.55;4.68;26.96
22/02/26 21.15;Nilem;7.47;4.86;26.41
22/02/26 21.30;Nilem;7.52;4.73;26.29
22/02/26 21.45;Nilem;7.34;4.88;26.16
22/02/26 22.00;Nilem;7.36;4.66;26.38
22/02/26 22.15;Nilem;7.3;4.8;26.19
22/02/26 22.30;Nilem;7.39;4.37;26.38
22/02/26 22.45;Nilem;7.37;4.63;26.11
22/02/26 23.00;Nilem;7.25;5.08;26.22
22/02/26 23.15;Nilem;7.41;4.04;26.18
22/02/26 23.30;Nilem;7.35;4.15;26.2
22/02/26 23.45;Nilem;7.47;4.62;26.22
23/02/26 00.00;Nilem;7.56;4.63;26.48
23/02/26 00.15;Nilem;7.43;4.01;26.47
23/02/26 00.30;Nilem;7.33;4.02;26.48
23/02/26 00.45;Nilem;7.46;4.5;26.62
23/02/26 01.00;Nilem;7.33;4.74;26.65
23/02/26 01.15;Nilem;7.44;4.13;26.39
23/02/26 01.30;Nilem;7.55;4.18;27.13
23/02/26 01.45;Nilem;7.31;4.24;26.82
23/02/26 02.00;Nilem;7.48;4.49;26.98
23/02/26 02.15;Nilem;7.16;4.1;26.87
23/02/26 02.30;Nilem;7.41;4.36;26.39
23/02/26 02.45;Nilem;7.34;4.5;26.91
23/02/26 03.00;Nilem;7.19;4.26;27.1
23/02/26 03.15;Nilem;7.33;3.54;26.73
23/02/26 03.30;Nilem;6.9;3.18;26.3
23/02/26 03.45;Nilem;7.36;4.59;27.36
23/02/26 04.00;Nilem;7.33;4.47;27.01
23/02/26 04.15;Nilem;7.52;4.55;27.27
23/02/26 04.30;Nilem;7.53;4.9;27.73
23/02/26 04.45;Nilem;7.25;4.68;27.5
23/02/26 05.00;Nilem;7.34;4.72;27.69
23/02/26 05.15;Nilem;7.18;4.03;26.93
23/02/26 05.30;Nilem;7.41;5.15;28.02
23/02/26 05.45;Nilem;7.27;4.79;28.52
23/02/26 06.00;Nilem;7.36;5.76;28.03
23/02/26 06.15;Nilem;7.39;5.01;28.34
23/02/26 06.30;Nilem;7.16;4.01;27.85
23/02/26 06.45;Nilem;7.1;4.1;27.87
23/02/26 07.00;Nilem;7.46;5.15;28.64
23/02/26 07.15;Nilem;7.4;5.6;28.45
23/02/26 07.30;Nilem;7.6;5.74;29.2
23/02/26 07.45;Nilem;7.51;5.45;28.8
23/02/26 08.00;Nilem;7.55;5.99;28.91
23/02/26 08.15;Nilem;7.33;5.72;28.85
23/02/26 08.30;Nilem;7.54;5.7;29.13
23/02/26 08.45;Nilem;7.45;6.04;28.95
23/02/26 09.00;Nilem;7.47;6;29.14
23/02/26 09.15;Nilem;7.47;6.26;29.41
23/02/26 09.30;Nilem;7.51;5.96;29.17
23/02/26 09.45;Nilem;7.42;5.96;29.18
23/02/26 10.00;Nilem;7.58;6.33;29.33
23/02/26 10.15;Nilem;7.72;6.15;29.31
23/02/26 10.30;Nilem;7.52;6.52;29.35
23/02/26 10.45;Nilem;7.71;6.89;29.34
23/02/26 11.00;Nilem;7.66;6.96;29.86
23/02/26 11.15;Nilem;7.49;6.37;29.32
23/02/26 11.30;Nilem;7.66;6.8;29.66
23/02/26 11.45;Nilem;7.37;6.75;29.3
23/02/26 12.00;Nilem;7.51;6.47;29.62
23/02/26 12.15;Nilem;7.52;6.79;29.39
23/02/26 12.30;Nilem;7.37;6.75;29.68
23/02/26 12.45;Nilem;7.6;6.82;29.49
23/02/26 13.00;Nilem;7.63;6.7;29.24
23/02/26 13.15;Nilem;7.7;6.69;29.45
23/02/26 13.30;Nilem;7.71;6.79;29.34
23/02/26 13.45;Nilem;7.49;6.54;28.73
23/02/26 14.00;Nilem;7.87;6.77;28.69
23/02/26 14.15;Nilem;7.62;6.45;28.91
23/02/26 14.30;Nilem;7.69;6.54;28.57
23/02/26 14.45;Nilem;7.61;6.51;28.83
23/02/26 15.00;Nilem;7.54;6.45;28.67
23/02/26 15.15;Nilem;7.58;6.39;28.62
23/02/26 15.30;Nilem;7.59;6;28.21
23/02/26 15.45;Nilem;7.45;5.88;28.7
23/02/26 16.00;Nilem;7.69;6.56;27.74
23/02/26 16.15;Nilem;7.89;6.47;28.13
23/02/26 16.30;Nilem;7.49;6.1;28.2
23/02/26 16.45;Nilem;7.68;6.3;27.83
23/02/26 17.00;Nilem;7.39;6.44;27.54
23/02/26 17.15;Nilem;7.75;6.28;27.74
23/02/26 17.30;Nilem;7.71;5.99;27.45
23/02/26 17.45;Nilem;7.4;5.76;27.34
23/02/26 18.00;Nilem;7.58;5.46;27.34
23/02/26 18.15;Nilem;7.58;5.72;27.68
23/02/26 18.30;Nilem;7.55;5.54;26.99
23/02/26 18.45;Nilem;7.47;5.33;27.08
23/02/26 19.00;Nilem;7.44;5.48;27.04
23/02/26 19.15;Nilem;7.7;5.43;26.28
23/02/26 19.30;Nilem;7.33;5.18;26.87
23/02/26 19.45;Nilem;7.27;5.11;26.83
23/02/26 20.00;Nilem;7.43;5.03;27.06
23/02/26 20.15;Nilem;7.57;4.45;26.85
23/02/26 20.30;Nilem;7.52;5.1;26.6
23/02/26 20.45;Nilem;7.49;4.69;26.41
23/02/26 21.00;Nilem;7.51;4.73;26.3
23/02/26 21.15;Nilem;7.52;4.71;26.69
23/02/26 21.30;Nilem;7.3;4.81;26.53
23/02/26 21.45;Nilem;7.68;4.69;26.37
23/02/26 22.00;Nilem;7.52;4.62;26.66
23/02/26 22.15;Nilem;7.39;4.33;26.32
23/02/26 22.30;Nilem;7.56;4.68;26.13
23/02/26 22.45;Nilem;7.63;4.11;25.92
23/02/26 23.00;Nilem;7.37;4.44;26.29
23/02/26 23.15;Nilem;7.42;4.32;26.26
23/02/26 23.30;Nilem;7.07;4.01;25.78
23/02/26 23.45;Nilem;7.34;4.56;26.26
24/02/26 00.00;Nilem;7.43;4.17;26.37
24/02/26 00.15;Nilem;7.46;4.24;26.24
24/02/26 00.30;Nilem;7.24;4.84;26.66
24/02/26 00.45;Nilem;7.34;4.34;26.42
24/02/26 01.00;Nilem;7.37;3.69;26.09
24/02/26 01.15;Nilem;7.25;3.04;25.62
24/02/26 01.30;Nilem;7.36;3.89;26.65
24/02/26 01.45;Nilem;7.34;3.98;26.06
24/02/26 02.00;Nilem;7.56;4.25;26.65
24/02/26 02.15;Nilem;7.28;3.89;26.89
24/02/26 02.30;Nilem;7.43;4.25;26.75
24/02/26 02.45;Nilem;7.36;4.39;26.98
24/02/26 03.00;Nilem;7.55;4.54;27.08
24/02/26 03.15;Nilem;7.43;4.71;27.2
24/02/26 03.30;Nilem;7.42;4.83;27.17
24/02/26 03.45;Nilem;7.52;4.45;27.05
24/02/26 04.00;Nilem;7.49;4.72;27.1
24/02/26 04.15;Nilem;7.34;4.33;27.37
24/02/26 04.30;Nilem;7.39;4.92;27.9
24/02/26 04.45;Nilem;7.4;4.59;27.66
24/02/26 05.00;Nilem;7.57;5.08;27.52
24/02/26 05.15;Nilem;7.25;5.02;28.25
24/02/26 05.30;Nilem;7.23;5.09;28.29
24/02/26 05.45;Nilem;7.38;4.9;28.35
24/02/26 06.00;Nilem;7.61;5.07;28.54
24/02/26 06.15;Nilem;7.37;5.21;28.61
24/02/26 06.30;Nilem;7.21;5.34;28.56
24/02/26 06.45;Nilem;7.38;5.03;28.49
24/02/26 07.00;Nilem;7.54;5.15;28.44
24/02/26 07.15;Nilem;7.49;6;28.79
24/02/26 07.30;Nilem;7.43;5.51;28.77
24/02/26 07.45;Nilem;7.49;5.4;28.82
24/02/26 08.00;Nilem;7.5;5.71;28.85
24/02/26 08.15;Nilem;7.44;5.68;28.93
24/02/26 08.30;Nilem;7.67;5.65;29.37
24/02/26 08.45;Nilem;7.45;6.24;28.94
24/02/26 09.00;Nilem;7.49;6.18;28.92
24/02/26 09.15;Nilem;7.44;5.81;29.21
24/02/26 09.30;Nilem;7.59;5.89;29.37
24/02/26 09.45;Nilem;7.4;6.55;29.67
24/02/26 10.00;Nilem;7.45;5.93;29.11
24/02/26 10.15;Nilem;7.67;6.56;29.13
24/02/26 10.30;Nilem;7.41;6.04;29.49
24/02/26 10.45;Nilem;7.31;5.05;28.92
24/02/26 11.00;Nilem;7.53;6.07;29.52
24/02/26 11.15;Nilem;7.64;5.86;29.31
24/02/26 11.30;Nilem;7.54;6.04;29.51
24/02/26 11.45;Nilem;7.49;6.19;29
24/02/26 12.00;Nilem;7.62;6.64;29.77
24/02/26 12.15;Nilem;7.65;6.53;29.4
24/02/26 12.30;Nilem;7.5;6.87;29.14
24/02/26 12.45;Nilem;7.7;6.59;29.52
24/02/26 13.00;Nilem;7.76;5.8;29.21
24/02/26 13.15;Nilem;7.64;6.69;29.16
24/02/26 13.30;Nilem;7.46;6.93;28.54
24/02/26 13.45;Nilem;7.68;6.52;29.31
24/02/26 14.00;Nilem;7.58;6.87;29.09
24/02/26 14.15;Nilem;7.59;6.34;29.01
24/02/26 14.30;Nilem;7.65;6.57;29.08
24/02/26 14.45;Nilem;7.66;6.37;28.48
24/02/26 15.00;Nilem;7.62;6.09;28.53
24/02/26 15.15;Nilem;7.59;6.26;28.1
24/02/26 15.30;Nilem;7.79;5.7;28.83
24/02/26 15.45;Nilem;7.32;6.54;28.28
24/02/26 16.00;Nilem;7.66;6.27;27.83
24/02/26 16.15;Nilem;7.58;5.47;28.01
24/02/26 16.30;Nilem;7.71;5.81;28.1
24/02/26 16.45;Nilem;7.62;6.03;27.79
24/02/26 17.00;Nilem;7.45;5.98;27.4
24/02/26 17.15;Nilem;7.63;5.86;27.77
24/02/26 17.30;Nilem;7.46;5.89;27.62
24/02/26 17.45;Nilem;7.67;5.42;27.44
24/02/26 18.00;Nilem;7.66;5.82;27.64
24/02/26 18.15;Nilem;7.58;5.3;27.1
24/02/26 18.30;Nilem;7.57;5.58;27.4
24/02/26 18.45;Nilem;7.46;5.4;26.73
24/02/26 19.00;Nilem;7.39;5.38;26.68
24/02/26 19.15;Nilem;7.48;5.74;27.58
24/02/26 19.30;Nilem;7.47;5.16;26.76
24/02/26 19.45;Nilem;7.47;4.96;26.24
24/02/26 20.00;Nilem;7.29;3.95;26.47
24/02/26 20.15;Nilem;7.49;5.05;26.61
24/02/26 20.30;Nilem;7.26;4.63;25.72
24/02/26 20.45;Nilem;7.48;4.87;26.24
24/02/26 21.00;Nilem;7.4;4.95;26.58
24/02/26 21.15;Nilem;7.42;4.28;26.4
24/02/26 21.30;Nilem;7.45;5.35;26.65
24/02/26 21.45;Nilem;7.41;4.6;26.54
24/02/26 22.00;Nilem;7.43;4.5;26.26
24/02/26 22.15;Nilem;7.36;4.45;26.47
24/02/26 22.30;Nilem;7.43;4.7;26.25
24/02/26 22.45;Nilem;7.61;4.38;26.44
24/02/26 23.00;Nilem;7.33;4.05;25.87
24/02/26 23.15;Nilem;7.3;3.73;25.48
24/02/26 23.30;Nilem;7.06;3.02;25.44
24/02/26 23.45;Nilem;7.29;3.93;26.09
25/02/26 00.00;Nilem;7.23;3.93;26.39
25/02/26 00.15;Nilem;7.25;4.38;25.85
25/02/26 00.30;Nilem;7.13;3.58;25.93
25/02/26 00.45;Nilem;7.31;3.88;26.22
25/02/26 01.00;Nilem;7.37;4.28;26.11
25/02/26 01.15;Nilem;7.37;3.91;26.06
25/02/26 01.30;Nilem;7.12;3.49;26.52
25/02/26 01.45;Nilem;7.49;4.45;26.78
25/02/26 02.00;Nilem;7.52;4.38;26.97
25/02/26 02.15;Nilem;7.27;4.14;26.72
25/02/26 02.30;Nilem;7.45;4.56;26.92
25/02/26 02.45;Nilem;7.31;3.98;26.75
25/02/26 03.00;Nilem;7.43;4.28;26.54
25/02/26 03.15;Nilem;7.41;4.7;26.73
25/02/26 03.30;Nilem;7.52;4.37;27.15
25/02/26 03.45;Nilem;7.29;4.83;27.13
25/02/26 04.00;Nilem;7.54;4.22;27.26
25/02/26 04.15;Nilem;7.45;4.43;27.53
25/02/26 04.30;Nilem;7.42;4.81;27.8
25/02/26 04.45;Nilem;7.31;4.86;27.93
25/02/26 05.00;Nilem;7.49;4.82;28.13
25/02/26 05.15;Nilem;7.34;4.56;28.29
25/02/26 05.30;Nilem;7.45;4.68;28.15
25/02/26 05.45;Nilem;7.34;5.11;28.17
25/02/26 06.00;Nilem;7.67;4.88;28.14
25/02/26 06.15;Nilem;7.28;5.41;28.35
25/02/26 06.30;Nilem;7.42;5.23;28.32
25/02/26 06.45;Nilem;7.59;5.54;28.1
25/02/26 07.00;Nilem;7.49;5.71;28.4
25/02/26 07.15;Nilem;7.33;5.48;28.93
25/02/26 07.30;Nilem;7.51;5.7;28.6
25/02/26 07.45;Nilem;7.38;4.48;28.28
25/02/26 08.00;Nilem;7.55;5.6;29.1
25/02/26 08.15;Nilem;7.41;6.13;28.76
25/02/26 08.30;Nilem;7.56;5.93;29.35
25/02/26 08.45;Nilem;7.42;5.89;29.14
25/02/26 09.00;Nilem;7.57;5.71;29.56
25/02/26 09.15;Nilem;7.59;5.96;29.29
25/02/26 09.30;Nilem;7.54;5.9;29.11
25/02/26 09.45;Nilem;7.55;6.36;29.63
25/02/26 10.00;Nilem;7.54;6.01;29.28
25/02/26 10.15;Nilem;7.67;6.06;29.91
25/02/26 10.30;Nilem;7.56;6.68;29.38
25/02/26 10.45;Nilem;7.74;6.28;29.49
25/02/26 11.00;Nilem;7.69;6.13;29.28
25/02/26 11.15;Nilem;7.81;6.64;29.75
25/02/26 11.30;Nilem;7.61;6.28;29.37
25/02/26 11.45;Nilem;7.5;6.61;29.25
25/02/26 12.00;Nilem;7.67;6.63;29.3
25/02/26 12.15;Nilem;7.78;6.76;29.77
25/02/26 12.30;Nilem;7.5;7.04;29.05
25/02/26 12.45;Nilem;7.51;6.26;29.53
25/02/26 13.00;Nilem;7.5;6.7;29.01
25/02/26 13.15;Nilem;7.44;6.77;29.34
25/02/26 13.30;Nilem;7.54;6.12;28.58
25/02/26 13.45;Nilem;7.52;6.47;29.43
25/02/26 14.00;Nilem;7.54;6.91;28.88
25/02/26 14.15;Nilem;7.7;6.25;29.17
25/02/26 14.30;Nilem;7.61;6.73;28.76
25/02/26 14.45;Nilem;7.72;6.6;28.58
25/02/26 15.00;Nilem;7.69;6.3;28.3
25/02/26 15.15;Nilem;7.49;6.39;28.45
25/02/26 15.30;Nilem;7.62;6.03;28.84
25/02/26 15.45;Nilem;7.53;6.26;28.65
25/02/26 16.00;Nilem;7.41;6.08;27.94
25/02/26 16.15;Nilem;7.35;6.23;27.79
25/02/26 16.30;Nilem;7.58;6.5;27.56
25/02/26 16.45;Nilem;7.61;6.61;27.85
25/02/26 17.00;Nilem;7.63;6.08;27.77
25/02/26 17.15;Nilem;7.55;5.63;28.04
25/02/26 17.30;Nilem;7.43;5.92;27.48
25/02/26 17.45;Nilem;7.6;5.6;27.85
25/02/26 18.00;Nilem;7.55;5.9;28.02
25/02/26 18.15;Nilem;7.62;6.2;27.29
25/02/26 18.30;Nilem;7.36;4.88;26.85
25/02/26 18.45;Nilem;7.44;5.37;27.41
25/02/26 19.00;Nilem;7.45;5.53;27.08
25/02/26 19.15;Nilem;7.85;5.09;26.77
25/02/26 19.30;Nilem;7.42;5.28;27.17
25/02/26 19.45;Nilem;7.54;5.69;26.74
25/02/26 20.00;Nilem;7.59;4.72;27
25/02/26 20.15;Nilem;7.5;4.83;26.81
25/02/26 20.30;Nilem;7.45;5.11;26.68
25/02/26 20.45;Nilem;7.38;5.23;26.68
25/02/26 21.00;Nilem;7.59;4.37;26.85
25/02/26 21.15;Nilem;7.32;4.55;26.36
25/02/26 21.30;Nilem;7.55;5.08;26.39
25/02/26 21.45;Nilem;7.24;4.86;26.84
25/02/26 22.00;Nilem;7.34;4.59;26.73
25/02/26 22.15;Nilem;7.24;3.53;25.32
25/02/26 22.30;Nilem;7.44;4.47;25.95
25/02/26 22.45;Nilem;7.3;3.5;25.66
25/02/26 23.00;Nilem;7.46;4.35;26.37
25/02/26 23.15;Nilem;7.25;4.68;26.72
25/02/26 23.30;Nilem;7.18;4.14;26.3
25/02/26 23.45;Nilem;7.33;4.32;26.27
